sha256_16	taille_octets	chemin
2ca35e3a5d0cfd4c	6862	BRIEF.md
739bfbcdd7b8787e	5415	BRIEF_THERMIQUES.md
334203d349518240	66321	_orig_brianconnais.json
94eedf2ec3c7ca3c	1106	bing.sh
742847e633c47eef	19422	blocked_urls.txt
c1fe13317232e5d7	734	brave.sh
be8d0b3498188a6a	724	ddg.sh
b02f691770961fee	129710	docs/annecy_bornes_aravis/absolu_annecy.html
945440b254843d05	23616	docs/annecy_bornes_aravis/absolu_annecy.txt
d80cef47951c83b1	229704	docs/annecy_bornes_aravis/ada_gb.html
c69b649aa791ca78	10202	docs/annecy_bornes_aravis/ada_gb.txt
e33342ead3505a03	225914	docs/annecy_bornes_aravis/ada_laclusaz.html
c603fe0d72886e5a	10601	docs/annecy_bornes_aravis/ada_laclusaz.txt
58823f104eac54fd	106184	docs/annecy_bornes_aravis/ailes_cross.html
6dec11b8299d6521	3903	docs/annecy_bornes_aravis/ailes_cross.txt
fc14df9be7522662	107617	docs/annecy_bornes_aravis/ailes_faune.html
a1e91b4f5ad03291	4397	docs/annecy_bornes_aravis/ailes_faune.txt
11c6bd1fa01ab77b	144250	docs/annecy_bornes_aravis/ailes_hikeandfly.html
5b9526805da1fe5d	12377	docs/annecy_bornes_aravis/ailes_hikeandfly.txt
dc7bebd4c9d67ed0	138336	docs/annecy_bornes_aravis/ailes_meteo.html
5f3fd163026bbffc	5192	docs/annecy_bornes_aravis/ailes_meteo.txt
a45e2aeb0a22c217	35425	docs/annecy_bornes_aravis/airmotion_blog.html
26618b9a1023317d	2968	docs/annecy_bornes_aravis/airmotion_blog.txt
244122792280df73	17031	docs/annecy_bornes_aravis/amv.txt
667fd20a032b5538	155596	docs/annecy_bornes_aravis/amv_cross.html
81d2af450e1d5ebb	9539	docs/annecy_bornes_aravis/amv_cross.txt
f02129f4cc256e06	7624	docs/annecy_bornes_aravis/aspac_tournette.html
f9bf81659d67cef6	1260	docs/annecy_bornes_aravis/aspac_tournette.txt
691d13a554e7b4a3	12045	docs/annecy_bornes_aravis/barb_Site:FAVERGES.html
1b91961d727c10f3	2102	docs/annecy_bornes_aravis/barb_Site:FAVERGES.txt
242dc68cb4df8863	33449	docs/annecy_bornes_aravis/barb_Site:LA_CLUSAZ.html
759c658fc59f5023	10712	docs/annecy_bornes_aravis/barb_Site:LA_CLUSAZ.txt
76c19955a05bbeb1	22919	docs/annecy_bornes_aravis/barb_Site:Le_Grand_Bornand.html
b1c2140769f7756c	6064	docs/annecy_bornes_aravis/barb_Site:Le_Grand_Bornand.txt
7f7c3b33fbc6aed3	12021	docs/annecy_bornes_aravis/barb_Site:MANIGOD.html
0ea40d62f0acf123	2085	docs/annecy_bornes_aravis/barb_Site:MANIGOD.txt
3e4670fdce514016	12021	docs/annecy_bornes_aravis/barb_Site:MARLENS.html
602459f85423f522	2085	docs/annecy_bornes_aravis/barb_Site:MARLENS.txt
9a55f8a736ee7eac	11973	docs/annecy_bornes_aravis/barb_Site:NAVES.html
1fdc591e31606e03	2051	docs/annecy_bornes_aravis/barb_Site:NAVES.txt
d78716db0753b635	32363	docs/annecy_bornes_aravis/barb_Site:SALEVE.html
49ce1dc886d6a055	11025	docs/annecy_bornes_aravis/barb_Site:SALEVE.txt
f95cb0d16c45c8a6	12045	docs/annecy_bornes_aravis/barb_Site:SERRAVAL.html
7e20af017204bece	2102	docs/annecy_bornes_aravis/barb_Site:SERRAVAL.txt
f94296bf3e83a80f	12069	docs/annecy_bornes_aravis/barb_Site:SEYTHENEX.html
7a6d757b1181e2d2	2119	docs/annecy_bornes_aravis/barb_Site:SEYTHENEX.txt
4fa5165248cce191	11997	docs/annecy_bornes_aravis/barb_Site:THONES.html
25a778458530b3ab	2068	docs/annecy_bornes_aravis/barb_Site:THONES.txt
68895220bdd6eabe	11973	docs/annecy_bornes_aravis/barb_Site:UGINE.html
008d8dcc083659a7	2051	docs/annecy_bornes_aravis/barb_Site:UGINE.txt
6bfb6d57202d9331	298655	docs/annecy_bornes_aravis/biodiv.json
3f0ad050e9009536	1167283	docs/annecy_bornes_aravis/carte_vol_libre_annecy_aravis.pdf
5bc70c7fc3040584	52412	docs/annecy_bornes_aravis/cdv_tag_rdb.html
9251182ae6ed8f4c	23037	docs/annecy_bornes_aravis/cdv_tag_rdb.txt
4afdda92aea16fc0	36491	docs/annecy_bornes_aravis/cdv_vol28_forclaz.html
f29cb14a24c246ad	8748	docs/annecy_bornes_aravis/cdv_vol28_forclaz.txt
0e2c0125b25d38f9	5730	docs/annecy_bornes_aravis/cfd_20350010.html
4afb34d3bc6691ac	18	docs/annecy_bornes_aravis/cfd_20350010.txt
a2d4140ab6cc6946	206	docs/annecy_bornes_aravis/cj.txt
48d5fca2dad0d673	166378	docs/annecy_bornes_aravis/cv/alerte-nidification-du-gypaete-barbu.html
b9d6049ccb2dfb8a	22100	docs/annecy_bornes_aravis/cv/alerte-nidification-du-gypaete-barbu.txt
b6f97abc8d9ad6ce	90367	docs/annecy_bornes_aravis/cv/arrete-du-maire-de-talloires-n97-2020.html
cec0441de6831987	23967	docs/annecy_bornes_aravis/cv/arrete-du-maire-de-talloires-n97-2020.txt
2e6a100f853e3708	84695	docs/annecy_bornes_aravis/cv/asters-information-gypaetes-barbus.html
8455098761d50479	20298	docs/annecy_bornes_aravis/cv/asters-information-gypaetes-barbus.txt
22877971fdffc7e7	86782	docs/annecy_bornes_aravis/cv/avril-2019-zone-reglementee-temporaire-zrt-dans-le-secteur-faverges-albertville.html
85c1be011ce64185	19461	docs/annecy_bornes_aravis/cv/avril-2019-zone-reglementee-temporaire-zrt-dans-le-secteur-faverges-albertville.txt
5dc7c8ff8d5c044d	82014	docs/annecy_bornes_aravis/cv/inauguration-deco-de-la-sambuy.html
80a35bdf0d6816fb	17840	docs/annecy_bornes_aravis/cv/inauguration-deco-de-la-sambuy.txt
dedf847ecad1f74c	134708	docs/annecy_bornes_aravis/cv/les-ecoles-pro.html
2db6b5c62dc1e514	13416	docs/annecy_bornes_aravis/cv/les-ecoles-pro.txt
4a965b55ca31889e	145280	docs/annecy_bornes_aravis/cv/meteo.html
dbe284b1c037f761	13341	docs/annecy_bornes_aravis/cv/meteo.txt
ea65f29935d5b80a	86632	docs/annecy_bornes_aravis/cv/modification-des-espaces-aeriens-annecy-et-chambery-3-decembre-2020.html
1e41733b9887ebda	19355	docs/annecy_bornes_aravis/cv/modification-des-espaces-aeriens-annecy-et-chambery-3-decembre-2020.txt
c2edcf04e90170dd	91306	docs/annecy_bornes_aravis/cv/mvepa-competition-marche-vol-et-precision-datterrissage-2024-parcours-annecy.html
75714c945b7d2eef	20122	docs/annecy_bornes_aravis/cv/mvepa-competition-marche-vol-et-precision-datterrissage-2024-parcours-annecy.txt
23ec66e776a162e1	82468	docs/annecy_bornes_aravis/cv/navette-doussard-montmin-operationnelle-des-le-17-mai-2020.html
81cc4344bfc9bf1d	18208	docs/annecy_bornes_aravis/cv/navette-doussard-montmin-operationnelle-des-le-17-mai-2020.txt
512b3f25180d750a	96744	docs/annecy_bornes_aravis/cv/nouvelle-reglementation-de-la-reserve-nationale-de-chasse-et-de-faune-sauvage-des-bauges.html
42e884d2e4d20476	22033	docs/annecy_bornes_aravis/cv/nouvelle-reglementation-de-la-reserve-nationale-de-chasse-et-de-faune-sauvage-des-bauges.txt
8e2e6bb47b3f9575	89029	docs/annecy_bornes_aravis/cv/parc-naturel-regional-du-massis-des-bauges-bulles-de-quietudes-zms-vols-avec-les-rapaces.html
3ea1cd291447b71e	22704	docs/annecy_bornes_aravis/cv/parc-naturel-regional-du-massis-des-bauges-bulles-de-quietudes-zms-vols-avec-les-rapaces.txt
2e03c97755292afe	95145	docs/annecy_bornes_aravis/cv/partager-le-ciel-avec-le-couple-nicheur-de-larclosan.html
59d799d4924ca4a5	23962	docs/annecy_bornes_aravis/cv/partager-le-ciel-avec-le-couple-nicheur-de-larclosan.txt
a4cafbd4b8cfb687	86909	docs/annecy_bornes_aravis/cv/r185-limitations-de-survol-du-champ-de-tir-de-sacconges-zone-reglementee.html
bc9166650fb6fb5d	19903	docs/annecy_bornes_aravis/cv/r185-limitations-de-survol-du-champ-de-tir-de-sacconges-zone-reglementee.txt
1c41bec41fc5555e	84226	docs/annecy_bornes_aravis/cv/regles-respecter-atterrissage-de-perroix.html
511a5c61ce5d056b	19092	docs/annecy_bornes_aravis/cv/regles-respecter-atterrissage-de-perroix.txt
734ee42c71714d62	83006	docs/annecy_bornes_aravis/cv/rencontre-autour-dun-cross-3.html
c4b979bc7c5dabbb	18465	docs/annecy_bornes_aravis/cv/rencontre-autour-dun-cross-3.txt
fde2b6b20329fc82	4153	docs/annecy_bornes_aravis/cv/search_Aravis.json
caa258a7b3c31930	9821	docs/annecy_bornes_aravis/cv/search_Doussard.json
f548ca5a7971a169	1641	docs/annecy_bornes_aravis/cv/search_Sambuy.json
172649ae7b246069	1857	docs/annecy_bornes_aravis/cv/search_Tournette.json
c7a4ab86169d5ea8	934	docs/annecy_bornes_aravis/cv/search_aérologie.json
f90b5b56607e35cf	1973	docs/annecy_bornes_aravis/cv/search_brise.json
d2ac2728e6a64a25	498	docs/annecy_bornes_aravis/cv/search_convergence.json
d1566379e8d2d705	10216	docs/annecy_bornes_aravis/cv/search_cross.json
8f4e452a5c61ca94	9635	docs/annecy_bornes_aravis/cv/search_météo.json
20393aa08076cfc0	5514	docs/annecy_bornes_aravis/cv/search_thermique.json
2025eaa634f47c1f	161050	docs/annecy_bornes_aravis/cv/soirees-de-formation.html
deb450241254120b	19226	docs/annecy_bornes_aravis/cv/soirees-de-formation.txt
6d1cbc78d3abf8e3	83004	docs/annecy_bornes_aravis/cv/stage-cross-progression-merci-kty.html
b6e0ae098f73c20a	18564	docs/annecy_bornes_aravis/cv/stage-cross-progression-merci-kty.txt
e350347e9df68817	150671	docs/annecy_bornes_aravis/cv/z-mto-rv.html
58990da4a5653a2d	8050	docs/annecy_bornes_aravis/cv/z-mto-rv.txt
f13c9a0efd2b6bdf	209919	docs/annecy_bornes_aravis/cv/z-rv.html
4d36456a7991e9f3	15554	docs/annecy_bornes_aravis/cv/z-rv.txt
f41f7dec32feaef6	132551	docs/annecy_bornes_aravis/cv_lpo.html
651d2fae681a9363	13542	docs/annecy_bornes_aravis/cv_lpo.txt
6004c7492db0184b	175497	docs/annecy_bornes_aravis/cv_sites.html
3cb2fa2f4f605e26	21157	docs/annecy_bornes_aravis/cv_sites.txt
b389f126902409fd	3493956	docs/annecy_bornes_aravis/cvl-1.png
06e185d841fbd218	1745504	docs/annecy_bornes_aravis/cvl-2.png
14e5281dd10fb026	38725	docs/annecy_bornes_aravis/cvl.txt
10e20cdc32161d83	1765590	docs/annecy_bornes_aravis/cvl_aravis.png
c80b9af87dd2fc0a	2200408	docs/annecy_bornes_aravis/cvl_bornes.png
8019755b641de65a	1829855	docs/annecy_bornes_aravis/cvl_lake_hi.png
58a4015a1ca7a2aa	9005873	docs/annecy_bornes_aravis/cvlhi-1.png
e912ff7cf8b63bf7	3422993	docs/annecy_bornes_aravis/cvlp2-2.png
608d3347f28896ca	38836	docs/annecy_bornes_aravis/ffvl_area.txt
d59182aec56b4821	53320	docs/annecy_bornes_aravis/flyer_secours.html
3be5802697fb1529	11298	docs/annecy_bornes_aravis/flyer_secours.txt
d510477c642ec2b4	117333	docs/annecy_bornes_aravis/ga_blog.html
098fd239907bb209	5110	docs/annecy_bornes_aravis/ga_blog.txt
02626ec72a746ede	225946	docs/annecy_bornes_aravis/ge_regl.html
c26457daf93c26c4	16724	docs/annecy_bornes_aravis/ge_regl.txt
6177247aab7b13d0	492	docs/annecy_bornes_aravis/get.sh
004e4549ca4eae6c	909	docs/annecy_bornes_aravis/h2t.py
4e4b355bdb66ce5f	5758	docs/annecy_bornes_aravis/http___federation_ffvl_fr_sites_pratique_voir_1260.html
4afb34d3bc6691ac	18	docs/annecy_bornes_aravis/http___federation_ffvl_fr_sites_pratique_voir_1260.txt
e74c73ea16e062f6	223794	docs/annecy_bornes_aravis/https___annecyminivoiles_com_confluences_aerologiques_parape.html
41314786d4f32e99	209532	docs/annecy_bornes_aravis/https___annecyvoldepente_fr_site_et_informations_utiles_.html
c9d45ecce57b00e9	3509	docs/annecy_bornes_aravis/https___annecyvoldepente_fr_site_et_informations_utiles_.txt
78254e7f7e7ff77a	46048	docs/annecy_bornes_aravis/https___barbules_fr_index_php_Site_Annecy.html
c1e5c41eb7cca02a	340532	docs/annecy_bornes_aravis/https___equipeedailes_wixsite_com_marlens.html
709fea24890a7a38	1205	docs/annecy_bornes_aravis/https___equipeedailes_wixsite_com_marlens.txt
92c9d2160c09ff49	5701	docs/annecy_bornes_aravis/https___federation_ffvl_fr_terrain_1259.html
4afb34d3bc6691ac	18	docs/annecy_bornes_aravis/https___federation_ffvl_fr_terrain_1259.txt
6509fdf43025e448	5701	docs/annecy_bornes_aravis/https___federation_ffvl_fr_terrain_1447.html
4afb34d3bc6691ac	18	docs/annecy_bornes_aravis/https___federation_ffvl_fr_terrain_1447.txt
fb8ebbe75847cc11	5701	docs/annecy_bornes_aravis/https___federation_ffvl_fr_terrain_5078.html
4afb34d3bc6691ac	18	docs/annecy_bornes_aravis/https___federation_ffvl_fr_terrain_5078.txt
02626ec72a746ede	225946	docs/annecy_bornes_aravis/https___grandsespaces_com_.html
c26457daf93c26c4	16724	docs/annecy_bornes_aravis/https___grandsespaces_com_.txt
22ed74896fec297b	112654	docs/annecy_bornes_aravis/https___grandsespaces_com_en_blog_best_paragliding_sites_in_annecy.html
736f522447e1a0ad	16098	docs/annecy_bornes_aravis/https___grandsespaces_com_en_blog_best_paragliding_sites_in_annecy.txt
6b97b7a4ad577778	111022	docs/annecy_bornes_aravis/https___grandsespaces_com_en_paragliding_school_annecy_practical_info_2_forclaz_.html
f6798d798669e313	12160	docs/annecy_bornes_aravis/https___grandsespaces_com_en_paragliding_school_annecy_practical_info_2_forclaz_.txt
b8996210e5cb0906	111349	docs/annecy_bornes_aravis/https___grandsespaces_com_en_paragliding_school_annecy_practical_info_2_planfait.html
b1948f836acf59c7	12376	docs/annecy_bornes_aravis/https___grandsespaces_com_en_paragliding_school_annecy_practical_info_2_planfait.txt
f7326119189842fd	106208	docs/annecy_bornes_aravis/https___grandsespaces_com_en_sites_de_vol_haute_savoie_and_savoie_launch_sites.html
f02ae0b2606dc680	8761	docs/annecy_bornes_aravis/https___grandsespaces_com_en_sites_de_vol_haute_savoie_and_savoie_launch_sites.txt
36c1efefdb49d03c	144471	docs/annecy_bornes_aravis/https___infos_parapente_com_en_paragliding_above_lake_annecy_.html
14b9a29c1c0fde46	24403	docs/annecy_bornes_aravis/https___infos_parapente_com_en_paragliding_above_lake_annecy_.txt
7c33a445dbcba143	136592	docs/annecy_bornes_aravis/https___les_ailes_grandbornand_fr_.html
dd9eb0a1b12086b1	6969	docs/annecy_bornes_aravis/https___les_ailes_grandbornand_fr_.txt
e2d588058e491fd2	128895	docs/annecy_bornes_aravis/https___les_ailes_grandbornand_fr_sites_.html
d912185820e6a7c6	5703	docs/annecy_bornes_aravis/https___parapente_ffvl_fr_acces_montmin.html
4afb34d3bc6691ac	18	docs/annecy_bornes_aravis/https___parapente_ffvl_fr_acces_montmin.txt
cefe30d81f463917	73129	docs/annecy_bornes_aravis/https___www_annecy_vol_libre_com_.html
e0b2dc39f8b70b78	8908	docs/annecy_bornes_aravis/https___www_annecy_vol_libre_com_.txt
0c047ce81990cfbb	72439	docs/annecy_bornes_aravis/https___www_annecy_vol_libre_com_infos_le_site_de_vol_dannecy_.html
158450ad2130351a	10850	docs/annecy_bornes_aravis/https___www_annecy_vol_libre_com_infos_le_site_de_vol_dannecy_.txt
e337043bb4cc7f0c	57149	docs/annecy_bornes_aravis/https___www_annecy_vol_libre_com_infos_meteo_.html
13bb9d7edfd59763	3828	docs/annecy_bornes_aravis/https___www_annecy_vol_libre_com_infos_meteo_.txt
8e117026aa0389bc	59235	docs/annecy_bornes_aravis/https___www_annecy_vol_libre_com_les_stages_cross_.html
67b9d0527892280a	4263	docs/annecy_bornes_aravis/https___www_annecy_vol_libre_com_les_stages_cross_.txt
2436c93bb7ad1959	71274	docs/annecy_bornes_aravis/https___www_annecy_vol_libre_com_les_stages_le_cross_.html
84382c5993447f94	7177	docs/annecy_bornes_aravis/https___www_annecy_vol_libre_com_les_stages_le_cross_.txt
9a641ac4270af304	332202	docs/annecy_bornes_aravis/https___www_bauges_parapente_com_meteo_parapente_bauges_.html
94d0f558c324e774	30564	docs/annecy_bornes_aravis/https___www_bauges_parapente_com_meteo_parapente_bauges_.txt
6335171eefbe3b02	380742	docs/annecy_bornes_aravis/https___www_bauges_parapente_com_parapente_semnoz_.html
7f0a1e89bb137894	49625	docs/annecy_bornes_aravis/https___www_bauges_parapente_com_parapente_semnoz_.txt
858d11c0343c3828	173793	docs/annecy_bornes_aravis/https___www_chamoisvolants_fr_category_espaceaerien_.html
77ec02fe84d945b5	32044	docs/annecy_bornes_aravis/https___www_chamoisvolants_fr_category_espaceaerien_.txt
0ad3f3882b1706b4	179474	docs/annecy_bornes_aravis/https___www_chamoisvolants_fr_category_securite_.html
cf5f21ab258ac154	33934	docs/annecy_bornes_aravis/https___www_chamoisvolants_fr_category_securite_.txt
d480fa254fff995c	133317	docs/annecy_bornes_aravis/https___www_chamoisvolants_fr_liens_meteo_.html
077c843f905bc186	13835	docs/annecy_bornes_aravis/https___www_chamoisvolants_fr_liens_meteo_.txt
201ee8f96b54511e	170279	docs/annecy_bornes_aravis/https___www_chamoisvolants_fr_parc_naturel_regional_des_bauges_.html
86388f2af4731cef	30035	docs/annecy_bornes_aravis/https___www_chamoisvolants_fr_parc_naturel_regional_des_bauges_.txt
cc54ea0e6a5fd135	209954	docs/annecy_bornes_aravis/https___www_chamoisvolants_fr_rapaces_parapente_.html
577a5865239f1768	39915	docs/annecy_bornes_aravis/https___www_chamoisvolants_fr_rapaces_parapente_.txt
f0120b870b5fbacd	119439	docs/annecy_bornes_aravis/https___www_club_laclusaz_fr_.html
f74c623ce81b2f8d	10218	docs/annecy_bornes_aravis/https___www_club_laclusaz_fr_.txt
ff2824da8a1acbd3	55586	docs/annecy_bornes_aravis/https___www_fluide_parapente_fr_informations_pratiques_.html
23ec9fefe609cbcb	9403	docs/annecy_bornes_aravis/https___www_fluide_parapente_fr_informations_pratiques_.txt
ac2d700e6564439d	52418	docs/annecy_bornes_aravis/https___www_lacannecy_com_en_paragliding_around_lake_annecy_.html
2d7eb9a9d06c8df4	7648	docs/annecy_bornes_aravis/https___www_lacannecy_com_en_paragliding_around_lake_annecy_.txt
66c825c3a9e7e697	464087	docs/annecy_bornes_aravis/https___www_lespassagersduvent_com_.html
c2b5eeea66200acf	22818	docs/annecy_bornes_aravis/https___www_lespassagersduvent_com_.txt
0a243a55feefa3a5	809630	docs/annecy_bornes_aravis/https___www_parapentepaysdegex_fr_post_le_triangle_du_17_07_19_de_la_chartreuse_.html
fb2165b206977e38	11366	docs/annecy_bornes_aravis/https___www_parapentepaysdegex_fr_post_le_triangle_du_17_07_19_de_la_chartreuse_.txt
0c8de536ae54ec5c	138270	docs/annecy_bornes_aravis/https___xcmag_com_fly_better_paragliding_techniques_paramotoring_skills_annecy_l.html
d70d4f0fe70107df	24772	docs/annecy_bornes_aravis/https___xcmag_com_fly_better_paragliding_techniques_paramotoring_skills_annecy_l.txt
a194edab38ae0bc0	138449	docs/annecy_bornes_aravis/https___xcmag_com_travel_guide_annecys_secret_sites_entrevernes_.html
114d88a787797a18	25230	docs/annecy_bornes_aravis/https___xcmag_com_travel_guide_annecys_secret_sites_entrevernes_.txt
0ab27da842bfffb9	138599	docs/annecy_bornes_aravis/https___xcmag_com_travel_guide_annecys_secret_sites_pointe_de_talamarche_.html
bdb52c49d483656d	25115	docs/annecy_bornes_aravis/https___xcmag_com_travel_guide_annecys_secret_sites_pointe_de_talamarche_.txt
c264eec53f3992a8	138265	docs/annecy_bornes_aravis/https___xcmag_com_travel_guide_annecys_secret_sites_semnoz_.html
402a29bad86e5219	25106	docs/annecy_bornes_aravis/https___xcmag_com_travel_guide_annecys_secret_sites_semnoz_.txt
34a74f0d07df2e77	143457	docs/annecy_bornes_aravis/https___xcmag_com_travel_guide_guide_to_annecy_france_.html
969a651b097149a8	29733	docs/annecy_bornes_aravis/https___xcmag_com_travel_guide_guide_to_annecy_france_.txt
93842d0b18309ba0	219146	docs/annecy_bornes_aravis/img/Atterrissage-Perroix-2023-1.jpg
8a981a51c733af83	126647	docs/annecy_bornes_aravis/img/Decollage-atterrissage-anglettaz-2023.jpg
bfc46789cdb00ee5	513641	docs/annecy_bornes_aravis/img/Planfait-decollage-2021-V2.png
44287dadb99b453c	1185536	docs/annecy_bornes_aravis/img/ailes_carte_0.jpg
57d3d98c608ea438	192083	docs/annecy_bornes_aravis/img/ailes_carte_1.jpg
c1059d58f1aeb533	415291	docs/annecy_bornes_aravis/img/avl_Box-SIV.jpg
7c994a8d1a384a17	507677	docs/annecy_bornes_aravis/img/avl_Site-de-la-Forclaz.jpg
a16ad8e66dea6158	468433	docs/annecy_bornes_aravis/img/avl_atter.-Doussard.jpg
7ac00dc61a02bb83	561586	docs/annecy_bornes_aravis/img/avl_atter.-SIV.jpg
ef1b3d0c74787565	615069	docs/annecy_bornes_aravis/img/avl_atter.-perroix.jpg
b26469292c0f1035	349745	docs/annecy_bornes_aravis/img/avl_brise.jpg
2342eb0936955b8c	551213	docs/annecy_bornes_aravis/img/avl_general.jpg
014160f5b21da9e8	512367	docs/annecy_bornes_aravis/img/avl_site-planfait.jpg
cf7d0b9eb1e172b1	1317540	docs/annecy_bornes_aravis/img/crop_lake.png
c36a0b6f1ce95871	1258508	docs/annecy_bornes_aravis/img/crop_ne.png
8e08f29022be5614	1137494	docs/annecy_bornes_aravis/img/crop_se.png
6dd128bbba1a815d	999364	docs/annecy_bornes_aravis/img/crop_sw.png
eadda1abefdef756	119458	docs/annecy_bornes_aravis/img/largeault.jpg
3b8152a4e2c5b834	64312	docs/annecy_bornes_aravis/img/reglement-vol-libre.jpg
1baf8ca13354adef	4917	docs/annecy_bornes_aravis/img/t.jpg
e3b0c44298fc1c14	0	docs/annecy_bornes_aravis/img/t2.jpg
e3b0c44298fc1c14	0	docs/annecy_bornes_aravis/img/tlp_a.jpg
e3b0c44298fc1c14	0	docs/annecy_bornes_aravis/img/tlp_annecy_brises.jpg
e3b0c44298fc1c14	0	docs/annecy_bornes_aravis/img/tlp_annecy_confluences.jpg
e3b0c44298fc1c14	0	docs/annecy_bornes_aravis/img/tlp_flux.jpg
c2bf353b931b2217	5007	docs/annecy_bornes_aravis/img/wb_test.jpg
85053c102418040b	2727779	docs/annecy_bornes_aravis/img2/ada_brise_de_vallee.png
2d5eb67d5201fa32	1646713	docs/annecy_bornes_aravis/img2/ada_brise_de_vallee.webp
c02087a8655e0071	2831014	docs/annecy_bornes_aravis/img2/ada_carte_thermique_grand_bornand.png
fffabae71b908fe2	1747406	docs/annecy_bornes_aravis/img2/ada_carte_thermique_grand_bornand.webp
623c4e57675e5cc7	1910302	docs/annecy_bornes_aravis/img2/ada_decollage_parapente_grand_bornand_thermique_aravis.png
4dbd8bcc8f30a897	1544625	docs/annecy_bornes_aravis/img2/ada_decollage_parapente_grand_bornand_thermique_aravis.webp
083a065c880322de	2932393	docs/annecy_bornes_aravis/img2/ada_parapente_la_clusaz_thermique.png
4954a52b4e111845	1774125	docs/annecy_bornes_aravis/img2/ada_parapente_la_clusaz_thermique.webp
9773d2a6f1646055	2204752	docs/annecy_bornes_aravis/img2/ada_thermique_la_clusaz.png
49c83aec9ba869c0	285623	docs/annecy_bornes_aravis/img2/ada_thermique_la_clusaz.webp
768893b68601997b	1893404	docs/annecy_bornes_aravis/img2/ada_thermique_parapente_la_clusaz_face_est.png
8aef9c73bcca188f	232528	docs/annecy_bornes_aravis/img2/ada_thermique_parapente_la_clusaz_face_est.webp
6617fc464557226a	261125	docs/annecy_bornes_aravis/ip_annecy.html
f7995768264c580f	28254	docs/annecy_bornes_aravis/ip_annecy.txt
85442006bb0ab759	77894	docs/annecy_bornes_aravis/lacannecy_cvl.html
f95771eb3300f743	12356	docs/annecy_bornes_aravis/lacannecy_cvl.txt
10d355e52dc15a27	77926	docs/annecy_bornes_aravis/lacannecy_cvl2.html
9c2959213d00bc22	12363	docs/annecy_bornes_aravis/lacannecy_cvl2.txt
3f9e163208c011c5	597559	docs/annecy_bornes_aravis/largeault.html
91740ee62e6f4714	215791	docs/annecy_bornes_aravis/largeault.kml
302650e55163ce9e	38006	docs/annecy_bornes_aravis/largeault.txt
fccfd4fc7564c504	92792	docs/annecy_bornes_aravis/mv_sulens.html
d99c84c70434b870	12312	docs/annecy_bornes_aravis/mv_sulens.txt
ed0d76401421fa66	95600	docs/annecy_bornes_aravis/naves_parapente.html
68b7eb0d20df98b3	4613	docs/annecy_bornes_aravis/naves_parapente.txt
821cfbf2abcd9968	7637	docs/annecy_bornes_aravis/osm_almet.json
f8e9163ac20a364b	34303	docs/annecy_bornes_aravis/osm_aravis_names.json
8d8dbefd683d8854	8602	docs/annecy_bornes_aravis/osm_cotagne.json
895478d8d5a8319a	110902	docs/annecy_bornes_aravis/osm_ff.json
863a8ef47d97ad6c	34559	docs/annecy_bornes_aravis/osm_misc.json
f79b0a48ac13d02a	13999	docs/annecy_bornes_aravis/osm_misc2.json
c3ce2f376209e80f	14079	docs/annecy_bornes_aravis/osm_peaks.json
ba10c051fe8e47ff	23649	docs/annecy_bornes_aravis/osm_places.json
957418e28db02b13	5857	docs/annecy_bornes_aravis/osm_verthier.json
e3b0c44298fc1c14	0	docs/annecy_bornes_aravis/ov_log.txt
e3b0c44298fc1c14	0	docs/annecy_bornes_aravis/ov_log2.txt
8ac7bd3e0bbff056	334	docs/annecy_bornes_aravis/ovp.sh
917a9d874513fc4d	305	docs/annecy_bornes_aravis/ovshow.py
c111fcee1d715446	763015	docs/annecy_bornes_aravis/p2_a.png
8171ebb2f1aafb52	770208	docs/annecy_bornes_aravis/p2_b.png
82564a9c05388826	686188	docs/annecy_bornes_aravis/p2_c.png
dab0086099659ea4	861885	docs/annecy_bornes_aravis/p2_d.png
02615e938b486bd4	351350	docs/annecy_bornes_aravis/pa_blog.html
69c4d9fe5f24943d	22030	docs/annecy_bornes_aravis/pa_blog.txt
72f0f91e1974c393	3814	docs/annecy_bornes_aravis/pa_forclaz.html
48640e86acc4db73	2466	docs/annecy_bornes_aravis/pa_forclaz.txt
96d513440c0a58e1	294	docs/annecy_bornes_aravis/para.sh
9e66179c68150536	356270	docs/annecy_bornes_aravis/pdv_guide-parapente.html
92bc37d8f7db5f4a	10613	docs/annecy_bornes_aravis/pdv_guide-parapente.txt
3f868aad085d83f1	108820	docs/annecy_bornes_aravis/pdv_stages-confirmes.html
df3e2f84b3f86375	11518	docs/annecy_bornes_aravis/pdv_stages-confirmes.txt
9ad085965255a24e	466899	docs/annecy_bornes_aravis/pdv_tout-savoir-avant-de-reserver-votre-bapteme-de-parapente-a-annecy.html
f7e75d12e9b58d17	24787	docs/annecy_bornes_aravis/pdv_tout-savoir-avant-de-reserver-votre-bapteme-de-parapente-a-annecy.txt
743ca86cf452d16e	809757	docs/annecy_bornes_aravis/pge199.html
9219bd07d9e780cd	11031	docs/annecy_bornes_aravis/pge199.txt
248444e50328e2b0	805202	docs/annecy_bornes_aravis/pge200.html
07c24e22e93294ad	12192	docs/annecy_bornes_aravis/pge200.txt
e3b0c44298fc1c14	0	docs/annecy_bornes_aravis/pge_12159.html
01ba4719c80b6fe9	1	docs/annecy_bornes_aravis/pge_12159.txt
e3b0c44298fc1c14	0	docs/annecy_bornes_aravis/pge_14036.html
01ba4719c80b6fe9	1	docs/annecy_bornes_aravis/pge_14036.txt
e3b0c44298fc1c14	0	docs/annecy_bornes_aravis/pge_16722.html
01ba4719c80b6fe9	1	docs/annecy_bornes_aravis/pge_16722.txt
e3b0c44298fc1c14	0	docs/annecy_bornes_aravis/pge_21828.html
01ba4719c80b6fe9	1	docs/annecy_bornes_aravis/pge_21828.txt
aa926aea9b30e1fd	42512	docs/annecy_bornes_aravis/pge_around.json
5ce655caf49373f7	46614	docs/annecy_bornes_aravis/pgm_lachat.html
c2902c524733438a	13794	docs/annecy_bornes_aravis/pgm_lachat.txt
68f1358929b23fc1	122612	docs/annecy_bornes_aravis/pi/cross_organisation_des_brises_bornes_aravis_t1985_0_html.html
458e72e1b080f133	52351	docs/annecy_bornes_aravis/pi/cross_organisation_des_brises_bornes_aravis_t1985_0_html.txt
3e59860beca22c7c	131443	docs/annecy_bornes_aravis/pi/cross_organisation_des_brises_bornes_aravis_t1985_25_html.html
0330f624a451cf90	59262	docs/annecy_bornes_aravis/pi/cross_organisation_des_brises_bornes_aravis_t1985_25_html.txt
1b4e7b0699324102	64249	docs/annecy_bornes_aravis/pi/cross_organisation_des_brises_bornes_aravis_t1985_50_html.html
92254c104ce5643e	25367	docs/annecy_bornes_aravis/pi/cross_organisation_des_brises_bornes_aravis_t1985_50_html.txt
4461001aa297050a	112563	docs/annecy_bornes_aravis/pi/incidents_accidents_de_parapente_atterrissage_dun_parapentiste_au_beau.html
6e55e44d9aed5884	48498	docs/annecy_bornes_aravis/pi/incidents_accidents_de_parapente_atterrissage_dun_parapentiste_au_beau.txt
3592c44e2232d584	14224	docs/annecy_bornes_aravis/pi/index_php_action_printpage_topic_51881_0.html
3957238bade2c767	11741	docs/annecy_bornes_aravis/pi/index_php_action_printpage_topic_51881_0.txt
38f11bab97c2b6e2	167872	docs/annecy_bornes_aravis/pi/index_php_action_printpage_topic_64318_0.html
07ce51cb026f53a1	131126	docs/annecy_bornes_aravis/pi/index_php_action_printpage_topic_64318_0.txt
7b9c71f953266c7d	37966	docs/annecy_bornes_aravis/pi/meteo_aerologie_regime_de_vent_lac_annecy_t41129_0_html.html
4bf76dc54e97c803	12342	docs/annecy_bornes_aravis/pi/meteo_aerologie_regime_de_vent_lac_annecy_t41129_0_html.txt
1a8fe6e90caee405	74568	docs/annecy_bornes_aravis/pi/sites_de_vols_annecy_t47738_0_html.html
b90641b18d4c9045	28238	docs/annecy_bornes_aravis/pi/sites_de_vols_annecy_t47738_0_html.txt
a32584f0c66dbc62	124013	docs/annecy_bornes_aravis/pi/sites_de_vols_danger_du_cote_dannecy_t25131_40_html.html
4e3b0923854082d8	60177	docs/annecy_bornes_aravis/pi/sites_de_vols_danger_du_cote_dannecy_t25131_40_html.txt
92caec6731ddcd08	33736	docs/annecy_bornes_aravis/pi/sites_de_vols_deco_en_est_du_lachat_du_grand_bornand_t42035_0_html.html
2b0095d14437e4f6	10324	docs/annecy_bornes_aravis/pi/sites_de_vols_deco_en_est_du_lachat_du_grand_bornand_t42035_0_html.txt
021f655cdcf6dc18	80750	docs/annecy_bornes_aravis/pi/sites_de_vols_grand_bornand_mont_lachat_t56767_0_html.html
5fe47e65baa3c82a	32957	docs/annecy_bornes_aravis/pi/sites_de_vols_grand_bornand_mont_lachat_t56767_0_html.txt
da14e46b1fadefbe	92954	docs/annecy_bornes_aravis/pi/sites_de_vols_grand_bornand_t2225_0_html.html
31252a2e5d6e115a	41075	docs/annecy_bornes_aravis/pi/sites_de_vols_grand_bornand_t2225_0_html.txt
91d7175c12eee514	123136	docs/annecy_bornes_aravis/pi/sites_de_vols_le_grand_bornand_cet_ete_en_aout_t24720_0_html.html
b54d585af15d15bb	54537	docs/annecy_bornes_aravis/pi/sites_de_vols_le_grand_bornand_cet_ete_en_aout_t24720_0_html.txt
e81f72ecd1bf79b8	70217	docs/annecy_bornes_aravis/pi/sites_de_vols_voler_au_grand_bornanddemande_dinfo_t15280_0_html.html
605446196a68502d	29009	docs/annecy_bornes_aravis/pi/sites_de_vols_voler_au_grand_bornanddemande_dinfo_t15280_0_html.txt
63d78338e0c92f01	146713	docs/annecy_bornes_aravis/pi/techniques_de_base_du_pilotage_cours_sur_lapproche_en_mini_voile_a_pla.html
86f30cb55f10985f	78283	docs/annecy_bornes_aravis/pi/techniques_de_base_du_pilotage_cours_sur_lapproche_en_mini_voile_a_pla.txt
d1d0ca7dde88e272	110760	docs/annecy_bornes_aravis/pi/techniques_de_cross_crosser_les_alpes_region_aravis_la_clusaz_t2599_0_.html
6d3fb90e96e4b64a	54542	docs/annecy_bornes_aravis/pi/techniques_de_cross_crosser_les_alpes_region_aravis_la_clusaz_t2599_0_.txt
5dc6efba92ccf460	47058	docs/annecy_bornes_aravis/pi/vol_rando_sortie_a_sulens_t16476_0_html.html
f04faf1a0b71b17f	16759	docs/annecy_bornes_aravis/pi/vol_rando_sortie_a_sulens_t16476_0_html.txt
e2618e4934141b5c	117662	docs/annecy_bornes_aravis/pi/vol_rando_vol_bivouac_decollage_bornes_t53318_0_html.html
2a136c0e448dd1d8	49036	docs/annecy_bornes_aravis/pi/vol_rando_vol_bivouac_decollage_bornes_t53318_0_html.txt
2862517d19e39c1b	52487	docs/annecy_bornes_aravis/pi/vol_rando_vol_bivouac_vol_rando_tournette_t51245_0_html.html
27132dd4f2c437b6	21135	docs/annecy_bornes_aravis/pi/vol_rando_vol_bivouac_vol_rando_tournette_t51245_0_html.txt
efb062e303b8fce0	121060	docs/annecy_bornes_aravis/pi_brises.html
1d140b7701ad9563	52301	docs/annecy_bornes_aravis/pi_brises.txt
d27a24f4b496ab69	121093	docs/annecy_bornes_aravis/pi_brises_20.html
ec324cd55ee553d8	52311	docs/annecy_bornes_aravis/pi_brises_20.txt
52e29bd2576a7e7a	113226	docs/annecy_bornes_aravis/pi_brises_40.html
04654c0cfaa7e9eb	47823	docs/annecy_bornes_aravis/pi_brises_40.txt
07bb3e3f09b3cd92	113242	docs/annecy_bornes_aravis/pi_brises_60.html
6df54d0c7b095e94	47822	docs/annecy_bornes_aravis/pi_brises_60.txt
82605d30e74dd1c5	14352	docs/annecy_bornes_aravis/pi_search_form.html
25ef05d59c641c23	67761	docs/annecy_bornes_aravis/pi_t14778_charvin_tournette.html
19aa27f02a55d385	24724	docs/annecy_bornes_aravis/pi_t14778_charvin_tournette.txt
d2cba55d8c5329b2	104042	docs/annecy_bornes_aravis/pi_t14966_charvin_tournette.html
f23b36dd1f2e558b	42525	docs/annecy_bornes_aravis/pi_t14966_charvin_tournette.txt
1b39f6a2788b0a9e	68381	docs/annecy_bornes_aravis/pi_t19784_tour_lac.html
1fd41b5868de8a2b	25484	docs/annecy_bornes_aravis/pi_t19784_tour_lac.txt
cf2d8e84254dd0b2	115833	docs/annecy_bornes_aravis/pi_t2620_parmelan.html
a252a240391c30c9	55462	docs/annecy_bornes_aravis/pi_t2620_parmelan.txt
0a8d03ab71ecbee6	66269	docs/annecy_bornes_aravis/pi_t2807_veyrier_semnoz.html
a1302c9fabee49f4	26295	docs/annecy_bornes_aravis/pi_t2807_veyrier_semnoz.txt
dba3223e7d918e24	100478	docs/annecy_bornes_aravis/pi_t40167_rdb.html
31d6876008bc1f5f	44109	docs/annecy_bornes_aravis/pi_t40167_rdb.txt
acb2df6865885e31	7333	docs/annecy_bornes_aravis/pi_t47571_verel.html
c362ea9c1d1544bc	4073	docs/annecy_bornes_aravis/pi_t47571_verel.txt
1fb6e831321ed078	139611	docs/annecy_bornes_aravis/pi_t52861_point_dur.html
d48a96ddb32a83c8	66982	docs/annecy_bornes_aravis/pi_t52861_point_dur.txt
0578ecca8a613826	38792	docs/annecy_bornes_aravis/pi_t54898_cross_annecy.html
fc649d62b8d04163	12063	docs/annecy_bornes_aravis/pi_t54898_cross_annecy.txt
4a07168b6d08c393	55294	docs/annecy_bornes_aravis/pi_t6713_quadri.html
cb1ad429f41c4d52	21285	docs/annecy_bornes_aravis/pi_t6713_quadri.txt
72a7eafe4252106d	56684	docs/annecy_bornes_aravis/pi_t975_forclaz_rdb.html
25258c5788af966f	22414	docs/annecy_bornes_aravis/pi_t975_forclaz_rdb.txt
3234f4bef212d9c5	6503	docs/annecy_bornes_aravis/ppr_lachat_thones.html
5099315a0c569c9e	1992	docs/annecy_bornes_aravis/ppr_lachat_thones.txt
74efda3e5a9b4bb3	6060	docs/annecy_bornes_aravis/ppr_parmelan.html
5f04ae349de3260c	1638	docs/annecy_bornes_aravis/ppr_parmelan.txt
0bce3b2efa871406	6922	docs/annecy_bornes_aravis/ppr_sulens.html
af3e1ee0ce8064ec	2399	docs/annecy_bornes_aravis/ppr_sulens.txt
e3b0c44298fc1c14	0	docs/annecy_bornes_aravis/sch_adrenaline_parapente_com_.txt
3744b6ac4725d610	777982	docs/annecy_bornes_aravis/sch_aeroslide_com_.html
3a0c38ca529f962c	48509	docs/annecy_bornes_aravis/sch_aeroslide_com_.txt
e3b0c44298fc1c14	0	docs/annecy_bornes_aravis/sch_carpediem_parapente_com_.txt
e3b0c44298fc1c14	0	docs/annecy_bornes_aravis/sch_espace3d_net_.txt
46891063dd5cbaf4	245762	docs/annecy_bornes_aravis/sch_flyeo_com_.html
7001384d456fc0ca	25177	docs/annecy_bornes_aravis/sch_flyeo_com_.txt
9276ba16097d8e7d	113704	docs/annecy_bornes_aravis/sch_libre_envol_com_.html
6795819d81a2f5b3	8194	docs/annecy_bornes_aravis/sch_libre_envol_com_.txt
49c5bb44df00fdfa	3087186	docs/annecy_bornes_aravis/sch_parapente_annecy_com_.html
dd993bf778378a2b	373010	docs/annecy_bornes_aravis/sch_parapente_annecy_com_.txt
12e6eca0d69c1981	165641	docs/annecy_bornes_aravis/semnoz_fr_parapente.html
8bc11e448d75c43c	11465	docs/annecy_bornes_aravis/semnoz_fr_parapente.txt
b1ba80a8c0cc4d9d	176	docs/annecy_bornes_aravis/show.sh
4842d9ba98b881be	9898	docs/annecy_bornes_aravis/siou_cross2004.html
3781d91ca0a8349a	5423	docs/annecy_bornes_aravis/siou_cross2004.txt
a1442f8b52ec4af9	106701	docs/annecy_bornes_aravis/speede_sulens.html
dfa3c4d15f803243	14102	docs/annecy_bornes_aravis/speede_sulens.txt
e3b0c44298fc1c14	0	docs/annecy_bornes_aravis/t2_306574.txt
9537152cef2962bb	2511	docs/annecy_bornes_aravis/t2_49cb34.html
39fffd6c489800a7	578	docs/annecy_bornes_aravis/t2_49cb34.txt
75f097f0ba3d1550	229570	docs/annecy_bornes_aravis/t2_b1b14b.html
b162fa4eed6fde77	47535	docs/annecy_bornes_aravis/t2_b1b14b.txt
33990fb82cdf2041	75411	docs/annecy_bornes_aravis/t2_b2cf97.html
564f3d88be2fc1cd	16432	docs/annecy_bornes_aravis/t2_b2cf97.txt
42d296fdbbabc6b6	138081	docs/annecy_bornes_aravis/t2_b52b86.html
fb3e6289a867095a	14961	docs/annecy_bornes_aravis/t2_b52b86.txt
6d6c1d500d11a636	145456	docs/annecy_bornes_aravis/t2_d64471.html
8daa5bbcc3b66e43	25824	docs/annecy_bornes_aravis/t2_d64471.txt
0cee6891b1c9326c	77562	docs/annecy_bornes_aravis/t_5f6d60.html
9c2959213d00bc22	12363	docs/annecy_bornes_aravis/t_5f6d60.txt
66c57573b96770f9	52922	docs/annecy_bornes_aravis/t_625b1b.html
7504347d09374faf	8155	docs/annecy_bornes_aravis/t_625b1b.txt
753379fb7728d94b	77562	docs/annecy_bornes_aravis/t_919225.html
9c2959213d00bc22	12363	docs/annecy_bornes_aravis/t_919225.txt
66c57573b96770f9	52922	docs/annecy_bornes_aravis/t_e8a461.html
7504347d09374faf	8155	docs/annecy_bornes_aravis/t_e8a461.txt
5ca319e398548712	30050	docs/annecy_bornes_aravis/tf_tour.html
33f99c044b95af45	9359	docs/annecy_bornes_aravis/tf_tour.txt
935ecadbaa50d46e	131244	docs/annecy_bornes_aravis/tlp_brises.html
54df60a88fb390d8	17389	docs/annecy_bornes_aravis/tlp_brises.txt
893753f1e99fc432	173413	docs/annecy_bornes_aravis/tp_amv_soaring_lanfon.html
c024ecad13bf57c4	11813	docs/annecy_bornes_aravis/tp_amv_soaring_lanfon.txt
bc19bb285920ebef	111352	docs/annecy_bornes_aravis/tp_ge_planfait.html
7026a536bd504b2c	12609	docs/annecy_bornes_aravis/tp_ge_planfait.txt
9ad21edf24cfa11b	157671	docs/annecy_bornes_aravis/tp_outdare_planfait.html
c792788ee35f228f	7401	docs/annecy_bornes_aravis/tp_outdare_planfait.txt
fe811119de5852c3	73452	docs/annecy_bornes_aravis/tp_planfait_fr.html
052f33fce240140e	6131	docs/annecy_bornes_aravis/tp_planfait_fr.txt
271b5666e87988de	16132	docs/annecy_bornes_aravis/tp_tassin_petit_cross.html
c8bc6d0486387693	2675	docs/annecy_bornes_aravis/tp_tassin_petit_cross.txt
156b7482b80d3d40	140462	docs/annecy_bornes_aravis/tracetaroute.html
3c12e17dd4ec74c3	31665	docs/annecy_bornes_aravis/tracetaroute.txt
0965ef73028e13f5	138309	docs/annecy_bornes_aravis/xc_67471.html
118a9cb4cd5c9169	24775	docs/annecy_bornes_aravis/xc_67471.txt
272923afc0f31574	2765278	docs/bauges_bourget_combe/b2-1.png
1fa869182e65946c	1698997	docs/bauges_bourget_combe/b2-2.png
978550ac7c76f8a1	436754	docs/bauges_bourget_combe/b2-3.png
45fba5ee97e52978	3288414	docs/bauges_bourget_combe/bauges2.pdf
d0dcdbe0eef47377	95841	docs/bauges_bourget_combe/bauges_2011.pdf
8a3dfa677d00a33f	332202	docs/bauges_bourget_combe/bauges_meteo.html
3c603ccfed95d92c	95841	docs/bauges_bourget_combe/belledonne_web.pdf
8c0950840aa4d174	1750023	docs/bauges_bourget_combe/bm/c.png
e3f7a5c95cf64f14	1151392	docs/bauges_bourget_combe/bm/cs.png
0b78f9c73956fcd9	1419612	docs/bauges_bourget_combe/bm/e.png
ac785846db460f97	470175	docs/bauges_bourget_combe/bm/legende_box.png
34faf9ee463f4059	1536683	docs/bauges_bourget_combe/bm/nw.png
c0b65887dbe3e587	1573911	docs/bauges_bourget_combe/bm/revard.png
5b7387e5cbd5f008	1032304	docs/bauges_bourget_combe/bm/sav.png
22d4042496d6cb19	1190222	docs/bauges_bourget_combe/bm/sw.png
8e930af7f4de2cea	1453798	docs/bauges_bourget_combe/bm/w.png
f4fa5353c5eac99a	144028	docs/bauges_bourget_combe/brises_alpes_2026.jpg
91740ee62e6f4714	215791	docs/bauges_bourget_combe/brises_largeault.kml
14e5281dd10fb026	38725	docs/bauges_bourget_combe/carte.txt
3f0ad050e9009536	1167283	docs/bauges_bourget_combe/carte_bauges.pdf
60efcd72e85b71b0	1778093	docs/bauges_bourget_combe/carte_brises_bauges.png
1c705df9a9707277	3742287	docs/bauges_bourget_combe/carte_depliant_bauges.pdf
70007750112caf79	2136822	docs/bauges_bourget_combe/cb-1.png
bcdd44c5c9254109	1146093	docs/bauges_bourget_combe/cb-2.png
e2d6f869f079ff85	7280449	docs/bauges_bourget_combe/cbh-1.png
f29a6bfb4dda7a37	7257553	docs/bauges_bourget_combe/cdb-1.png
b575b8c66941150d	4951915	docs/bauges_bourget_combe/cdb-2.png
3e5c7609286f5662	369582	docs/bauges_bourget_combe/chvd/DSCF03666769_Les_Bauges_vues_du_Granier_Brises_2.jpg
8c099173ddc6ee51	360360	docs/bauges_bourget_combe/chvd/DSCF03666769_Les_Bauges_vues_du_Granier_l__gend__e.jpg
ff3ed6cc1801db89	357068	docs/bauges_bourget_combe/chvd/DSCF03666769_Les_Bauges_vues_du_Granier_transitions.jpg
376cbf1a8d7cb684	308773	docs/bauges_bourget_combe/chvd/DSCF0370_Gros_plan_sur_la_Savoyarde_1_Se_refaire_1.jpg
c4f3b99470e3a83e	307823	docs/bauges_bourget_combe/chvd/DSCF0370_Gros_plan_sur_la_Savoyarde_Transitions_vers_la_Sauge.jpg
a4b0666eeedc094e	138872	docs/bauges_bourget_combe/chvd/Zones_dangereuses.jpg
846eff0a8129caf7	333956	docs/bauges_bourget_combe/cm/p-08.png
bd4b933dfb90bea4	545962	docs/bauges_bourget_combe/cm/p-11.png
549648fd63e465f9	356972	docs/bauges_bourget_combe/cm/p-21.png
fb4315587ea99702	488356	docs/bauges_bourget_combe/cm/p-22.png
121536ddf767dfc4	445529	docs/bauges_bourget_combe/cm/p-23.png
64642f761ba07b39	425976	docs/bauges_bourget_combe/cm/p-24.png
19da37f3c4ebc14e	453418	docs/bauges_bourget_combe/cm/p-25.png
a5809b48cecfc169	538407	docs/bauges_bourget_combe/cm/p-26.png
4e65d522b6db53b4	398052	docs/bauges_bourget_combe/cm/p-27.png
d5f5e02fff529891	565454	docs/bauges_bourget_combe/cm/p-34.png
c251bf298e1ac41c	575300	docs/bauges_bourget_combe/cm/p-35.png
dc361e35c436ab11	514179	docs/bauges_bourget_combe/cm/p-40.png
b9db136fab125a6d	509780	docs/bauges_bourget_combe/cm/p-43.png
f2a02ee6605dfefb	496532	docs/bauges_bourget_combe/cm/p-44.png
c6c82654137e2e2e	532385	docs/bauges_bourget_combe/cm/p-45.png
26d85e0cc9b0da6f	24636	docs/bauges_bourget_combe/cm.txt
1f3edfe316bf11eb	2220938	docs/bauges_bourget_combe/crop_e.png
91fedaa86251af00	2233452	docs/bauges_bourget_combe/crop_sw.png
18a6e299c6f8e555	8432719	docs/bauges_bourget_combe/cross_massifs.pdf
0a6c77bc43220d04	860	docs/bauges_bourget_combe/demprobe.ts
52e5e9b509dff674	554307	docs/bauges_bourget_combe/ffvl_alpes_copy.json
713663774a81c251	12243	docs/bauges_bourget_combe/gen/assemble.py
068b32e0215b46d4	40301	docs/bauges_bourget_combe/gen/bauges.py
9ca7d57d6daf2677	39856	docs/bauges_bourget_combe/gen/bourget.py
604cb95dd573b328	25046	docs/bauges_bourget_combe/gen/combe.py
ddc2152ff6bd2c56	1141	docs/bauges_bourget_combe/gen/common.py
0c6b50145f929152	28921	docs/bauges_bourget_combe/gen/first_pass_snapshot.json
3af39096478a8831	5569	docs/bauges_bourget_combe/gen/patch_vb.py
89ebebded2d53347	15847	docs/bauges_bourget_combe/gen/sources.py
37d28ea1a6e12e7c	8594	docs/bauges_bourget_combe/geotrek338.pdf
317bc9900b7601ac	1581508	docs/bauges_bourget_combe/geotrek339.pdf
eadda1abefdef756	119458	docs/bauges_bourget_combe/largeault.jpg
f518cf78af1104c5	113054	docs/bauges_bourget_combe/largeault_kml.json
f1c5d8034a3cdc7c	3011	docs/bauges_bourget_combe/nom.log
afaf19e6e85eb447	3525	docs/bauges_bourget_combe/nominatim.json
42fe2d3e22bb721b	250	docs/bauges_bourget_combe/ov.ql
69d64f1be532c085	511522	docs/bauges_bourget_combe/overpass.json
288dc32dcdfaddb1	102796	docs/bauges_bourget_combe/p2.txt
8ed0d75ae14e30df	47648	docs/bauges_bourget_combe/pge_bbox.json
4b7d51104ad796dc	3679165	docs/bauges_bourget_combe/pnr_vol_libre.pdf
d4d1dac3c9cfc12f	2263908	docs/bauges_bourget_combe/pnrimg-000.jpg
a19ce05511c9b27a	40728	docs/bauges_bourget_combe/pnrimg-001.jpg
bfe604b8b6b1025f	2769316	docs/bauges_bourget_combe/pnrimg-002.ppm
a853105632526f7a	20603	docs/bauges_bourget_combe/pnrimg-003.jpg
16d5709158f60130	86715	docs/bauges_bourget_combe/pnrimg-004.ppm
12d94bcb292ff2b8	2304136	docs/bauges_bourget_combe/pnrimg-005.ppm
e9dd940d1b73d798	2304136	docs/bauges_bourget_combe/pnrimg-006.ppm
38e72064d3ce8f15	978660	docs/bauges_bourget_combe/pnrimg_small.jpg
adea1774e350dc1f	1478115	docs/bauges_bourget_combe/pnrv-1.png
829c12e534acb118	214093	docs/bauges_bourget_combe/pre_thermo_backup.json
b5e4d114c2897778	286331	docs/bauges_bourget_combe/savoyarde.html
581f4f054cf5f6f8	95841	docs/bauges_bourget_combe/t.pdf
963709f529c207dd	77926	docs/bauges_bourget_combe/t2.bin
3b1e52652b733598	273	docs/bauges_bourget_combe/web/adl_home.html
634b309b4f98a394	564	docs/bauges_bourget_combe/web/adl_wp.html
04192878bc5fa251	253061	docs/bauges_bourget_combe/web/bluehouse201.html
e71246aa5d558370	342293	docs/bauges_bourget_combe/web/bp_baptemes_vol-rando.html
5b7036daaf32cc53	344473	docs/bauges_bourget_combe/web/bp_baptemes_vol-thermique.html
d36dc2e304ec0b73	294668	docs/bauges_bourget_combe/web/bp_blog.html
12c6c1c4c807fab8	385266	docs/bauges_bourget_combe/web/bp_bulles-de-quietude-bauges.html
fc2694b09da8bd06	550818	docs/bauges_bourget_combe/web/bp_chambery.html
7108d99ead12f1e0	397420	docs/bauges_bourget_combe/web/bp_massif-des-bauges.html
65d8adefbdb4084e	577573	docs/bauges_bourget_combe/web/bp_parapente-aix-les-bains.html
04e4de59f456e2b0	380742	docs/bauges_bourget_combe/web/bp_parapente-semnoz.html
8fe7c03d3d8d86da	298714	docs/bauges_bourget_combe/web/bp_question-reponse.html
dc297623936fdf3f	556	docs/bauges_bourget_combe/web/bp_sitemap.xml
32befdc929c5aca9	345708	docs/bauges_bourget_combe/web/bp_stage-cross-parapente.html
f4d57b587f9fe035	54821	docs/bauges_bourget_combe/web/cdvl.html
0be1cb9cdca3fcdd	53589	docs/bauges_bourget_combe/web/cdvl_espaces-de-pratique_avant-pays-savoyard.html
51a77e21db429453	57055	docs/bauges_bourget_combe/web/cdvl_espaces-de-pratique_bauges.html
8da8b23a68a166a5	53539	docs/bauges_bourget_combe/web/cdvl_espaces-de-pratique_chautagne.html
dfe3fb4fb672e528	53569	docs/bauges_bourget_combe/web/cdvl_espaces-de-pratique_combe-de-savoie.html
340505cc5e415e51	53564	docs/bauges_bourget_combe/web/cdvl_espaces-de-pratique_lac-du-bourget.html
be0668c350a9552a	51338	docs/bauges_bourget_combe/web/cdvl_img/avant-pays-savoyard_ic71e9022e576f2f4.jpg
aee2e1c94486fd1e	34423	docs/bauges_bourget_combe/web/cdvl_img/bauges_i00e1b4d13983a6e3.jpg
e654d1f1a5533032	82960	docs/bauges_bourget_combe/web/cdvl_img/bauges_i1b784b5af7d0879f.jpg
e060b4d3d8fd4028	58205	docs/bauges_bourget_combe/web/cdvl_img/bauges_ic557c7a6ddc7dc8f.jpg
be0668c350a9552a	51338	docs/bauges_bourget_combe/web/cdvl_img/bauges_ic71e9022e576f2f4.jpg
be0668c350a9552a	51338	docs/bauges_bourget_combe/web/cdvl_img/combe-de-savoie_ic71e9022e576f2f4.jpg
be0668c350a9552a	51338	docs/bauges_bourget_combe/web/cdvl_img/lac-du-bourget_ic71e9022e576f2f4.jpg
13b301c87184bb9d	98095	docs/bauges_bourget_combe/web/cdvl_mevpa_les-clubs-de-savoie.html
3c6612d9d602c8f7	55452	docs/bauges_bourget_combe/web/cdvl_mevpa_sites-de-savoie.html
44de7df0ce05aeb4	65289	docs/bauges_bourget_combe/web/cdvl_voler-avec-les-rapaces_parc-des-bauges.html
55cdb9fd25e3a8b3	84948	docs/bauges_bourget_combe/web/cet_club.html
3b59218b5d0ec357	67204	docs/bauges_bourget_combe/web/cet_home.html
9e0bf74518c3199b	73990	docs/bauges_bourget_combe/web/cet_revard.html
1bfa5071320c02df	77556	docs/bauges_bourget_combe/web/cet_sapenay.html
55cdb9fd25e3a8b3	84948	docs/bauges_bourget_combe/web/cet_zones.html
b28ea16ee230f4d2	112299	docs/bauges_bourget_combe/web/cs_montlambert.html
95947cfd001f01a1	5758	docs/bauges_bourget_combe/web/ffvl_1452.html
cf5a3b0c9aeab444	5755	docs/bauges_bourget_combe/web/ffvl_528.html
06166ba5cfbd9c5b	5755	docs/bauges_bourget_combe/web/ffvl_651.html
9aa62722eca202cd	14352	docs/bauges_bourget_combe/web/fop_aix.html
0a243a55feefa3a5	809630	docs/bauges_bourget_combe/web/gex202.html
8be388a2082af3a3	117283	docs/bauges_bourget_combe/web/https___www_montlambair_org_.html
eca88cc8bb07bcb0	121766	docs/bauges_bourget_combe/web/https___www_montlambair_org_site_montlambert_.html
635b46c3764205c4	182541	docs/bauges_bourget_combe/web/https___www_zeleph_com_.html
cf0d59e01580c8fb	135842	docs/bauges_bourget_combe/web/https___www_zeleph_com_nos_sites_.html
eb4a2d5cd7971d70	162645	docs/bauges_bourget_combe/web/https___www_zeleph_com_nos_sites_verel_pragondran_.html
dc1258ddf42e40b8	45394	docs/bauges_bourget_combe/web/lg162.html
89e6724c7eccf30c	38235	docs/bauges_bourget_combe/web/lg186.html
f9c0f8744f1589b5	39781	docs/bauges_bourget_combe/web/lg211.html
0404599d6a28f39e	119955	docs/bauges_bourget_combe/web/montlambair_chamoux.html
fb36bdbb4e4f9192	124214	docs/bauges_bourget_combe/web/montlambair_liens.html
35c2b530ffb32151	108429	docs/bauges_bourget_combe/web/montlambair_sites.html
02a9e4ac46fdc903	121102	docs/bauges_bourget_combe/web/pi_brises.html
aa9dcb7d7a7c599d	6253	docs/bauges_bourget_combe/web/pi_brises2.html
3f9e163208c011c5	597559	docs/bauges_bourget_combe/web/rto_brises.html
019feb8f0dda67e9	131244	docs/bauges_bourget_combe/web/tlp_brises.html
7347a0b6971c2453	300095	docs/bauges_bourget_combe/web/vb_bulles-de-quietude.html
2aa2ede0268a948b	182943	docs/bauges_bourget_combe/web/vb_home.html
2f85719e61f3a384	193687	docs/bauges_bourget_combe/web/vb_reserve-des-bauges.html
e980a5958e45fd5e	203071	docs/bauges_bourget_combe/web/vb_sites-de-vol.html
da45747b825b8ce1	119826	docs/bauges_bourget_combe/web/zeleph_nos-sites_le-sire.html
f0c58485a0b19b53	113358	docs/bauges_bourget_combe/web/zeleph_nos-sites_les-atteros-du-club.html
ed7158a3b27c50f4	128630	docs/bauges_bourget_combe/web/zeleph_nos-sites_les-zones-aeriennes-ctr-tma.html
0dd3efabbef9ac07	137714	docs/bauges_bourget_combe/web/zeleph_recits-de-vols-et-daventures.html
ea478d87f158407c	164283	docs/bauges_bourget_combe/web/zeleph_verel-la-mer-verel-une-aventure-de-folie.html
354564dcb564098a	4543	docs/bauges_bourget_combe/wikicoords.json
ecbcb9068bdf731f	880	docs/brianconnais_ecrins_queyras_ubaye/bing.py
92cfde8502760b2c	752	docs/brianconnais_ecrins_queyras_ubaye/brave.py
b09ec5849096ee86	214440	docs/brianconnais_ecrins_queyras_ubaye/chocard/_accueil.html
f62b724aeadb75e2	1345	docs/brianconnais_ecrins_queyras_ubaye/chocard/_accueil.txt
23866c1960fda060	190308	docs/brianconnais_ecrins_queyras_ubaye/chocard/_le-club.html
b28babfbcbf5967a	1069	docs/brianconnais_ecrins_queyras_ubaye/chocard/_le-club.txt
3cead5ec3de3361a	200767	docs/brianconnais_ecrins_queyras_ubaye/chocard/_le-club_adhérer-aux-chocards.html
cf8eb0da0fe2d872	1556	docs/brianconnais_ecrins_queyras_ubaye/chocard/_le-club_adhérer-aux-chocards.txt
a28e950eca9c169b	238761	docs/brianconnais_ecrins_queyras_ubaye/chocard/_le-club_commission-vss.html
81bc26b044d9fbb0	5534	docs/brianconnais_ecrins_queyras_ubaye/chocard/_le-club_commission-vss.txt
d3c2bda96ac31d31	191908	docs/brianconnais_ecrins_queyras_ubaye/chocard/_le-club_contact.html
b5b3e39e9916137f	687	docs/brianconnais_ecrins_queyras_ubaye/chocard/_le-club_contact.txt
21a07286095a9966	262799	docs/brianconnais_ecrins_queyras_ubaye/chocard/_le-club_les-actions-chocard-airlines.html
72a781e2513b465e	4248	docs/brianconnais_ecrins_queyras_ubaye/chocard/_le-club_les-actions-chocard-airlines.txt
b95ecc3f32cb1367	200956	docs/brianconnais_ecrins_queyras_ubaye/chocard/_le-club_léquipe-jeunes-chocard-airlines.html
cbfdcfdfc9265eca	1615	docs/brianconnais_ecrins_queyras_ubaye/chocard/_le-club_léquipe-jeunes-chocard-airlines.txt
0adf01a0402b0a9e	220624	docs/brianconnais_ecrins_queyras_ubaye/chocard/_le-club_partenariats.html
36e67c5c37d4c66b	2072	docs/brianconnais_ecrins_queyras_ubaye/chocard/_le-club_partenariats.txt
ec8dac005f46bac6	198958	docs/brianconnais_ecrins_queyras_ubaye/chocard/_le-club_sites-et-matériel-chocard.html
526d5f9e7d868535	1230	docs/brianconnais_ecrins_queyras_ubaye/chocard/_le-club_sites-et-matériel-chocard.txt
746beff567e30303	189691	docs/brianconnais_ecrins_queyras_ubaye/chocard/_ressources.html
cf321ee00c6b4d04	906	docs/brianconnais_ecrins_queyras_ubaye/chocard/_ressources.txt
d31eeebce1fd3b89	176650	docs/brianconnais_ecrins_queyras_ubaye/chocard/_topo-du-secteur.html
ead790cc17bca11f	84	docs/brianconnais_ecrins_queyras_ubaye/chocard/_topo-du-secteur.txt
efa6de79ecb604a2	252843	docs/brianconnais_ecrins_queyras_ubaye/chocard/_topo-du-secteur_infos-remontées-mécaniques.html
e8b4bbde9584270a	5463	docs/brianconnais_ecrins_queyras_ubaye/chocard/_topo-du-secteur_infos-remontées-mécaniques.txt
375f3646bbef2aee	177144	docs/brianconnais_ecrins_queyras_ubaye/chocard/_topo-du-secteur_les-sites.html
5c3d6f9354eef480	82	docs/brianconnais_ecrins_queyras_ubaye/chocard/_topo-du-secteur_les-sites.txt
06616063216d5ef7	210057	docs/brianconnais_ecrins_queyras_ubaye/chocard/_topo-du-secteur_les-sites_ceillac.html
d1572990d8881129	1909	docs/brianconnais_ecrins_queyras_ubaye/chocard/_topo-du-secteur_les-sites_ceillac.txt
009f541d0bfb0c8c	200227	docs/brianconnais_ecrins_queyras_ubaye/chocard/_topo-du-secteur_les-sites_col-de-lizoard.html
eff79cae99e6e9e9	2418	docs/brianconnais_ecrins_queyras_ubaye/chocard/_topo-du-secteur_les-sites_col-de-lizoard.txt
3f55277610398708	195603	docs/brianconnais_ecrins_queyras_ubaye/chocard/_topo-du-secteur_les-sites_col-du-galibier.html
1383400ea0e4385b	1318	docs/brianconnais_ecrins_queyras_ubaye/chocard/_topo-du-secteur_les-sites_col-du-galibier.txt
4fc64e7a141d6432	201437	docs/brianconnais_ecrins_queyras_ubaye/chocard/_topo-du-secteur_les-sites_col-du-lautaret.html
905ace4b9c8b60d9	2027	docs/brianconnais_ecrins_queyras_ubaye/chocard/_topo-du-secteur_les-sites_col-du-lautaret.txt
199259d0eb3243b4	306212	docs/brianconnais_ecrins_queyras_ubaye/chocard/_topo-du-secteur_les-sites_la-vallouise.html
135bfbde4731e1a6	9178	docs/brianconnais_ecrins_queyras_ubaye/chocard/_topo-du-secteur_les-sites_la-vallouise.txt
4115b105bc0c6a62	262224	docs/brianconnais_ecrins_queyras_ubaye/chocard/_topo-du-secteur_les-sites_le-granon.html
65bbe9a4dbee4d5c	6338	docs/brianconnais_ecrins_queyras_ubaye/chocard/_topo-du-secteur_les-sites_le-granon.txt
ec3df2b9197b727a	256452	docs/brianconnais_ecrins_queyras_ubaye/chocard/_topo-du-secteur_les-sites_le-prorel.html
83bb071883591dc8	5437	docs/brianconnais_ecrins_queyras_ubaye/chocard/_topo-du-secteur_les-sites_le-prorel.txt
79d497e9f2abc4f6	224924	docs/brianconnais_ecrins_queyras_ubaye/chocard/_topo-du-secteur_les-sites_pente-écoles-et-gonflage.html
5818b9436b172315	2989	docs/brianconnais_ecrins_queyras_ubaye/chocard/_topo-du-secteur_les-sites_pente-écoles-et-gonflage.txt
297e97d5fdfea1b2	196711	docs/brianconnais_ecrins_queyras_ubaye/chocard/_topo-du-secteur_les-sites_serre-chevalier.html
b4d7a0ce0e2f5f63	839	docs/brianconnais_ecrins_queyras_ubaye/chocard/_topo-du-secteur_les-sites_serre-chevalier.txt
4ba6abf428358f6b	191419	docs/brianconnais_ecrins_queyras_ubaye/chocard/_topo-du-secteur_phénomènes-locaux-et-pièges.html
6ee21f5e04ac7a5f	846	docs/brianconnais_ecrins_queyras_ubaye/chocard/_topo-du-secteur_phénomènes-locaux-et-pièges.txt
87c4dcc4c49b9d45	185974	docs/brianconnais_ecrins_queyras_ubaye/chocard/_topo-du-secteur_phénomènes-locaux-et-pièges_la-brise-de-la-durance.html
0e641f039f18751a	842	docs/brianconnais_ecrins_queyras_ubaye/chocard/_topo-du-secteur_phénomènes-locaux-et-pièges_la-brise-de-la-durance.txt
d9e18c4b72f99e67	190914	docs/brianconnais_ecrins_queyras_ubaye/chocard/_topo-du-secteur_phénomènes-locaux-et-pièges_la-brise-de-la-romanche.html
b1f3d8a9b6a2aa19	1039	docs/brianconnais_ecrins_queyras_ubaye/chocard/_topo-du-secteur_phénomènes-locaux-et-pièges_la-brise-de-la-romanche.txt
bbb95b8983df8194	204782	docs/brianconnais_ecrins_queyras_ubaye/chocard/_topo-du-secteur_phénomènes-locaux-et-pièges_la-lombarde.html
58179135366611b2	2871	docs/brianconnais_ecrins_queyras_ubaye/chocard/_topo-du-secteur_phénomènes-locaux-et-pièges_la-lombarde.txt
2d6ed556575ffa7d	192196	docs/brianconnais_ecrins_queyras_ubaye/chocard/_topo-du-secteur_phénomènes-locaux-et-pièges_les-dust-devils.html
67a41e976abccffc	1457	docs/brianconnais_ecrins_queyras_ubaye/chocard/_topo-du-secteur_phénomènes-locaux-et-pièges_les-dust-devils.txt
97b98b80469f22fe	190746	docs/brianconnais_ecrins_queyras_ubaye/chocard/_topo-du-secteur_phénomènes-locaux-et-pièges_les-rentrées-de-nord-à-vallouise.html
fdfc044eda152b3c	1456	docs/brianconnais_ecrins_queyras_ubaye/chocard/_topo-du-secteur_phénomènes-locaux-et-pièges_les-rentrées-de-nord-à-vallouise.txt
22e7a5cb54e0d03a	191751	docs/brianconnais_ecrins_queyras_ubaye/chocard/_topo-du-secteur_phénomènes-locaux-et-pièges_les-rentrées-douest-à-vallouise.html
757337fcccc0e13e	2434	docs/brianconnais_ecrins_queyras_ubaye/chocard/_topo-du-secteur_phénomènes-locaux-et-pièges_les-rentrées-douest-à-vallouise.txt
c045a04e14e7d5d7	198805	docs/brianconnais_ecrins_queyras_ubaye/chocard/_topo-du-secteur_règlementation-aérienne.html
76dd361f2a961277	1805	docs/brianconnais_ecrins_queyras_ubaye/chocard/_topo-du-secteur_règlementation-aérienne.txt
5f799887644c14e4	253195	docs/brianconnais_ecrins_queyras_ubaye/chocard/_topo-du-secteur_règles-de-bonne-conduite.html
4da5ee0f2e4d4ebc	8690	docs/brianconnais_ecrins_queyras_ubaye/chocard/_topo-du-secteur_règles-de-bonne-conduite.txt
5b7c4fb8bff15b31	213565	docs/brianconnais_ecrins_queyras_ubaye/chocard/_topo-du-secteur_topo-cross-dans-le-secteur.html
6ebfb14edcd92201	1235	docs/brianconnais_ecrins_queyras_ubaye/chocard/_topo-du-secteur_topo-cross-dans-le-secteur.txt
0bb78ba5e6c2bb9f	184745	docs/brianconnais_ecrins_queyras_ubaye/chocard/_topo-du-secteur_topo-cross-dans-le-secteur_cross-difficile-cross-difficile-promenade-dans-les-ecrins.html
a38f12bac9a5c9f2	1005	docs/brianconnais_ecrins_queyras_ubaye/chocard/_topo-du-secteur_topo-cross-dans-le-secteur_cross-difficile-cross-difficile-promenade-dans-les-ecrins.txt
c2cdac294fbf9bec	180430	docs/brianconnais_ecrins_queyras_ubaye/chocard/_topo-du-secteur_topo-cross-dans-le-secteur_cross-facile-tour-de-vallée-au-départ-de-puy-aillaud.html
cc255fdd7bb5ee86	246	docs/brianconnais_ecrins_queyras_ubaye/chocard/_topo-du-secteur_topo-cross-dans-le-secteur_cross-facile-tour-de-vallée-au-départ-de-puy-aillaud.txt
55df36082e703320	181189	docs/brianconnais_ecrins_queyras_ubaye/chocard/_topo-du-secteur_topo-cross-dans-le-secteur_cross-moyen-puy-aillaud-blanche-narreyroux-têtes.html
6796e5d05db2aab5	437	docs/brianconnais_ecrins_queyras_ubaye/chocard/_topo-du-secteur_topo-cross-dans-le-secteur_cross-moyen-puy-aillaud-blanche-narreyroux-têtes.txt
b2a4610c86099d78	206895	docs/brianconnais_ecrins_queyras_ubaye/chocard/_topo-du-secteur_voler-dans-le-parc-national.html
fd922ecc1a47de63	2632	docs/brianconnais_ecrins_queyras_ubaye/chocard/_topo-du-secteur_voler-dans-le-parc-national.txt
5a2d3582baa54e2e	634	docs/brianconnais_ecrins_queyras_ubaye/ctxt.py
2c274b000d9cb055	185936	docs/brianconnais_ecrins_queyras_ubaye/durance.html
87c9f45cfc5a366f	5701	docs/brianconnais_ecrins_queyras_ubaye/ffvl/1124.html
c09e030c71c83b78	5704	docs/brianconnais_ecrins_queyras_ubaye/ffvl/13227.html
ebc34a3641baae4c	5704	docs/brianconnais_ecrins_queyras_ubaye/ffvl/13320.html
6857f799f5acc57e	5704	docs/brianconnais_ecrins_queyras_ubaye/ffvl/13413.html
f20c2afd352c7e00	5704	docs/brianconnais_ecrins_queyras_ubaye/ffvl/13414.html
09091218b5630658	5701	docs/brianconnais_ecrins_queyras_ubaye/ffvl/1361.html
b85d3a2b26b9eabb	5701	docs/brianconnais_ecrins_queyras_ubaye/ffvl/1362.html
c7c18de7a7635b33	5704	docs/brianconnais_ecrins_queyras_ubaye/ffvl/13718.html
fd2d4379f49fb6e4	5704	docs/brianconnais_ecrins_queyras_ubaye/ffvl/14189.html
b0dff4a3d39bc999	5701	docs/brianconnais_ecrins_queyras_ubaye/ffvl/2359.html
e50c623019c25bbd	5701	docs/brianconnais_ecrins_queyras_ubaye/ffvl/5209.html
42382f7d7b8e74b4	5698	docs/brianconnais_ecrins_queyras_ubaye/ffvl/669.html
1488511c2a328562	2368	docs/brianconnais_ecrins_queyras_ubaye/fig/aero_1.jpg
64e9d8b94fa0a774	2412	docs/brianconnais_ecrins_queyras_ubaye/fig/aero_2.jpg
ff24105eaa687130	2409	docs/brianconnais_ecrins_queyras_ubaye/fig/aero_3.jpg
deea6dfcd71d2cae	2412	docs/brianconnais_ecrins_queyras_ubaye/fig/aero_4.jpg
58440a66bddf144b	2412	docs/brianconnais_ecrins_queyras_ubaye/fig/aero_5.jpg
360b4d4317999ccd	2368	docs/brianconnais_ecrins_queyras_ubaye/fig/ceillac_1.jpg
ca8a992ab0265c04	2286	docs/brianconnais_ecrins_queyras_ubaye/fig/ceillac_2.jpg
e146bab4ee866750	2412	docs/brianconnais_ecrins_queyras_ubaye/fig/ceillac_3.jpg
6c3f71dc2699f5de	233167	docs/brianconnais_ecrins_queyras_ubaye/fig/conflu10.jpg
dd926713cb71b92b	2368	docs/brianconnais_ecrins_queyras_ubaye/fig/cross_1.jpg
169e79efba34790c	2286	docs/brianconnais_ecrins_queyras_ubaye/fig/cross_2.jpg
d6089d9051b21420	2412	docs/brianconnais_ecrins_queyras_ubaye/fig/cross_3.jpg
4b1847338ea85f6a	2412	docs/brianconnais_ecrins_queyras_ubaye/fig/cross_4.jpg
3cfb177d021d97d9	2412	docs/brianconnais_ecrins_queyras_ubaye/fig/cross_5.jpg
f813a82e757421f4	2412	docs/brianconnais_ecrins_queyras_ubaye/fig/cross_6.jpg
1a5f0b25d51115c5	2412	docs/brianconnais_ecrins_queyras_ubaye/fig/cross_7.jpg
e82aa6cfa661ec52	2412	docs/brianconnais_ecrins_queyras_ubaye/fig/cross_8.jpg
4b845c0c49d12de1	2412	docs/brianconnais_ecrins_queyras_ubaye/fig/cross_diff_1.jpg
79a55d9206d7625d	2412	docs/brianconnais_ecrins_queyras_ubaye/fig/cross_diff_2.jpg
a32faaca5bada094	2412	docs/brianconnais_ecrins_queyras_ubaye/fig/durance_1.jpg
685c010e459ba53c	2412	docs/brianconnais_ecrins_queyras_ubaye/fig/durance_2.jpg
6a39503f893ab8f7	2368	docs/brianconnais_ecrins_queyras_ubaye/fig/galibier_1.jpg
19727c5b7a88b889	2365	docs/brianconnais_ecrins_queyras_ubaye/fig/granon_1.jpg
f9b1671f917d7239	2412	docs/brianconnais_ecrins_queyras_ubaye/fig/granon_2.jpg
a324c7188cd93798	2365	docs/brianconnais_ecrins_queyras_ubaye/fig/izoard_1.jpg
a9ad9401e98ec624	2368	docs/brianconnais_ecrins_queyras_ubaye/fig/lautaret_1.jpg
08cab1b1dd40b7d6	2286	docs/brianconnais_ecrins_queyras_ubaye/fig/lautaret_2.jpg
b8004c2f6b912712	2412	docs/brianconnais_ecrins_queyras_ubaye/fig/lautaret_3.jpg
707477a60e7a7b3b	2412	docs/brianconnais_ecrins_queyras_ubaye/fig/nord_1.jpg
18e01add2c54d401	2412	docs/brianconnais_ecrins_queyras_ubaye/fig/ouest_1.jpg
9238bf7aa2e4cda4	2368	docs/brianconnais_ecrins_queyras_ubaye/fig/parc_1.jpg
5908136287a74d0c	2409	docs/brianconnais_ecrins_queyras_ubaye/fig/parc_2.jpg
588157f78425b5af	2286	docs/brianconnais_ecrins_queyras_ubaye/fig/parc_3.jpg
9a4ccc18efd29d4b	2412	docs/brianconnais_ecrins_queyras_ubaye/fig/parc_4.jpg
de34438179115f68	2284	docs/brianconnais_ecrins_queyras_ubaye/fig/parc_5.jpg
e3d6fccd897f172d	2407	docs/brianconnais_ecrins_queyras_ubaye/fig/parc_6.jpg
bd2159be7a1a4b86	2286	docs/brianconnais_ecrins_queyras_ubaye/fig/parc_7.jpg
ceb5d70bef201c9c	2412	docs/brianconnais_ecrins_queyras_ubaye/fig/parc_8.jpg
169e79efba34790c	2286	docs/brianconnais_ecrins_queyras_ubaye/fig/pieges_1.jpg
6d8716f8a12be952	2412	docs/brianconnais_ecrins_queyras_ubaye/fig/pieges_2.jpg
83073b1aec3f9cb6	2365	docs/brianconnais_ecrins_queyras_ubaye/fig/prorel_1.jpg
88b44480f01decb3	2412	docs/brianconnais_ecrins_queyras_ubaye/fig/prorel_2.jpg
318ac488c4e505c5	2412	docs/brianconnais_ecrins_queyras_ubaye/fig/prorel_3.jpg
eeb97cabbf3d8cf2	2368	docs/brianconnais_ecrins_queyras_ubaye/fig/romanche_1.jpg
f61c89a96973e63e	2368	docs/brianconnais_ecrins_queyras_ubaye/fig/romanche_2.jpg
c641b8ed30411c8e	2368	docs/brianconnais_ecrins_queyras_ubaye/fig/serrechev_1.jpg
7dd2ba9e483280c5	2412	docs/brianconnais_ecrins_queyras_ubaye/fig/t.jpg
f7529e9f9344ddbe	2368	docs/brianconnais_ecrins_queyras_ubaye/fig/vallouise_1.jpg
f241474b80bb3936	2412	docs/brianconnais_ecrins_queyras_ubaye/fig/vallouise_2.jpg
2d383c13726e828d	2412	docs/brianconnais_ecrins_queyras_ubaye/fig/vallouise_3.jpg
daf9eda9f0daab71	2412	docs/brianconnais_ecrins_queyras_ubaye/fig/vallouise_4.jpg
eb40da0c8885734c	2412	docs/brianconnais_ecrins_queyras_ubaye/fig/vallouise_5.jpg
5947571969249c88	2412	docs/brianconnais_ecrins_queyras_ubaye/fig/vallouise_6.jpg
2300d292e43284d7	130454	docs/brianconnais_ecrins_queyras_ubaye/forum228.html
7c38a110bb37569e	106216	docs/brianconnais_ecrins_queyras_ubaye/forum_t146.html
f5baef070eb1cf34	129406	docs/brianconnais_ecrins_queyras_ubaye/forum_t207-reunion-diaporama-des-parapentistes-du-brianconnais.html
642c94396dab0c44	69984	docs/brianconnais_ecrins_queyras_ubaye/forum_t341-voler-dans-la-vallee-de-serre-che-demain.html
dcafe2278dd1b4e8	89920	docs/brianconnais_ecrins_queyras_ubaye/forum_t424-vol-a-serre-buzard-le-2-mars-2010.html
e04d998b4aafede9	83953	docs/brianconnais_ecrins_queyras_ubaye/forum_t436-complique.html
111df3224d5cb7eb	164665	docs/brianconnais_ecrins_queyras_ubaye/forum_t508-enfin-un-club-pour-le-brianconnais.html
2c1bb99a3bf415b0	71112	docs/brianconnais_ecrins_queyras_ubaye/forum_t559-vol-dans-les-ecrins.html
edabd3daf655d827	79661	docs/brianconnais_ecrins_queyras_ubaye/forum_t56-vol-libre-dans-le-parc-des-ecrins.html
1d293176d120e979	78986	docs/brianconnais_ecrins_queyras_ubaye/forum_t560-les-sites-pour-voler-aux-alentours-de-briancon.html
71182d7513c9de51	71024	docs/brianconnais_ecrins_queyras_ubaye/forum_t579-xalp-dans-la-vallee.html
63fa021e60033990	70888	docs/brianconnais_ecrins_queyras_ubaye/forum_t645-queyras-sites-potentiels-et-aerologie.html
468f2006f9f16b36	79124	docs/brianconnais_ecrins_queyras_ubaye/forum_t647-atterissages-dans-la-vallee-du-brianconnais.html
810451f0f7d73e88	70285	docs/brianconnais_ecrins_queyras_ubaye/forum_t7-site-pour-lire-les-balises-du-brianconnais.html
e425c0c1ddee5f49	2392	docs/brianconnais_ecrins_queyras_ubaye/img/aero_1.jpg
6d5fbb45cdfa0ed7	2368	docs/brianconnais_ecrins_queyras_ubaye/img/aero_2.jpg
b9ed9025dde7701d	2368	docs/brianconnais_ecrins_queyras_ubaye/img/aero_3.jpg
b68bb0f47e2242d4	2412	docs/brianconnais_ecrins_queyras_ubaye/img/aero_4.jpg
567dd6d981a9f8aa	2409	docs/brianconnais_ecrins_queyras_ubaye/img/aero_5.jpg
890cbe7d0e04ddf2	2412	docs/brianconnais_ecrins_queyras_ubaye/img/aero_6.jpg
988b51f300ba01a6	2412	docs/brianconnais_ecrins_queyras_ubaye/img/aero_7.jpg
d6b520ea239853d1	2389	docs/brianconnais_ecrins_queyras_ubaye/img/aero_8.jpg
e425c0c1ddee5f49	2392	docs/brianconnais_ecrins_queyras_ubaye/img/cross_1.jpg
168930f0330773a5	2412	docs/brianconnais_ecrins_queyras_ubaye/img/cross_10.jpg
d6b520ea239853d1	2389	docs/brianconnais_ecrins_queyras_ubaye/img/cross_11.jpg
6d5fbb45cdfa0ed7	2368	docs/brianconnais_ecrins_queyras_ubaye/img/cross_2.jpg
dc1bd4ec667ae5a9	2368	docs/brianconnais_ecrins_queyras_ubaye/img/cross_3.jpg
9af3e5a030fafe39	2286	docs/brianconnais_ecrins_queyras_ubaye/img/cross_4.jpg
55944350e6eec5cc	2412	docs/brianconnais_ecrins_queyras_ubaye/img/cross_5.jpg
111ada35a042382e	2412	docs/brianconnais_ecrins_queyras_ubaye/img/cross_6.jpg
f7bdfdab13c7fb92	2412	docs/brianconnais_ecrins_queyras_ubaye/img/cross_7.jpg
fc8e28e85fba1780	2412	docs/brianconnais_ecrins_queyras_ubaye/img/cross_8.jpg
8c45ca0e8ef80869	2412	docs/brianconnais_ecrins_queyras_ubaye/img/cross_9.jpg
e425c0c1ddee5f49	2392	docs/brianconnais_ecrins_queyras_ubaye/img/durance_1.jpg
6d5fbb45cdfa0ed7	2368	docs/brianconnais_ecrins_queyras_ubaye/img/durance_2.jpg
d0e2b4ec61d6cd6b	2412	docs/brianconnais_ecrins_queyras_ubaye/img/durance_3.jpg
53e9233e8760caef	2412	docs/brianconnais_ecrins_queyras_ubaye/img/durance_4.jpg
d6b520ea239853d1	2389	docs/brianconnais_ecrins_queyras_ubaye/img/durance_5.jpg
e425c0c1ddee5f49	2392	docs/brianconnais_ecrins_queyras_ubaye/img/granon_1.jpg
6d5fbb45cdfa0ed7	2368	docs/brianconnais_ecrins_queyras_ubaye/img/granon_2.jpg
cd380794ae58d985	2365	docs/brianconnais_ecrins_queyras_ubaye/img/granon_3.jpg
c8a30dc8a38b36b5	2412	docs/brianconnais_ecrins_queyras_ubaye/img/granon_4.jpg
d6b520ea239853d1	2389	docs/brianconnais_ecrins_queyras_ubaye/img/granon_5.jpg
e425c0c1ddee5f49	2392	docs/brianconnais_ecrins_queyras_ubaye/img/izoard_1.jpg
6d5fbb45cdfa0ed7	2368	docs/brianconnais_ecrins_queyras_ubaye/img/izoard_2.jpg
03b0b05c3a602d66	2365	docs/brianconnais_ecrins_queyras_ubaye/img/izoard_3.jpg
d6b520ea239853d1	2389	docs/brianconnais_ecrins_queyras_ubaye/img/izoard_4.jpg
e425c0c1ddee5f49	2392	docs/brianconnais_ecrins_queyras_ubaye/img/lautaret_1.jpg
6d5fbb45cdfa0ed7	2368	docs/brianconnais_ecrins_queyras_ubaye/img/lautaret_2.jpg
98470439f86407b5	2368	docs/brianconnais_ecrins_queyras_ubaye/img/lautaret_3.jpg
6caf85a1a7c5d24f	2286	docs/brianconnais_ecrins_queyras_ubaye/img/lautaret_4.jpg
97171e47218f1103	2412	docs/brianconnais_ecrins_queyras_ubaye/img/lautaret_5.jpg
d6b520ea239853d1	2389	docs/brianconnais_ecrins_queyras_ubaye/img/lautaret_6.jpg
e425c0c1ddee5f49	2392	docs/brianconnais_ecrins_queyras_ubaye/img/lombarde_1.jpg
6d5fbb45cdfa0ed7	2368	docs/brianconnais_ecrins_queyras_ubaye/img/lombarde_2.jpg
d6b520ea239853d1	2389	docs/brianconnais_ecrins_queyras_ubaye/img/lombarde_3.jpg
e425c0c1ddee5f49	2392	docs/brianconnais_ecrins_queyras_ubaye/img/nord_1.jpg
6d5fbb45cdfa0ed7	2368	docs/brianconnais_ecrins_queyras_ubaye/img/nord_2.jpg
05fdbee51a519a05	2412	docs/brianconnais_ecrins_queyras_ubaye/img/nord_3.jpg
d6b520ea239853d1	2389	docs/brianconnais_ecrins_queyras_ubaye/img/nord_4.jpg
e425c0c1ddee5f49	2392	docs/brianconnais_ecrins_queyras_ubaye/img/ouest_1.jpg
6d5fbb45cdfa0ed7	2368	docs/brianconnais_ecrins_queyras_ubaye/img/ouest_2.jpg
7f700d9c4a993a14	2412	docs/brianconnais_ecrins_queyras_ubaye/img/ouest_3.jpg
d6b520ea239853d1	2389	docs/brianconnais_ecrins_queyras_ubaye/img/ouest_4.jpg
e425c0c1ddee5f49	2392	docs/brianconnais_ecrins_queyras_ubaye/img/parc_1.jpg
4ab862723f9ac363	2412	docs/brianconnais_ecrins_queyras_ubaye/img/parc_10.jpg
d6b520ea239853d1	2389	docs/brianconnais_ecrins_queyras_ubaye/img/parc_11.jpg
6d5fbb45cdfa0ed7	2368	docs/brianconnais_ecrins_queyras_ubaye/img/parc_2.jpg
8d93e3929e9eec17	2368	docs/brianconnais_ecrins_queyras_ubaye/img/parc_3.jpg
fbfb7b2a890cf242	2409	docs/brianconnais_ecrins_queyras_ubaye/img/parc_4.jpg
7ef9292eb771fd7d	2286	docs/brianconnais_ecrins_queyras_ubaye/img/parc_5.jpg
25c53e4c43a2c893	2412	docs/brianconnais_ecrins_queyras_ubaye/img/parc_6.jpg
7a7efb2b783526ad	2284	docs/brianconnais_ecrins_queyras_ubaye/img/parc_7.jpg
a772e2ae26eb24bc	2407	docs/brianconnais_ecrins_queyras_ubaye/img/parc_8.jpg
4b4bf1381cadfd38	2286	docs/brianconnais_ecrins_queyras_ubaye/img/parc_9.jpg
e425c0c1ddee5f49	2392	docs/brianconnais_ecrins_queyras_ubaye/img/pieges_1.jpg
6d5fbb45cdfa0ed7	2368	docs/brianconnais_ecrins_queyras_ubaye/img/pieges_2.jpg
9af3e5a030fafe39	2286	docs/brianconnais_ecrins_queyras_ubaye/img/pieges_3.jpg
2d7f8adc67e5c5f5	2412	docs/brianconnais_ecrins_queyras_ubaye/img/pieges_4.jpg
d6b520ea239853d1	2389	docs/brianconnais_ecrins_queyras_ubaye/img/pieges_5.jpg
e425c0c1ddee5f49	2392	docs/brianconnais_ecrins_queyras_ubaye/img/prorel_1.jpg
6d5fbb45cdfa0ed7	2368	docs/brianconnais_ecrins_queyras_ubaye/img/prorel_2.jpg
aadbcfab4d937a56	2365	docs/brianconnais_ecrins_queyras_ubaye/img/prorel_3.jpg
5446e9c195a4b09b	2412	docs/brianconnais_ecrins_queyras_ubaye/img/prorel_4.jpg
68eef2f2d854c326	2412	docs/brianconnais_ecrins_queyras_ubaye/img/prorel_5.jpg
d6b520ea239853d1	2389	docs/brianconnais_ecrins_queyras_ubaye/img/prorel_6.jpg
e425c0c1ddee5f49	2392	docs/brianconnais_ecrins_queyras_ubaye/img/romanche_1.jpg
6d5fbb45cdfa0ed7	2368	docs/brianconnais_ecrins_queyras_ubaye/img/romanche_2.jpg
2bb7ea2b3e3302e0	2368	docs/brianconnais_ecrins_queyras_ubaye/img/romanche_3.jpg
0d0aa05a928b8730	2368	docs/brianconnais_ecrins_queyras_ubaye/img/romanche_4.jpg
d6b520ea239853d1	2389	docs/brianconnais_ecrins_queyras_ubaye/img/romanche_5.jpg
e425c0c1ddee5f49	2392	docs/brianconnais_ecrins_queyras_ubaye/img/vallouise_1.jpg
6d5fbb45cdfa0ed7	2368	docs/brianconnais_ecrins_queyras_ubaye/img/vallouise_2.jpg
f30a246c7e0ba7c8	2368	docs/brianconnais_ecrins_queyras_ubaye/img/vallouise_3.jpg
74dc8d3a663a597a	2412	docs/brianconnais_ecrins_queyras_ubaye/img/vallouise_4.jpg
d37b96c35c702fc0	2412	docs/brianconnais_ecrins_queyras_ubaye/img/vallouise_5.jpg
b4bf15c3a5d980f0	2412	docs/brianconnais_ecrins_queyras_ubaye/img/vallouise_6.jpg
b5d1d8fbec483ca6	2412	docs/brianconnais_ecrins_queyras_ubaye/img/vallouise_7.jpg
853b6eecf4f754d7	2412	docs/brianconnais_ecrins_queyras_ubaye/img/vallouise_8.jpg
d6b520ea239853d1	2389	docs/brianconnais_ecrins_queyras_ubaye/img/vallouise_9.jpg
2bb2154700b594d0	19355	docs/brianconnais_ecrins_queyras_ubaye/kml/1-jBNMQiDssrG3NiQFehTHiVOW5FkX9A.kml
718b90ad07b68992	374058	docs/brianconnais_ecrins_queyras_ubaye/kml/1AOByuSEKdcyTLAC3nQyzZ469-z10qWuA.kml
62bf395a11d346cb	45682	docs/brianconnais_ecrins_queyras_ubaye/kml/1C05dmXosK3hb980_X1JoyTo05jnl6cc.kml
dfc44ba65715096e	28632	docs/brianconnais_ecrins_queyras_ubaye/kml/1bfjZ4pAmuAxIIqMsxlr11xLeBppJfa8.kml
6d22d6e7c17a2fc2	17726	docs/brianconnais_ecrins_queyras_ubaye/kml/1y1zqy49gN7Gkxc3-1_D2loJNL_4In5YA.kml
bc1afb6084fd834b	374062	docs/brianconnais_ecrins_queyras_ubaye/kml/sites_fixed.kml
5b61c40d207f1ca5	1081	docs/brianconnais_ecrins_queyras_ubaye/kmldump.py
2dca593541540acf	2512	docs/brianconnais_ecrins_queyras_ubaye/kmlgeo.py
3fb5b34e4424f36f	40520	docs/brianconnais_ecrins_queyras_ubaye/merc/m-01.png
bb84c351e907987c	219652	docs/brianconnais_ecrins_queyras_ubaye/merc/m-02.png
144aa2275fe4ca1d	981578	docs/brianconnais_ecrins_queyras_ubaye/merc/m-03.png
08b50bbe7a3c9a6e	116434	docs/brianconnais_ecrins_queyras_ubaye/merc/m-04.png
28f38d196c17f69c	130467	docs/brianconnais_ecrins_queyras_ubaye/merc/m-05.png
2af4783dfaf62290	172272	docs/brianconnais_ecrins_queyras_ubaye/merc/m-06.png
afd8274e39418231	590161	docs/brianconnais_ecrins_queyras_ubaye/merc/m-07.png
7b3303d9e803419b	63848	docs/brianconnais_ecrins_queyras_ubaye/merc/p-08.png
4f958e3a5198efae	104055	docs/brianconnais_ecrins_queyras_ubaye/merc/p-09.png
a921708ccc43ebad	56126	docs/brianconnais_ecrins_queyras_ubaye/merc/p-10.png
c8fa24c8fd81a54f	77103	docs/brianconnais_ecrins_queyras_ubaye/merc/p-11.png
c57aab5e224ac3b7	104202	docs/brianconnais_ecrins_queyras_ubaye/merc/p-12.png
0fa49166e8748d78	1600863	docs/brianconnais_ecrins_queyras_ubaye/merc/p-13.png
24c2be7303630b41	395019	docs/brianconnais_ecrins_queyras_ubaye/merc/p-14.png
f4a2a40c96ff2772	1715	docs/brianconnais_ecrins_queyras_ubaye/nomi.json
b7d7e8fece7f1304	1439	docs/brianconnais_ecrins_queyras_ubaye/nomi.log
54e1001a08caac6c	1813	docs/brianconnais_ecrins_queyras_ubaye/nomi.py
9d5703cdc3dbfdda	1550	docs/brianconnais_ecrins_queyras_ubaye/nomi1.json
a6b780a3f7dfc3f9	145	docs/brianconnais_ecrins_queyras_ubaye/nomi2.log
313df9afe9dffd01	760	docs/brianconnais_ecrins_queyras_ubaye/nomi2.py
34205e264d0167b8	408	docs/brianconnais_ecrins_queyras_ubaye/nomi3.log
bd1f6bb95005d645	31071	docs/brianconnais_ecrins_queyras_ubaye/ps_aida_arrete2016.html
f78082d3a2ec53cc	1645	docs/brianconnais_ecrins_queyras_ubaye/ps_aida_arrete2016.txt
737c9c61c413a21b	55522	docs/brianconnais_ecrins_queyras_ubaye/ps_aida_arrete2016_02.html
7226bef30cbb939b	12073	docs/brianconnais_ecrins_queyras_ubaye/ps_aida_arrete2016_02.txt
143291ef6bec6515	500468	docs/brianconnais_ecrins_queyras_ubaye/ps_dauphine_lameinair.html
acedfbe101585757	11343	docs/brianconnais_ecrins_queyras_ubaye/ps_dauphine_lameinair.txt
3feec9fdd6a6cce8	9910533	docs/brianconnais_ecrins_queyras_ubaye/ps_ffvl_mercantour_survols.pdf
f36239d0155be667	34642	docs/brianconnais_ecrins_queyras_ubaye/ps_ffvl_mercantour_survols.txt
640424744924f080	6812369	docs/brianconnais_ecrins_queyras_ubaye/ps_ffvl_parc_mercantour.pdf
cb7c7f5a50363e84	10	docs/brianconnais_ecrins_queyras_ubaye/ps_ffvl_parc_mercantour.txt
a61c492958bb695c	115512	docs/brianconnais_ecrins_queyras_ubaye/ps_mercantour_regl.html
636d7352c4bd4166	18133	docs/brianconnais_ecrins_queyras_ubaye/ps_mercantour_regl.txt
45b6da571cef2102	110868	docs/brianconnais_ecrins_queyras_ubaye/ps_pi_topoguide_ubaye.html
e1011667776e0765	16673	docs/brianconnais_ecrins_queyras_ubaye/ps_pi_topoguide_ubaye.txt
873c116d4b7fa073	30316	docs/brianconnais_ecrins_queyras_ubaye/ps_pi_ubaye_st_ours.html
907a3a66813a98dd	4733	docs/brianconnais_ecrins_queyras_ubaye/ps_pi_ubaye_st_ours.txt
270e37bb80feb791	599106	docs/brianconnais_ecrins_queyras_ubaye/ps_rto_8sommets_ubaye.html
7cad0c3662409ee4	12489	docs/brianconnais_ecrins_queyras_ubaye/ps_rto_8sommets_ubaye.txt
a0fac9a008da6b76	104710	docs/brianconnais_ecrins_queyras_ubaye/ps_sevmika_balaour.html
f97144183c2b3de8	2878	docs/brianconnais_ecrins_queyras_ubaye/ps_sevmika_balaour.txt
c9d9766e85eccba2	167577	docs/brianconnais_ecrins_queyras_ubaye/ps_sevmika_parassac.html
fcef3132d1236a56	12369	docs/brianconnais_ecrins_queyras_ubaye/ps_sevmika_parassac.txt
80331fc5214ffed9	185027	docs/brianconnais_ecrins_queyras_ubaye/ps_sevmika_soleilboeuf.html
8ebc16b98e040aa5	13620	docs/brianconnais_ecrins_queyras_ubaye/ps_sevmika_soleilboeuf.txt
d3d374294f5ead17	36497	docs/brianconnais_ecrins_queyras_ubaye/ps_ubayeparapente_acces.html
a0dc1518fd18ac57	1713	docs/brianconnais_ecrins_queyras_ubaye/ps_ubayeparapente_acces.txt
92add927efdbb493	53167	docs/brianconnais_ecrins_queyras_ubaye/ps_ubayeparapente_baptemes.html
1b24f103a8c03aa2	10630	docs/brianconnais_ecrins_queyras_ubaye/ps_ubayeparapente_baptemes.txt
dd8013bf1c9be8a3	27615	docs/brianconnais_ecrins_queyras_ubaye/ps_ubayeparapente_ecole.html
bd845b1602523684	1998	docs/brianconnais_ecrins_queyras_ubaye/ps_ubayeparapente_ecole.txt
92387bff7843dfa6	27374	docs/brianconnais_ecrins_queyras_ubaye/ps_ubayeparapente_logistique.html
6fba9c943556b096	1955	docs/brianconnais_ecrins_queyras_ubaye/ps_ubayeparapente_logistique.txt
e134058751ee1c5c	26297	docs/brianconnais_ecrins_queyras_ubaye/ps_ubayeparapente_meteo.html
1ffcfca590310b5b	392	docs/brianconnais_ecrins_queyras_ubaye/ps_ubayeparapente_meteo.txt
a9b3cdca4f92afc6	56657	docs/brianconnais_ecrins_queyras_ubaye/ps_ubayeparapente_sites.html
a7362d64bf10a171	492	docs/brianconnais_ecrins_queyras_ubaye/ps_ubayeparapente_sites.txt
21e33cec059164a1	157598	docs/brianconnais_ecrins_queyras_ubaye/thermal/ailes_lac.html
c701db14ea9cb368	4573	docs/brianconnais_ecrins_queyras_ubaye/thermal/curlair_jimdo.html
fc6a7c31f764abf0	80988	docs/brianconnais_ecrins_queyras_ubaye/thermal/diff_zone_chorges.html
6fce55c68ed4ef6f	6785	docs/brianconnais_ecrins_queyras_ubaye/thermal/embrun_club.html
d7b84c95e1fb09ec	21175	docs/brianconnais_ecrins_queyras_ubaye/thermal/paraglidream_vallouise.html
408adb8a55352e5c	77195	docs/brianconnais_ecrins_queyras_ubaye/thermal/pi_agy_granon.html
13dee931af415aa3	52912	docs/brianconnais_ecrins_queyras_ubaye/thermal/pi_cross_serrechev.html
af266778484bfbb0	41999	docs/brianconnais_ecrins_queyras_ubaye/thermal/pi_dormillouse.html
225a533094d6cacd	136087	docs/brianconnais_ecrins_queyras_ubaye/thermal/pi_remontee_dormillouse.html
d9d448083d455940	129615	docs/brianconnais_ecrins_queyras_ubaye/thermal/pi_stv_25.html
114ce9998d3760e3	70934	docs/brianconnais_ecrins_queyras_ubaye/thermal/pi_stv_50.html
01e15c9301188243	125366	docs/brianconnais_ecrins_queyras_ubaye/thermal/pi_stvincent_cross_0.html
1b18a8dc89ca87b6	125395	docs/brianconnais_ecrins_queyras_ubaye/thermal/pi_stvincent_cross_10.html
32ed63159c77e21e	3038	docs/brianconnais_ecrins_queyras_ubaye/thermal/scribd_briancon.html
c60c6a3cad74ac5b	135290	docs/brianconnais_ecrins_queyras_ubaye/thermal/spvl_pages.json
eb5fe1bc16b8dbf4	3177	docs/brianconnais_ecrins_queyras_ubaye/thermal/spvl_posts.json
c4f121839041d2bd	69179	docs/brianconnais_ecrins_queyras_ubaye/thermal/spvl_sites.html
2ed659365cfc7064	961014	docs/brianconnais_ecrins_queyras_ubaye/thermal/ubaye_parapente_decouverte.html
e551ac1907c0acc1	1210796	docs/brianconnais_ecrins_queyras_ubaye/thermal/yt_138.html
a65eae254c1bcfdb	294	docs/brianconnais_ecrins_queyras_ubaye/txt.py
3d351b48ceb97ead	67844	docs/brianconnais_ecrins_queyras_ubaye/web/adren_embrun.html
a5804ed332cb03d1	28543	docs/brianconnais_ecrins_queyras_ubaye/web/ae_embrunais.html
5b4502018fde70da	101159	docs/brianconnais_ecrins_queyras_ubaye/web/axesse.html
0ea1df63b5338a87	131804	docs/brianconnais_ecrins_queyras_ubaye/web/bing.html
ed5be7e889c237e5	169752	docs/brianconnais_ecrins_queyras_ubaye/web/bp_grand-vol.html
90d99766b083f606	154524	docs/brianconnais_ecrins_queyras_ubaye/web/bp_infos-pratiques.html
a2c3190418b6b8d7	155677	docs/brianconnais_ecrins_queyras_ubaye/web/bp_serre-chevalier-parapente.html
ba74f33a0e54e9d8	201818	docs/brianconnais_ecrins_queyras_ubaye/web/bpara.html
fc99ce04eabff72e	219163	docs/brianconnais_ecrins_queyras_ubaye/web/brave.html
bf2763b6b8a94e69	4573	docs/brianconnais_ecrins_queyras_ubaye/web/curlair.html
8b409a1344b96e22	14319	docs/brianconnais_ecrins_queyras_ubaye/web/ddg.html
e658cde9f4c28e6a	77238	docs/brianconnais_ecrins_queyras_ubaye/web/differenciel.html
dbadbbd8332c2218	69227	docs/brianconnais_ecrins_queyras_ubaye/web/ecrins_survols.html
1ee33beb0604b11d	414599	docs/brianconnais_ecrins_queyras_ubaye/web/geotrek_champfroid.pdf
6cf9a36ba24fa2f7	211607	docs/brianconnais_ecrins_queyras_ubaye/web/geotrek_mtguillaume.pdf
86a6984a55ef3466	404142	docs/brianconnais_ecrins_queyras_ubaye/web/infos_serreponcon.html
ecae1bd59bce6e50	838883	docs/brianconnais_ecrins_queyras_ubaye/web/ozone_record.html
9d0a97aa44fad416	434937	docs/brianconnais_ecrins_queyras_ubaye/web/pacaubaye.html
b28c9640db50ed12	30061	docs/brianconnais_ecrins_queyras_ubaye/web/pollen.html
f1be6294bf1c6b39	30961	docs/brianconnais_ecrins_queyras_ubaye/web/pollen_conseils.html
b149f419d35f5dff	126643	docs/brianconnais_ecrins_queyras_ubaye/web/psi_nouveau_briancon.html
6ed0574fba55d268	659301	docs/brianconnais_ecrins_queyras_ubaye/web/rock_stvincent.html
1862500761e86ba3	144978	docs/brianconnais_ecrins_queyras_ubaye/web/serreponcon_com.html
47d226e546eeee63	75047	docs/brianconnais_ecrins_queyras_ubaye/web/serreponconvl.html
47d226e546eeee63	75047	docs/brianconnais_ecrins_queyras_ubaye/web/spvl.html
c4f121839041d2bd	69179	docs/brianconnais_ecrins_queyras_ubaye/web/spvl_p.html
a0b54e5028049211	611869	docs/brianconnais_ecrins_queyras_ubaye/web/sv1.html
9929015018eacc36	2515	docs/brianconnais_ecrins_queyras_ubaye/web/teteenlair.html
d3d374294f5ead17	36497	docs/brianconnais_ecrins_queyras_ubaye/web/ubaye_espace-pratique_acces.html
e134058751ee1c5c	26297	docs/brianconnais_ecrins_queyras_ubaye/web/ubaye_espace-pratique_meteo.html
92387bff7843dfa6	27374	docs/brianconnais_ecrins_queyras_ubaye/web/ubaye_home_la-logistique.html
a9b3cdca4f92afc6	56657	docs/brianconnais_ecrins_queyras_ubaye/web/ubaye_home_les-sites.html
e6a2e072c8da2c33	33521	docs/brianconnais_ecrins_queyras_ubaye/web/ubayeparapente.html
38b97787e82c2352	247641	docs/brianconnais_ecrins_queyras_ubaye/web/ultimate_8011.html
169bd16d6d5c6c0f	247641	docs/brianconnais_ecrins_queyras_ubaye/web/ultimate_ubaye.html
326f8822ffb3c4c5	204770	docs/brianconnais_ecrins_queyras_ubaye/web/vvanat.html
b1ca4fa0fcbbe16d	375988	docs/brianconnais_ecrins_queyras_ubaye/web/yumping_ubaye.html
caa6d07c73141ec2	2636	docs/brianconnais_ecrins_queyras_ubaye/wiki_coords.json
a9d0cf7f5ba7eedd	1001	docs/chablais_giffre_arve/CSP.kml
a9d0cf7f5ba7eedd	1001	docs/chablais_giffre_arve/CSP.wpt
c89b16d1d7b6a911	65445	docs/chablais_giffre_arve/alpesguides_mole.html
ee4f009f775ce50b	3969	docs/chablais_giffre_arve/alpesguides_mole.txt
860ccd54b865945e	196655	docs/chablais_giffre_arve/alpsfreeride.html
65a8cbb397c1fd05	2003	docs/chablais_giffre_arve/alpsfreeride.txt
a40e80b67e354ba2	964090	docs/chablais_giffre_arve/bases_meteo.pdf
e5c57fd450262069	7781	docs/chablais_giffre_arve/c2c_mole.html
f7ca8b24ca2cc15d	16	docs/chablais_giffre_arve/c2c_mole.txt
388149b1faae9188	139656	docs/chablais_giffre_arve/c2c_takeoffs.json
45e2cb2a4956ac3c	174909	docs/chablais_giffre_arve/cdvl74.html
a73df42fca221661	138617	docs/chablais_giffre_arve/cdvl_amenagements.html
fee61a3b20e6a6d1	139631	docs/chablais_giffre_arve/cdvl_chartes-de-bonne-conduite.html
9ba8419175987141	154680	docs/chablais_giffre_arve/cdvl_espaces-de-pratiques.html
122e4938cf72a964	145994	docs/chablais_giffre_arve/cdvl_liens-utiles.html
9d38c3e833c39324	150731	docs/chablais_giffre_arve/cdvl_zsm-actives.html
6318853a5bd38327	598184	docs/chablais_giffre_arve/cepob_vents.pdf
8432fbb3f476ff5f	41513	docs/chablais_giffre_arve/cepob_vents.txt
0f27a28076663aff	87228	docs/chablais_giffre_arve/choto_club.html
6a39cba6db1afa83	172370	docs/chablais_giffre_arve/choucas.html
1fdef186161b76d6	133790	docs/chablais_giffre_arve/choucas_meteo-vallee-du-giffre.html
e3bd89cfaa69a676	104264	docs/chablais_giffre_arve/choucas_reglement-interieur.html
e2b1e4e9d2f0e51a	660010	docs/chablais_giffre_arve/clam2_gypa_C3_A8te_barbu_reproductio.html
f7f7c50c9ee9bc21	700447	docs/chablais_giffre_arve/clam2_stage_siv_6_et_7_juin_2026.html
f981ed5510623f0b	9293	docs/chablais_giffre_arve/clam_feed.xml
30c0e07b41a67609	659786	docs/chablais_giffre_arve/clam_les_stages_organis_es_ce_printemps.html
f517444371e263e0	695968	docs/chablais_giffre_arve/clam_newsletter_janvier_2026.html
20846b578ed4313a	688064	docs/chablais_giffre_arve/clam_stage_cross_niveau_1.html
ab05e00f6c793999	772006	docs/chablais_giffre_arve/clam_stage_cross_niveau_3.html
2c6681c10a9a71ff	47246	docs/chablais_giffre_arve/cmbvl.html
079d9eec9ada84ad	5139	docs/chablais_giffre_arve/cmbvl.html.txt
f2038e8c82021b01	60905	docs/chablais_giffre_arve/cmbvl_barmerousse.html
58af6bbba2892e98	52666	docs/chablais_giffre_arve/cmbvl_chedde.html
136e22a18aafe825	59115	docs/chablais_giffre_arve/cmbvl_frioland.html
e82a447f821ab5cd	48989	docs/chablais_giffre_arve/cmbvl_lac-de-passy.html
abf1a5a5dc36a8c2	58414	docs/chablais_giffre_arve/cmbvl_lachat-den-haut.html
c6fef2bab988b43f	51970	docs/chablais_giffre_arve/cmbvl_marlioz.html
6300bd4f17cc638b	70675	docs/chablais_giffre_arve/cmbvl_plaine-joux.html
a3c0c451841f9ee1	64753	docs/chablais_giffre_arve/cmbvl_platé.html
abaf195ce0849bef	60852	docs/chablais_giffre_arve/cmbvl_pormenaz.html
3612e4111f7e1468	65495	docs/chablais_giffre_arve/cmbvl_varan.html
f2c9ae138d3b286a	1633525	docs/chablais_giffre_arve/csp.png
a9d0cf7f5ba7eedd	1001	docs/chablais_giffre_arve/csp_page.html
b38cf6e801affb2f	73946	docs/chablais_giffre_arve/cvlg_atterro.html
3e0c26e212512daf	3621	docs/chablais_giffre_arve/cvlg_atterro.txt
8c75ebbdd4ea2888	60493	docs/chablais_giffre_arve/cvlg_conditions-de-vol.html
aeb23614b9411e33	76541	docs/chablais_giffre_arve/cvlg_deco.html
c65b2f47983b6ba4	3354	docs/chablais_giffre_arve/cvlg_deco.txt
83054c8109357ef3	77682	docs/chablais_giffre_arve/cvlg_espace-aerien.html
2399cd68b51cdc15	52820	docs/chablais_giffre_arve/cvlg_telechargements.html
104025aa397b64c2	262070	docs/chablais_giffre_arve/cvls.html
f9fa54bef3cf9091	156466	docs/chablais_giffre_arve/cvls_atterrissages.html
2e4a8485f1f4dfdb	189440	docs/chablais_giffre_arve/cvls_atterrissages_attero-coin.html
a9e9911c25b65e36	163074	docs/chablais_giffre_arve/cvls_atterrissages_attero-ferri.html
dce00dbf73e10b28	165241	docs/chablais_giffre_arve/cvls_atterrissages_attero-troinex.html
b9b4a2522c9ce220	159508	docs/chablais_giffre_arve/cvls_atterrissages_jules-ferry.html
ca21b800d4fc9246	159512	docs/chablais_giffre_arve/cvls_atterrissages_le-coin.html
5d50e471813a144f	73877	docs/chablais_giffre_arve/cvls_atterrissages_troinex.html
53c0922472e589d9	171188	docs/chablais_giffre_arve/cvls_club.html
2700d5e171a5fe15	151039	docs/chablais_giffre_arve/cvls_cross.html
8a64274aee760c5b	1513	docs/chablais_giffre_arve/cvls_cross.txt
f909fafc8b8fa423	156601	docs/chablais_giffre_arve/cvls_deco.html
4266cef764c904ad	141100	docs/chablais_giffre_arve/cvls_deco_decollage-crets.html
b3bf08401dd8bd2d	164484	docs/chablais_giffre_arve/cvls_deco_decollage-table.html
cfd30f4beb59c475	162224	docs/chablais_giffre_arve/cvls_deco_decollage-telepherique.html
fed6df4fb864ea13	6159	docs/chablais_giffre_arve/echo_mieussy.html
4afb34d3bc6691ac	18	docs/chablais_giffre_arve/echo_mieussy.txt
b1b595d88291062e	196302	docs/chablais_giffre_arve/faucigny_home.html
f38b410727facb34	2364	docs/chablais_giffre_arve/faucigny_home.txt
4ff9a1ba99937342	885760	docs/chablais_giffre_arve/ffvl_crawl.json
00148c7e4114e1fd	43903	docs/chablais_giffre_arve/ffvl_digest.txt
d9505b1f5bae3902	65514	docs/chablais_giffre_arve/forum/bonneville_sites.html
88199d64a4ece1ca	8833	docs/chablais_giffre_arve/forum/bonneville_sites.txt
3c40748095090431	56516	docs/chablais_giffre_arve/forum/bornes_vs_chablais.html
1b3d8f5743b25b51	4384	docs/chablais_giffre_arve/forum/bornes_vs_chablais.txt
037a161e0943a2f2	112239	docs/chablais_giffre_arve/forum/cartographie2.html
da075b9089fcf606	9918	docs/chablais_giffre_arve/forum/cartographie2.txt
b49853909fd32deb	64914	docs/chablais_giffre_arve/forum/compilation_brises.html
10e52491f1a63552	5950	docs/chablais_giffre_arve/forum/compilation_brises.txt
66c5f9ee9ee0b47a	47954	docs/chablais_giffre_arve/forum/itineraires_chablais.html
14448795ce1c5544	2416	docs/chablais_giffre_arve/forum/itineraires_chablais.txt
d21a6ba153d4387e	47229	docs/chablais_giffre_arve/forum/mole_infos.html
57271adcac8702a4	2935	docs/chablais_giffre_arve/forum/mole_infos.txt
1910686a63177940	109417	docs/chablais_giffre_arve/forum/monthey_chatel.html
c8013a3a40e001a4	14785	docs/chablais_giffre_arve/forum/monthey_chatel.txt
8f41ebf681b67326	89511	docs/chablais_giffre_arve/forum/rando_chablais.html
dd6a32ab7043a013	8256	docs/chablais_giffre_arve/forum/rando_chablais.txt
100bea5ef30ef968	47027	docs/chablais_giffre_arve/forum/saleve_annecy_cross.html
c7d67ca816d36cc9	3299	docs/chablais_giffre_arve/forum/saleve_annecy_cross.txt
32f3969289e6c591	32942	docs/chablais_giffre_arve/forum/saleve_sallanches.html
f1d532d6b536d4e5	1096	docs/chablais_giffre_arve/forum/saleve_sallanches.txt
f743aeb8809a0cde	33878	docs/chablais_giffre_arve/forum/voler_chablais.html
d58e1a68f5611ba2	886	docs/chablais_giffre_arve/forum/voler_chablais.txt
a63637bd9aef9911	40039	docs/chablais_giffre_arve/geolalp.html
0aea10fc5adbfbea	14592	docs/chablais_giffre_arve/geolalp.txt
b3c838bb0c034c20	1073812	docs/chablais_giffre_arve/ht_pertuiset.html
ed11bc3ccf979d2e	38170	docs/chablais_giffre_arve/ht_pertuiset.txt
c546bdd656a5e2bb	250223	docs/chablais_giffre_arve/ht_pertuiset2.html
95664506acf1f8f7	13429	docs/chablais_giffre_arve/ht_pertuiset2.txt
fdfffa272881764b	1073353	docs/chablais_giffre_arve/ht_platiere.html
c8a248a8ce54eb9b	37852	docs/chablais_giffre_arve/ht_platiere.txt
0247875f8b35a376	239048	docs/chablais_giffre_arve/ht_saix.html
8f03f2d647cae521	14302	docs/chablais_giffre_arve/ht_saix.txt
9278d16ed2fdcd5d	163	docs/chablais_giffre_arve/http:__www_choto_fr_.html
9559df4616b4cdd2	61467	docs/chablais_giffre_arve/http:__www_parapente-samoens_com_.html
f8927ee46c3c0403	807473	docs/chablais_giffre_arve/https:__lesailesmorzinoises_wixsite_com_clam.html
eadda1abefdef756	119458	docs/chablais_giffre_arve/largeault.jpg
91740ee62e6f4714	215791	docs/chablais_giffre_arve/largeault.kml
54ee0f4aaa034ee7	21377	docs/chablais_giffre_arve/largeault_extract.json
3c3ffa8f8440f3cf	164005	docs/chablais_giffre_arve/marche_bourgeoise.html
d5605abdde04d2e0	3472	docs/chablais_giffre_arve/marche_bourgeoise.txt
3cdedd5096ae74f4	8672849	docs/chablais_giffre_arve/mb.pdf
fb7fd305d8fed3a7	188182	docs/chablais_giffre_arve/mb.txt
a040744ef99f9d5a	93626	docs/chablais_giffre_arve/mb_pages.txt
7c0fac1511ff6682	93537	docs/chablais_giffre_arve/mb_raw.txt
8b800d1effc4f918	553	docs/chablais_giffre_arve/messager_hafize.html
cfdde3d4a24a8a18	328	docs/chablais_giffre_arve/messager_hafize.txt
3553530d2b1877fd	412	docs/chablais_giffre_arve/messager_muller.html
9e14a55b6ea96323	243	docs/chablais_giffre_arve/messager_muller.txt
ffa5d23dcfcf9423	126097	docs/chablais_giffre_arve/mev_sites.html
7c3807ec8fa2ebde	48223	docs/chablais_giffre_arve/morzinn.html
b81666457f21fcb5	21648	docs/chablais_giffre_arve/morzinn.txt
830c479f4d46e30d	407497	docs/chablais_giffre_arve/ms_bise.html
bc87de495e8edcd3	475983	docs/chablais_giffre_arve/ms_leman.html
d48fbfcad0fdb04d	266069	docs/chablais_giffre_arve/notions_meteo.pdf
6666eb7ccdd918e7	106225	docs/chablais_giffre_arve/paradelta_dec.html
0b8b9e9ff15c6e6d	138733	docs/chablais_giffre_arve/pd_apprendre_autres-stages_support-theoriques.html
f8b8a71e2a8d7f2d	133028	docs/chablais_giffre_arve/pd_club_ccc-cvlg.html
cd84917ec581a99b	134388	docs/chablais_giffre_arve/pd_club_challenge-permanent-saleve.html
967486612e99e845	141302	docs/chablais_giffre_arve/pd_club_lhistorique-du-club.html
9d1605e3633e6c09	103073	docs/chablais_giffre_arve/pd_meteo_previsions.html
cdafa8a78ccbab84	102492	docs/chablais_giffre_arve/pd_site-de-vols_le-saleve.html
feee01fe5c1c3ba9	102738	docs/chablais_giffre_arve/pd_site-de-vols_les-atterrissages.html
9c2b8763a76a59bb	103298	docs/chablais_giffre_arve/pd_site-de-vols_reglementation-aerienne-et-son-environnement.html
8c4f15855f1a9cb8	121076	docs/chablais_giffre_arve/pe.html
14e7028486d8f923	24299	docs/chablais_giffre_arve/pe.html.txt
e57bb379afdb0ee9	121052	docs/chablais_giffre_arve/pe2.html
2c793499a14cc5ed	45049	docs/chablais_giffre_arve/pegase_info.html
4ceb88b6574d8923	5669	docs/chablais_giffre_arve/pegase_info.txt
3a10a54472b9cedf	45658	docs/chablais_giffre_arve/pegase_meteo.html
2a660e7d2ca7be4c	3895	docs/chablais_giffre_arve/pegase_meteo.txt
3b53a72aa73b83e4	33073	docs/chablais_giffre_arve/pegase_visite-du-site-de-vol.html
3b53a72aa73b83e4	33073	docs/chablais_giffre_arve/pegase_visite-site-de-vol.html
3b53a72aa73b83e4	33073	docs/chablais_giffre_arve/pegase_visite-site.html
4f0a71a5c9a7b14c	42650	docs/chablais_giffre_arve/pegase_visite.html
7fa1fe8d248377b4	50028	docs/chablais_giffre_arve/pg_evasion-acces-aux-vols-thermiques.html
469d3a99ebdcf74a	46444	docs/chablais_giffre_arve/pg_marche-et-vols-en-montagne.html
2dea2b71c61f91df	44195	docs/chablais_giffre_arve/pgm_oche.html
c381369c326e52b7	30706	docs/chablais_giffre_arve/pgmap_saleve.html
7c96574c44a8eb9f	8653	docs/chablais_giffre_arve/pgmap_saleve.txt
e8999d915eda9249	761459	docs/chablais_giffre_arve/plan_atterro.jpg
59e98d169e35a57f	227577	docs/chablais_giffre_arve/pm_tmb.html
af72e3d1db669c8a	1190	docs/chablais_giffre_arve/ps_cad_18376.html
50c9388b5c5dd2ec	85	docs/chablais_giffre_arve/ps_cad_18376.txt
6e2f15b38f12d3b2	157000	docs/chablais_giffre_arve/ps_cmv_saleve.html
861d510045c01a4c	4127	docs/chablais_giffre_arve/ps_cmv_saleve.txt
34a5d24caeba405c	141100	docs/chablais_giffre_arve/ps_cvls_deco.html
9170e07763932dfd	1208	docs/chablais_giffre_arve/ps_cvls_deco.txt
dc3aff6146ec10fa	504160	docs/chablais_giffre_arve/ps_dl_hafize.html
60d8162ceb6194df	12388	docs/chablais_giffre_arve/ps_dl_hafize.txt
1305cf5f7f983dbc	49761	docs/chablais_giffre_arve/ps_largeault_saleve.html
1c3b651f82c53d65	4534	docs/chablais_giffre_arve/ps_largeault_saleve.txt
be13f366c8b20d4f	117583	docs/chablais_giffre_arve/ps_liberiste_leman_annecy.html
f8f8667ded0a14e5	12701	docs/chablais_giffre_arve/ps_liberiste_leman_annecy.txt
45685462c751b13d	107727	docs/chablais_giffre_arve/ps_liberiste_site_saleve.html
e9a9893800c7d75d	8217	docs/chablais_giffre_arve/ps_liberiste_site_saleve.txt
2e7aaaa94bd71fdb	553	docs/chablais_giffre_arve/ps_lm_exploit.html
e88f7d124f09576b	324	docs/chablais_giffre_arve/ps_lm_exploit.txt
22ea89033397c454	542	docs/chablais_giffre_arve/ps_lm_hafize.html
09033d99a26fe52d	317	docs/chablais_giffre_arve/ps_lm_hafize.txt
e128166e0302df19	37115	docs/chablais_giffre_arve/randovol/autres-sites__aiguebelette.html
1f34bad96fec0d89	36921	docs/chablais_giffre_arve/randovol/autres-sites__alpage-de-varan.html
02f8387649186bf1	52930	docs/chablais_giffre_arve/randovol/autres-sites__autres-vols.html
a1feaa658ce3f51f	35694	docs/chablais_giffre_arve/randovol/autres-sites__dortan.html
70de67cf16ddfa7e	486056	docs/chablais_giffre_arve/randovol/autres-sites__dune-du-pilat.html
ba7972d40f05f084	262584	docs/chablais_giffre_arve/randovol/autres-sites__le-mole-1861-m.html
6398989923a1fcf4	38000	docs/chablais_giffre_arve/randovol/autres-sites__mont-blanc-du-tacul.html
1e019a196331b9b6	37531	docs/chablais_giffre_arve/randovol/autres-sites__mont-saleve-orjobet.html
d18ffd58395ca651	266476	docs/chablais_giffre_arve/randovol/autres-sites__montagne-de-sulens-1839-m.html
95964d90f74c49c1	37532	docs/chablais_giffre_arve/randovol/autres-sites__pointe-d-areu-2478-m.html
22a0405270fbf940	36623	docs/chablais_giffre_arve/randovol/autres-sites__rocher-de-naye-2042-m.html
09204c13533f4ac0	36501	docs/chablais_giffre_arve/randovol/autres-sites__saint-hilaire-du-touvet.html
fccab504904daf0e	36682	docs/chablais_giffre_arve/randovol/autres-sites__samoens-les-saix.html
87894ef45e88066b	21504	docs/chablais_giffre_arve/randovol/autres-sites__sivarnac.html
f8e6524eee094e63	36746	docs/chablais_giffre_arve/randovol/autres-sites__sur-cou.html
c44d558e4bd688bd	36368	docs/chablais_giffre_arve/randovol/autres-sites__tete-blanche-3429-m.html
a1e5de022dd6d92a	227112	docs/chablais_giffre_arve/randovol/carte-du-chablais.html
cdb180734884fbaa	38574	docs/chablais_giffre_arve/randovol/chablais-suisse__dents-blanches.html
409206c69a56f54f	38411	docs/chablais_giffre_arve/randovol/chablais-suisse__lac-de-soi-2246-m.html
1db0b759ec5e0461	61268	docs/chablais_giffre_arve/randovol/chablais-suisse__le-chablais-suisse.html
64e867fe8d40746f	37262	docs/chablais_giffre_arve/randovol/chablais-suisse__le-grammont.html
6953e0fe2a5bf048	710169	docs/chablais_giffre_arve/randovol/chablais-suisse__petit-ruan-2847-m.html
c9abd10f696adebf	222074	docs/chablais_giffre_arve/randovol/chablais-suisse__plan-neve-2850-m.html
b26358e8866de4bd	37200	docs/chablais_giffre_arve/randovol/chablais-suisse__pointe-de-bellevue.html
bd3902e718d4aa3b	37249	docs/chablais_giffre_arve/randovol/chablais-suisse__portes-de-l-hiver.html
cc42244fa11d69bc	208960	docs/chablais_giffre_arve/randovol/chablais-suisse__signal-de-soi.html
b06043d8be938b01	36867	docs/chablais_giffre_arve/randovol/chablais-suisse__tete-de-chalin.html
3eaaf750960e4bb8	24109	docs/chablais_giffre_arve/randovol/civilite.html
43a22bca1462f086	47044	docs/chablais_giffre_arve/randovol/https:____randovol.e-monsite.com__
3b438a55fc860827	216135	docs/chablais_giffre_arve/randovol/plateau-de-gavot__chateau-d-oche-e-2126-m.html
d39fbc4795e5cb18	40162	docs/chablais_giffre_arve/randovol/plateau-de-gavot__chateau-d-oche.html
59f8a165c9adbd6d	43860	docs/chablais_giffre_arve/randovol/plateau-de-gavot__dent-d-oche-reboillon.html
7a044e6b01b9ba6b	38533	docs/chablais_giffre_arve/randovol/plateau-de-gavot__dent-d-oche-refuge.html
451e35cdc43cc7b8	37754	docs/chablais_giffre_arve/randovol/plateau-de-gavot__la-colombiere.html
f3cff060abcc7d46	36469	docs/chablais_giffre_arve/randovol/plateau-de-gavot__le-hucel-966-m.html
5ae52dd1e90b6174	37768	docs/chablais_giffre_arve/randovol/plateau-de-gavot__les-memises-w.html
88a7ede6991b19ff	35918	docs/chablais_giffre_arve/randovol/plateau-de-gavot__mont-baron-n.html
7cd5775826ab1158	27305	docs/chablais_giffre_arve/randovol/plateau-de-gavot__o.html
74a6b0a1a81b1c84	38877	docs/chablais_giffre_arve/randovol/plateau-de-gavot__pic-blanchard.html
4ce47321f9b8b1e5	41391	docs/chablais_giffre_arve/randovol/plateau-de-gavot__pic-bore-n.html
53efc5a467b94f47	224903	docs/chablais_giffre_arve/randovol/plateau-de-gavot__pic-bore-s-1938-m.html
30adae65e41eaad2	38986	docs/chablais_giffre_arve/randovol/plateau-de-gavot__pic-bore-w.html
70678a779c43752d	35710	docs/chablais_giffre_arve/randovol/plateau-de-gavot__pic-des-memises.html
1c9336743569bb3d	37556	docs/chablais_giffre_arve/randovol/plateau-de-gavot__plan-du-pre.html
d576d2549514f9f1	59591	docs/chablais_giffre_arve/randovol/plateau-de-gavot__plateau-de-gavot.html
bfa42027c69fe769	41499	docs/chablais_giffre_arve/randovol/plateau-de-gavot__pointe-de-pelluaz.html
36c5441d3a7ead91	40314	docs/chablais_giffre_arve/randovol/plateau-de-gavot__pointe-de-petalouse.html
e59283961964fe72	38659	docs/chablais_giffre_arve/randovol/plateau-de-gavot__pointe-des-pavis.html
558a3c61557086bc	38090	docs/chablais_giffre_arve/randovol/plateau-de-gavot__roc-de-rianda-1.html
bd7aa80feb853293	36563	docs/chablais_giffre_arve/randovol/plateau-de-gavot__roc-de-rianda-e.html
8c31cf73a5247e95	47286	docs/chablais_giffre_arve/randovol/sommets-du-chablais.html
f4f492947e68032a	29691	docs/chablais_giffre_arve/randovol/sugestions__orientation-des-decollages.html
143edd6196f25523	2182109	docs/chablais_giffre_arve/randovol/tma.html
26ef7810d0de6ff2	235490	docs/chablais_giffre_arve/randovol/vallee-d-abondance__aiguilles-de-darbon.html
8d30915aadc47013	38945	docs/chablais_giffre_arve/randovol/vallee-d-abondance__alpage-de-semy.html
3da09eabedbebfe5	199367	docs/chablais_giffre_arve/randovol/vallee-d-abondance__arete-de-charousse.html
b88d8556d6dda97f	36469	docs/chablais_giffre_arve/randovol/vallee-d-abondance__col-du-serpentin.html
8261d643b6988086	38145	docs/chablais_giffre_arve/randovol/vallee-d-abondance__cornettes-de-bise-saix-rouquin.html
6d83bfe740b8bcc2	39488	docs/chablais_giffre_arve/randovol/vallee-d-abondance__cornettes-de-bise.html
9eda48da11d04455	38306	docs/chablais_giffre_arve/randovol/vallee-d-abondance__crete-de-chemine-est.html
96ff021e60986bd0	39352	docs/chablais_giffre_arve/randovol/vallee-d-abondance__croix-d.html
e7e5f6e09327cdad	228302	docs/chablais_giffre_arve/randovol/vallee-d-abondance__dent-du-chat.html
c1ed45409cdc42c0	237051	docs/chablais_giffre_arve/randovol/vallee-d-abondance__la-raille-1656-m.html
3c547526a6dbf1d2	39024	docs/chablais_giffre_arve/randovol/vallee-d-abondance__la-tete-du-geant.html
4eb95c2c04e94b49	238570	docs/chablais_giffre_arve/randovol/vallee-d-abondance__lanche-naire-2354-m.html
b6c8917615a2e51e	38216	docs/chablais_giffre_arve/randovol/vallee-d-abondance__le-linleu.html
631984098f190b5a	37621	docs/chablais_giffre_arve/randovol/vallee-d-abondance__le-morclan.html
585fd4aac542f848	38578	docs/chablais_giffre_arve/randovol/vallee-d-abondance__le-saix-rouge.html
abe93aaaabfa0a59	210632	docs/chablais_giffre_arve/randovol/vallee-d-abondance__le-va.html
8a65adce1f27a37d	252650	docs/chablais_giffre_arve/randovol/vallee-d-abondance__le-vetu-1917-m.html
e543d3cd137dcd36	265559	docs/chablais_giffre_arve/randovol/vallee-d-abondance__les-blattes.html
f44a119f792c7fb9	38817	docs/chablais_giffre_arve/randovol/vallee-d-abondance__les-cornettes-de-bise-w.html
df9a76ec9aa0dc8c	249125	docs/chablais_giffre_arve/randovol/vallee-d-abondance__les-grandes-heures-1475-m.html
c2b684e77a803f22	41071	docs/chablais_giffre_arve/randovol/vallee-d-abondance__mont-baron-w.html
3c9ea77e4a987478	40914	docs/chablais_giffre_arve/randovol/vallee-d-abondance__mont-baron.html
5a3d5e7876a6cb20	38796	docs/chablais_giffre_arve/randovol/vallee-d-abondance__mont-chauffe.html
7d89821a4895d9de	37143	docs/chablais_giffre_arve/randovol/vallee-d-abondance__mont-de-chillon.html
5cffcb405cb37482	36803	docs/chablais_giffre_arve/randovol/vallee-d-abondance__mont-de-grange-1.html
55d8cd08dfba46d6	39470	docs/chablais_giffre_arve/randovol/vallee-d-abondance__mont-de-grange.html
0f63ea6b3f212aa6	41738	docs/chablais_giffre_arve/randovol/vallee-d-abondance__mont-jorat.html
a7a481c99e9b4415	27552	docs/chablais_giffre_arve/randovol/vallee-d-abondance__office-de.html
bdd127eff1eecf85	36745	docs/chablais_giffre_arve/randovol/vallee-d-abondance__pic-de-la-corne-abondance.html
6ca3d555caab78c1	38961	docs/chablais_giffre_arve/randovol/vallee-d-abondance__pointe-d-ardens-1.html
3bca500c79d5d85c	39546	docs/chablais_giffre_arve/randovol/vallee-d-abondance__pointe-d-arvouin.html
5248f888025b7074	40934	docs/chablais_giffre_arve/randovol/vallee-d-abondance__pointe-d-autigny-s.html
27620cc6b733fa94	39930	docs/chablais_giffre_arve/randovol/vallee-d-abondance__pointe-d-autigny-w.html
8e282dfc6d4b889b	38983	docs/chablais_giffre_arve/randovol/vallee-d-abondance__pointe-d-lachau-w.html
6f00d15f36f56040	38493	docs/chablais_giffre_arve/randovol/vallee-d-abondance__pointe-de-belair.html
3c39162bace880ae	39452	docs/chablais_giffre_arve/randovol/vallee-d-abondance__pointe-de-benevent.html
ae6e823f917c90f4	38695	docs/chablais_giffre_arve/randovol/vallee-d-abondance__pointe-de-chesery-1.html
8275b27d0431d1e1	38882	docs/chablais_giffre_arve/randovol/vallee-d-abondance__pointe-de-la-bosse.html
a99a65715d05c382	38776	docs/chablais_giffre_arve/randovol/vallee-d-abondance__pointe-de-la-chavache.html
e99904da08404b8a	38786	docs/chablais_giffre_arve/randovol/vallee-d-abondance__pointe-de-lachau.html
f150a3fde5d476fb	35439	docs/chablais_giffre_arve/randovol/vallee-d-abondance__pointe-de-pelluaz-s.html
4aec42d3865f39c8	38022	docs/chablais_giffre_arve/randovol/vallee-d-abondance__pointe-de-vernaz.html
37ccbb7d0f90db2d	38710	docs/chablais_giffre_arve/randovol/vallee-d-abondance__pointe-des-follys-1674-m.html
7dea552585ec8522	38254	docs/chablais_giffre_arve/randovol/vallee-d-abondance__pointe-des-mattes.html
7d05d2084bee02a6	39115	docs/chablais_giffre_arve/randovol/vallee-d-abondance__roc-de-tavaneuse.html
fc234310f26ee344	38682	docs/chablais_giffre_arve/randovol/vallee-d-abondance__rochers-de-chaudin.html
d570a24262b3e2bc	38188	docs/chablais_giffre_arve/randovol/vallee-d-abondance__saix-de-la-calaz.html
889be1b7247dd88d	36626	docs/chablais_giffre_arve/randovol/vallee-d-abondance__tete-de-sevan.html
1f486cecf9172c8d	38068	docs/chablais_giffre_arve/randovol/vallee-d-abondance__tete-des-fieux.html
4f52f071f5f82af9	227783	docs/chablais_giffre_arve/randovol/vallee-d-abondance__tete-du-cheval-1938-m.html
3f993850dcdfacea	257031	docs/chablais_giffre_arve/randovol/vallee-d-abondance__tete-du-linga-2156-m.html
7e452c28d01bb230	38642	docs/chablais_giffre_arve/randovol/vallee-d-abondance__tour-de-don.html
f61d43e1588878ea	111003	docs/chablais_giffre_arve/randovol/vallee-d-abondance__vallee-d-abondance.html
a531ac41dac2628b	87150	docs/chablais_giffre_arve/randovol/vallee-d-aulps__la-vallee-d-aulps.html
e884e8c94b82ffbf	914368	docs/chablais_giffre_arve/randovol/vallee-du-brevon__chemin-de-la-chapelle-d-hermones.html
a2b3ea55ad4d94e3	38591	docs/chablais_giffre_arve/randovol/vallee-du-brevon__grande-pointe-des-journees.html
4c534aa2fb39a08e	38912	docs/chablais_giffre_arve/randovol/vallee-du-brevon__haute-pointe.html
cf6bb80008068c73	206902	docs/chablais_giffre_arve/randovol/vallee-du-brevon__la-montagne-aux-soeurs.html
3c807e673ca5e07a	40140	docs/chablais_giffre_arve/randovol/vallee-du-brevon__mont-billiat-1894-m.html
40390311a732d909	37030	docs/chablais_giffre_arve/randovol/vallee-du-brevon__mont-forchat-1528-m.html
5eb344cf795a6674	39207	docs/chablais_giffre_arve/randovol/vallee-du-brevon__niflon-d-en-haut.html
44cf539054c7a21a	27257	docs/chablais_giffre_arve/randovol/vallee-du-brevon__o.html
39c6fada44c7e69d	278219	docs/chablais_giffre_arve/randovol/vallee-du-brevon__orcier-site-du-choto.html
2f514e6f563ba897	245052	docs/chablais_giffre_arve/randovol/vallee-du-brevon__pointe-d-ireuse-par-l-echelle-1891-m.html
86f725620da17c7a	40082	docs/chablais_giffre_arve/randovol/vallee-du-brevon__pointe-d-ireuse.html
a17609f7e68c6435	39991	docs/chablais_giffre_arve/randovol/vallee-du-brevon__pointe-de-chalune.html
8e40389fc1366a1e	39125	docs/chablais_giffre_arve/randovol/vallee-du-brevon__pointe-de-chavasse-2012-m.html
8b9c4f5684e00df5	37695	docs/chablais_giffre_arve/randovol/vallee-du-brevon__pointe-de-haute-bene-2215-m.html
42016c4451d115cc	38834	docs/chablais_giffre_arve/randovol/vallee-du-brevon__rocher-de-la-mottaz.html
1228de5549b2d583	38990	docs/chablais_giffre_arve/randovol/vallee-du-brevon__sur-la-pointe-1.html
db22d4f59a512355	40003	docs/chablais_giffre_arve/randovol/vallee-du-brevon__tete-des-follys.html
569f61e6437be765	69305	docs/chablais_giffre_arve/randovol/vallee-du-brevon__vallee-du-brevon.html
826d205d00e86c5c	37252	docs/chablais_giffre_arve/randovol/vallee-verte__aouille-de-criou.html
8dadb6f943c704ae	253678	docs/chablais_giffre_arve/randovol/vallee-verte__cretes-d-hirmentaz.html
3d70c4af7d5b1045	35188	docs/chablais_giffre_arve/randovol/vallee-verte__haute-pointe-s.html
ce6a23a166e31406	37652	docs/chablais_giffre_arve/randovol/vallee-verte__la-bourgeoise.html
0f355cbaeb03966a	39679	docs/chablais_giffre_arve/randovol/vallee-verte__les-brasses.html
ef5b7bafc4a80f8c	308167	docs/chablais_giffre_arve/randovol/vallee-verte__mont-forchat-1539-m.html
dd53a16f8fbc8afd	27365	docs/chablais_giffre_arve/randovol/vallee-verte__offices-de-tourisme-et-syndicats-d-initiative.html
5f6350f8007d40c1	40422	docs/chablais_giffre_arve/randovol/vallee-verte__pertuiset-mieussy.html
82c1e7744189f5a1	40247	docs/chablais_giffre_arve/randovol/vallee-verte__pointe-d-hirmentaz.html
ffea43dec6f72c5a	36055	docs/chablais_giffre_arve/randovol/vallee-verte__pointe-d-uble.html
2c1ece2bb5a61b69	202807	docs/chablais_giffre_arve/randovol/vallee-verte__pointe-de-chamossiere.html
a015b8db3428e03d	35903	docs/chablais_giffre_arve/randovol/vallee-verte__pointe-de-chavannais.html
ba7d7cab0acc7e9f	35832	docs/chablais_giffre_arve/randovol/vallee-verte__pointe-de-la-couenasse-1979-m.html
a67b174875c90539	36076	docs/chablais_giffre_arve/randovol/vallee-verte__pointe-de-miribel-e.html
9391dd45e8c178a4	39480	docs/chablais_giffre_arve/randovol/vallee-verte__pointe-de-miribel.html
81a1d8bf1e81d202	37319	docs/chablais_giffre_arve/randovol/vallee-verte__pointe-de-ressassat-2220-m.html
94b7dc09fe20ce9c	38776	docs/chablais_giffre_arve/randovol/vallee-verte__pointe-de-rovagne-1795-m.html
022f51e384ca762a	37401	docs/chablais_giffre_arve/randovol/vallee-verte__pointe-de-sans-bet.html
253c39d594c74f19	37859	docs/chablais_giffre_arve/randovol/vallee-verte__pointe-de-tuet-st-pair.html
a7cb7d1a29da3652	38334	docs/chablais_giffre_arve/randovol/vallee-verte__pointe-des-brasses.html
93f5d7160bc7cbad	40175	docs/chablais_giffre_arve/randovol/vallee-verte__pointe-des-jottis.html
47344cb8b2e4370f	34942	docs/chablais_giffre_arve/randovol/vallee-verte__pointe-droite.html
2f66d2ef2532c9f2	35204	docs/chablais_giffre_arve/randovol/vallee-verte__refuge-de-grenairon.html
5dc2c5f733b12804	238341	docs/chablais_giffre_arve/randovol/vallee-verte__signal-des-voirons-1480-m.html
54ad3a931dad1ea8	71004	docs/chablais_giffre_arve/randovol/vallee-verte__vallee-verte.html
1aee0cc3a220729f	167550	docs/chablais_giffre_arve/randovol_digest.txt
7e712aec01795808	47044	docs/chablais_giffre_arve/randovol_home.html
f4fa5353c5eac99a	144028	docs/chablais_giffre_arve/rto_brises_alpes.jpg
3f9e163208c011c5	597559	docs/chablais_giffre_arve/rto_carte.html
6e544c49fe868a34	5758	docs/chablais_giffre_arve/s13_ffvl1966.html
4afb34d3bc6691ac	18	docs/chablais_giffre_arve/s13_ffvl1966.txt
14cd231e796d5886	5701	docs/chablais_giffre_arve/s14_ffvl1421.html
4afb34d3bc6691ac	18	docs/chablais_giffre_arve/s14_ffvl1421.txt
75234c74f056acb8	5701	docs/chablais_giffre_arve/s15_ffvl1993.html
4afb34d3bc6691ac	18	docs/chablais_giffre_arve/s15_ffvl1993.txt
e3b0c44298fc1c14	0	docs/chablais_giffre_arve/s16_signe.txt
0c1ced4ac1e147f1	73506	docs/chablais_giffre_arve/s17_aero.html
7f90b70a49854c81	7824	docs/chablais_giffre_arve/s17_aero.txt
fcd94adc8f8ec6d2	262584	docs/chablais_giffre_arve/s18_mole.html
d825c0749073583b	1226	docs/chablais_giffre_arve/s18_mole.txt
a5d38216ef981bd2	86862	docs/chablais_giffre_arve/s19_vivre.html
91f882f60160d3ce	6915	docs/chablais_giffre_arve/s19_vivre.txt
2cadb243f5e4e63a	682433	docs/chablais_giffre_arve/s1_rto.html
beacd25314d4d648	205620	docs/chablais_giffre_arve/s20_platiere.html
d503abff55cde678	10143	docs/chablais_giffre_arve/s20_platiere.txt
428c4667596482fa	198016	docs/chablais_giffre_arve/s21_mieussy_land.html
d45302b3d5d9b700	9700	docs/chablais_giffre_arve/s21_mieussy_land.txt
3886b2b6eaa0e122	128549	docs/chablais_giffre_arve/s22_pdl.html
dc1719f6eadc5a71	5920	docs/chablais_giffre_arve/s22_pdl.txt
2585f577fcbee3d8	5758	docs/chablais_giffre_arve/s23_ffvl1172.html
4afb34d3bc6691ac	18	docs/chablais_giffre_arve/s23_ffvl1172.txt
9877001d9965760e	112291	docs/chablais_giffre_arve/s24_saix.html
f7974401ee34213e	4776	docs/chablais_giffre_arve/s24_saix.txt
65a31db8ab013f00	36682	docs/chablais_giffre_arve/s25_saix.html
beb753a81cda6a70	1166	docs/chablais_giffre_arve/s25_saix.txt
8791054cc561befb	164060	docs/chablais_giffre_arve/s26_sd.html
19e2604235f5928d	13152	docs/chablais_giffre_arve/s26_sd.txt
6c480744bda045bb	5755	docs/chablais_giffre_arve/s27_ffvl645.html
4afb34d3bc6691ac	18	docs/chablais_giffre_arve/s27_ffvl645.txt
dbb03c1459fb2d5a	27158	docs/chablais_giffre_arve/s28_morzine.html
9f5782aabd6616bc	4287	docs/chablais_giffre_arve/s28_morzine.txt
0740884d1ed2c4e5	63040	docs/chablais_giffre_arve/s29_evo2.html
0fb1bbddae4e7d7c	4489	docs/chablais_giffre_arve/s29_evo2.txt
e3b0c44298fc1c14	0	docs/chablais_giffre_arve/s30_ialpes.txt
e956c1c6b4a514a6	47313	docs/chablais_giffre_arve/s31_innov.html
568ce0ea4d242e63	3995	docs/chablais_giffre_arve/s31_innov.txt
fde7cdf948913b81	1089638	docs/chablais_giffre_arve/s32_boaton.html
5237c40fe03b3952	9080	docs/chablais_giffre_arve/s32_boaton.txt
18360782d76f8aff	49071	docs/chablais_giffre_arve/s37_saleve_forum.html
4a885923e38c1b74	10701	docs/chablais_giffre_arve/s37_saleve_forum.txt
82923a4a19dd1449	234939	docs/chablais_giffre_arve/s38_quatretetes.html
65eb53f4715473a7	5914	docs/chablais_giffre_arve/s38_quatretetes.txt
c9d0057e24d2825d	5698	docs/chablais_giffre_arve/s6_ffvl124.html
4afb34d3bc6691ac	18	docs/chablais_giffre_arve/s6_ffvl124.txt
974eb695c618c91e	5758	docs/chablais_giffre_arve/s7_ffvl1087.html
4afb34d3bc6691ac	18	docs/chablais_giffre_arve/s7_ffvl1087.txt
db754d4afe1d26cc	171474	docs/chablais_giffre_arve/saleveairlines.html
b02dceacd905165f	9579	docs/chablais_giffre_arve/saleveairlines.txt
62d27076ee7b5fca	111013	docs/chablais_giffre_arve/samoens_bourgeoise.html
95f54bc96eec6778	1274257	docs/chablais_giffre_arve/secours.pdf
3666962e721cbfe7	314375	docs/chablais_giffre_arve/sisl_leman.pdf
353975c4c12de7eb	14565	docs/chablais_giffre_arve/sisl_leman.txt
a5f4db5b9df26dac	248803	docs/chablais_giffre_arve/sm_tourisme.html
84aa3bc7fe5a5fd0	1287407	docs/chablais_giffre_arve/swiss_low-1.png
1e20f0a31dd859a4	11811836	docs/chablais_giffre_arve/swiss_pumpen.pdf
514578f68eddddbd	1697720	docs/chablais_giffre_arve/swiss_sw-1.png
dae492ae360af78a	1479225	docs/chablais_giffre_arve/swiss_w-1.png
b83d7a5d015f660a	115804	docs/chablais_giffre_arve/syride_agy.html
aa4dcaa2e804490d	3148	docs/chablais_giffre_arve/syride_agy.txt
1e34e26afc01c293	395024	docs/chablais_giffre_arve/tlm.html
672ed4fb87be6dcc	131244	docs/chablais_giffre_arve/tlp_brises.html
f764dc0eee9fcec1	314901	docs/chablais_giffre_arve/tp/chvd_pj_cham.html
0dee76f9467cfe19	10452	docs/chablais_giffre_arve/tp/chvd_pj_cham.txt
99c0ef784cd488ab	70675	docs/chablais_giffre_arve/tp/cmbvl_pj.html
5600a2b75fb00970	9427	docs/chablais_giffre_arve/tp/cmbvl_pj.txt
a4fae2f8c7b98978	301335	docs/chablais_giffre_arve/tp/cplanet_pj.html
0376fd4a4cf6ed2b	9493	docs/chablais_giffre_arve/tp/cplanet_pj.txt
38ca7cc3714cd7b4	137094	docs/chablais_giffre_arve/tp/elev_passy.html
f161a89a73b76039	10727	docs/chablais_giffre_arve/tp/elev_passy.txt
3929146d09735b8e	196302	docs/chablais_giffre_arve/tp/faucigny.html
1c00462fe2ca7148	24486	docs/chablais_giffre_arve/tp/faucigny.txt
6177247aab7b13d0	492	docs/chablais_giffre_arve/tp/get.sh
004e4549ca4eae6c	909	docs/chablais_giffre_arve/tp/h2t.py
0bb11fda4f579a69	17479	docs/chablais_giffre_arve/tp/ialpes_saleve.html
55cfad2acfbcfccc	2988	docs/chablais_giffre_arve/tp/ialpes_saleve.txt
8fc72afbe176c489	165013	docs/chablais_giffre_arve/tp/mv_saix.html
0a7bcb657f0ef55c	5611	docs/chablais_giffre_arve/tp/mv_saix.txt
2d31d2856d24411e	196770	docs/chablais_giffre_arve/tp/pdl_parapente.html
543e6950a2a789da	23598	docs/chablais_giffre_arve/tp/pdl_parapente.txt
fd43056389a7cf9d	46163	docs/chablais_giffre_arve/tp/pgm_mieussy.html
9dd2cd0dc0506355	13580	docs/chablais_giffre_arve/tp/pgm_mieussy.txt
937894667f2c2d06	46163	docs/chablais_giffre_arve/tp/pgm_mieussy2.html
9dd2cd0dc0506355	13580	docs/chablais_giffre_arve/tp/pgm_mieussy2.txt
a27987e8c27d3e04	30706	docs/chablais_giffre_arve/tp/pgm_saleve.html
95187decc2847657	11014	docs/chablais_giffre_arve/tp/pgm_saleve.txt
22684b3da3d87752	37655	docs/chablais_giffre_arve/tp/pi_t23618_criou_sixt.html
a50c7fd8af0c5d49	12164	docs/chablais_giffre_arve/tp/pi_t23618_criou_sixt.txt
862af75d567c691a	114641	docs/chablais_giffre_arve/tp/pi_t24536_mieussy.html
0a06049f2a4a108a	49889	docs/chablais_giffre_arve/tp/pi_t24536_mieussy.txt
5ff30462e12ed6f6	46989	docs/chablais_giffre_arve/tp/pi_t26068.html
5305d4583da087f8	16717	docs/chablais_giffre_arve/tp/pi_t26068.txt
6cbcae767e3f9cc9	129654	docs/chablais_giffre_arve/tp/pi_t3407_helico.html
626348559d3f1c49	58129	docs/chablais_giffre_arve/tp/pi_t3407_helico.txt
10c99eb1360defcb	123029	docs/chablais_giffre_arve/tp/pi_t54223_pj.html
972a10337a55f28d	56211	docs/chablais_giffre_arve/tp/pi_t54223_pj.txt
1c8ec6270982d982	113502	docs/chablais_giffre_arve/tp/pi_t55395_criou.html
9b3435bed820446a	47079	docs/chablais_giffre_arve/tp/pi_t55395_criou.txt
166c47530c9294ea	74940	docs/chablais_giffre_arve/tp/pi_t6781_mieussy.html
ba28cdd83fd4b031	29905	docs/chablais_giffre_arve/tp/pi_t6781_mieussy.txt
59e98d169e35a57f	227577	docs/chablais_giffre_arve/tp/pm_tmb_morzine.html
293b7fe06e07ecb6	15800	docs/chablais_giffre_arve/tp/pm_tmb_morzine.txt
7c5550856d44b76b	38971	docs/chablais_giffre_arve/tp/rv_ressachaux.html
d80cd6c4a91c5aa6	3045	docs/chablais_giffre_arve/tp/rv_ressachaux.txt
6381bebc3c2f2563	228186	docs/chablais_giffre_arve/tp/summits_morzine.html
051ca7fc856f2acc	22518	docs/chablais_giffre_arve/tp/summits_morzine.txt
52a4cec346c64b57	168493	docs/chablais_giffre_arve/tp/summits_samoens.html
84ef82a0ac4bf8ac	14133	docs/chablais_giffre_arve/tp/summits_samoens.txt
fd268d7638bc1d7b	11794	docs/chablais_giffre_arve/xc_saleve.html
bf4fa0761a4ea077	1196240	docs/chablais_giffre_arve/yt_cJbN5KRSmjI.html
578c186f9702cddb	1091396	docs/chablais_giffre_arve/yt_t3T3sEAOxcE.html
8c655c0b54f96177	95841	docs/chartreuse_gresivaudan_belledonne/VL_BelledonneWEB.pdf
9b01d8a4d7a5d34d	95841	docs/chartreuse_gresivaudan_belledonne/VL_ChartreuseWEB.pdf
80a17afba316b307	3942368	docs/chartreuse_gresivaudan_belledonne/WEB_VL_Chartreuse21.pdf
7060584c3e59f0b2	2	docs/chartreuse_gresivaudan_belledonne/WEB_VL_Chartreuse21.txt
6476f44a021b8846	3468	docs/chartreuse_gresivaudan_belledonne/airailes.html
f3ce4d50b26085c7	240368	docs/chartreuse_gresivaudan_belledonne/airshop.html
4a7c01247fcf5d21	141888	docs/chartreuse_gresivaudan_belledonne/allevard_aires.html
18a6e299c6f8e555	8432719	docs/chartreuse_gresivaudan_belledonne/bluehouse_cross.pdf
3ec30017a6a7a0ed	183919	docs/chartreuse_gresivaudan_belledonne/cham_aig.html
e43e6ff466c88e43	187871	docs/chartreuse_gresivaudan_belledonne/cham_croix.html
2eed7b1fa9875682	286335	docs/chartreuse_gresivaudan_belledonne/chvd_savoyarde.html
effe8e164cdb2c72	118946	docs/chartreuse_gresivaudan_belledonne/club_articles.html
df546df80f0deeaf	135921	docs/chartreuse_gresivaudan_belledonne/club_home.html
515fd28437412123	1511	docs/chartreuse_gresivaudan_belledonne/club_post_1004.txt
bfbfffb3de99d7ba	1207	docs/chartreuse_gresivaudan_belledonne/club_post_1086.txt
fef65652622ae55a	2071	docs/chartreuse_gresivaudan_belledonne/club_post_1110.txt
d870ada98a63faae	761	docs/chartreuse_gresivaudan_belledonne/club_post_1146.txt
1477c7c80b761ffa	1276	docs/chartreuse_gresivaudan_belledonne/club_post_1150.txt
83d1588e60b6f15c	1351	docs/chartreuse_gresivaudan_belledonne/club_post_1216.txt
5667707e029df6a9	587	docs/chartreuse_gresivaudan_belledonne/club_post_1226.txt
daec53becdf8724c	3429	docs/chartreuse_gresivaudan_belledonne/club_post_1273.txt
18c6faf0c6c8472f	2839	docs/chartreuse_gresivaudan_belledonne/club_post_1279.txt
34616e5b04f34e00	3436	docs/chartreuse_gresivaudan_belledonne/club_post_1309.txt
2babfe9ebae122d1	1544	docs/chartreuse_gresivaudan_belledonne/club_post_1326.txt
bbee732ee9382a8c	1178	docs/chartreuse_gresivaudan_belledonne/club_post_1341.txt
23b84285fe7daf87	1932	docs/chartreuse_gresivaudan_belledonne/club_post_1367.txt
f38a0149ebc51e08	3256	docs/chartreuse_gresivaudan_belledonne/club_post_1420.txt
d02bd5fbf812c8a4	4329	docs/chartreuse_gresivaudan_belledonne/club_post_1430.txt
d27ba89d679e775a	235	docs/chartreuse_gresivaudan_belledonne/club_post_1450.txt
e13bd2e6ffbfd37f	2594	docs/chartreuse_gresivaudan_belledonne/club_post_1457.txt
c20866b1f46b2e3c	3289	docs/chartreuse_gresivaudan_belledonne/club_post_1551.txt
fcc14637e93ecfea	1968	docs/chartreuse_gresivaudan_belledonne/club_post_1558.txt
57e9ce8e36385c45	2295	docs/chartreuse_gresivaudan_belledonne/club_post_1563.txt
1bbf96b6b83658f1	1614	docs/chartreuse_gresivaudan_belledonne/club_post_1586.txt
2a1e09110802d616	385	docs/chartreuse_gresivaudan_belledonne/club_post_1594.txt
a905c7ad6150317a	15986	docs/chartreuse_gresivaudan_belledonne/club_post_1597.txt
83e06e8690d14b83	3722	docs/chartreuse_gresivaudan_belledonne/club_post_1599.txt
8107ccf05de035d2	4002	docs/chartreuse_gresivaudan_belledonne/club_post_1603.txt
cba51c36b28de29f	3989	docs/chartreuse_gresivaudan_belledonne/club_post_1629.txt
468599e552ccb124	4457	docs/chartreuse_gresivaudan_belledonne/club_post_1631.txt
79e71154b0f26cfc	7831	docs/chartreuse_gresivaudan_belledonne/club_post_1686.txt
ad658d6297c64797	218	docs/chartreuse_gresivaudan_belledonne/club_post_1688.txt
3f874c48d19b1039	6204	docs/chartreuse_gresivaudan_belledonne/club_post_1690.txt
b2b04503d09f8cd8	956	docs/chartreuse_gresivaudan_belledonne/club_post_1714.txt
4ba106c92b3a1b15	2801	docs/chartreuse_gresivaudan_belledonne/club_post_1732.txt
ab39415501aad0f0	21921	docs/chartreuse_gresivaudan_belledonne/club_post_1741.txt
a7688dcdf3e4e798	1407	docs/chartreuse_gresivaudan_belledonne/club_post_1748.txt
2f999ffc0d6cbc31	2130	docs/chartreuse_gresivaudan_belledonne/club_post_1752.txt
c5866cd756a3e4bc	915	docs/chartreuse_gresivaudan_belledonne/club_post_1767.txt
a4fcedcfbbfabf14	4896	docs/chartreuse_gresivaudan_belledonne/club_post_1789.txt
961ca2504bdce283	7723	docs/chartreuse_gresivaudan_belledonne/club_post_1809.txt
7804963313f0925c	3263	docs/chartreuse_gresivaudan_belledonne/club_post_1918.txt
e35e345daf123a18	4968	docs/chartreuse_gresivaudan_belledonne/club_post_1933.txt
91c909144e0c2be2	1034	docs/chartreuse_gresivaudan_belledonne/club_post_1952.txt
b7cef42730f3b70a	3022	docs/chartreuse_gresivaudan_belledonne/club_post_1967.txt
6b588793ac5bdadf	376	docs/chartreuse_gresivaudan_belledonne/club_post_1986.txt
d99e2b203d45235f	608	docs/chartreuse_gresivaudan_belledonne/club_post_2007.txt
5bbbc3f9379fcb8f	190	docs/chartreuse_gresivaudan_belledonne/club_post_2012.txt
04c26a4ed568da5e	1752	docs/chartreuse_gresivaudan_belledonne/club_post_2053.txt
e1b946acb67db1c1	3117	docs/chartreuse_gresivaudan_belledonne/club_post_2058.txt
7b6dfe8f9956784b	662	docs/chartreuse_gresivaudan_belledonne/club_post_2066.txt
674e10d71e8c7b6e	2409	docs/chartreuse_gresivaudan_belledonne/club_post_2072.txt
9740506a53ab9a5d	240	docs/chartreuse_gresivaudan_belledonne/club_post_2077.txt
c6742520e05436a7	9452	docs/chartreuse_gresivaudan_belledonne/club_post_2105.txt
3fdf11aee6d3fa16	15157	docs/chartreuse_gresivaudan_belledonne/club_post_2114.txt
ea6ffba74b8628be	713	docs/chartreuse_gresivaudan_belledonne/club_post_2136.txt
71896a1bb1bf443c	3656	docs/chartreuse_gresivaudan_belledonne/club_post_2189.txt
9e5628ad11a8a6a3	3032	docs/chartreuse_gresivaudan_belledonne/club_post_2210.txt
124f33af61cd96b7	2733	docs/chartreuse_gresivaudan_belledonne/club_post_2226.txt
9b4e8262e971f728	6081	docs/chartreuse_gresivaudan_belledonne/club_post_2255.txt
3753cf6d52034576	314	docs/chartreuse_gresivaudan_belledonne/club_post_2269.txt
57561b75638fcd7e	634	docs/chartreuse_gresivaudan_belledonne/club_post_2349.txt
197959429c1d3e46	336	docs/chartreuse_gresivaudan_belledonne/club_post_2355.txt
505c6a8d1cb5e166	4097	docs/chartreuse_gresivaudan_belledonne/club_post_2364.txt
3d3eafce75d4a219	933	docs/chartreuse_gresivaudan_belledonne/club_post_2376.txt
3db400b160934779	6191	docs/chartreuse_gresivaudan_belledonne/club_post_2386.txt
dc9d8a4b603ac68c	404	docs/chartreuse_gresivaudan_belledonne/club_post_2412.txt
8f71d2a808ed75d8	1991	docs/chartreuse_gresivaudan_belledonne/club_post_2467.txt
5f03ac594d6f37b7	2269	docs/chartreuse_gresivaudan_belledonne/club_post_2477.txt
e94334bd466fb68c	2345	docs/chartreuse_gresivaudan_belledonne/club_post_2485.txt
f4fe95d40336479c	2344	docs/chartreuse_gresivaudan_belledonne/club_post_2492.txt
241cecc98b47316a	2109	docs/chartreuse_gresivaudan_belledonne/club_post_2524.txt
e764e8e4e4fde306	2086	docs/chartreuse_gresivaudan_belledonne/club_post_2532.txt
1e7b638694058f4d	2786	docs/chartreuse_gresivaudan_belledonne/club_post_2540.txt
8c260dddecd1e4ce	3290	docs/chartreuse_gresivaudan_belledonne/club_post_2551.txt
1c719db3bb960959	2320	docs/chartreuse_gresivaudan_belledonne/club_post_2562.txt
63384080778056dc	19564	docs/chartreuse_gresivaudan_belledonne/club_post_2608.txt
14ef89bc1533f5d8	688	docs/chartreuse_gresivaudan_belledonne/club_post_2722.txt
0d381538878c2398	6764	docs/chartreuse_gresivaudan_belledonne/club_post_2729.txt
54fd52fcd1d2fca6	6911	docs/chartreuse_gresivaudan_belledonne/club_post_2743.txt
9dc10e2fb92de10e	4299	docs/chartreuse_gresivaudan_belledonne/club_post_2768.txt
553c796940562968	2544	docs/chartreuse_gresivaudan_belledonne/club_post_2773.txt
818b23a86fd2cdca	5143	docs/chartreuse_gresivaudan_belledonne/club_post_2800.txt
5cbbeba46315ab4e	1297	docs/chartreuse_gresivaudan_belledonne/club_post_2837.txt
37b9d69e38f3ec6f	1479	docs/chartreuse_gresivaudan_belledonne/club_post_2911.txt
16cf60c3fa71cbb9	1906	docs/chartreuse_gresivaudan_belledonne/club_post_2931.txt
d7605ccbe0b56127	16877	docs/chartreuse_gresivaudan_belledonne/club_post_2951.txt
85a9e5ae336d1206	6390	docs/chartreuse_gresivaudan_belledonne/club_post_3101.txt
a15d429ae74060db	577	docs/chartreuse_gresivaudan_belledonne/club_post_3118.txt
02b6be2740acc634	4021	docs/chartreuse_gresivaudan_belledonne/club_post_3138.txt
a272222558ab830b	1317	docs/chartreuse_gresivaudan_belledonne/club_post_3159.txt
461b1539c7079525	5261	docs/chartreuse_gresivaudan_belledonne/club_post_3170.txt
dedec59afcf13d63	4711	docs/chartreuse_gresivaudan_belledonne/club_post_3202.txt
e106e5e050a8a956	751	docs/chartreuse_gresivaudan_belledonne/club_post_3207.txt
89a13ba4eadf24e0	5556	docs/chartreuse_gresivaudan_belledonne/club_post_3233.txt
d1d1c1a7e1f77746	1876	docs/chartreuse_gresivaudan_belledonne/club_post_3339.txt
894834617c3b5f32	4558	docs/chartreuse_gresivaudan_belledonne/club_post_858.txt
26b9a1616a81830a	1878	docs/chartreuse_gresivaudan_belledonne/club_post_889.txt
198117f20845705a	3548	docs/chartreuse_gresivaudan_belledonne/club_post_923.txt
83ac1539b1a95fc5	2998	docs/chartreuse_gresivaudan_belledonne/club_post_934.txt
527ca62a46db3292	818	docs/chartreuse_gresivaudan_belledonne/club_post_936.txt
8817d7fc34715cd3	804	docs/chartreuse_gresivaudan_belledonne/club_post_963.txt
5a700c662acdcdfe	2645	docs/chartreuse_gresivaudan_belledonne/club_post_990.txt
79d66b89d011199f	226503	docs/chartreuse_gresivaudan_belledonne/clubposts1.json
d68e5ba65c92e9f7	226503	docs/chartreuse_gresivaudan_belledonne/clubposts2.json
76938c7d62d79a39	226503	docs/chartreuse_gresivaudan_belledonne/clubposts3.json
5bc9d69540103419	100460	docs/chartreuse_gresivaudan_belledonne/clubposts_api.json
ec00db244031f304	1223520	docs/chartreuse_gresivaudan_belledonne/clubposts_full.json
4d4d997b7741fea2	76437	docs/chartreuse_gresivaudan_belledonne/coccin.html
420ff49e7aaa84b0	105047	docs/chartreuse_gresivaudan_belledonne/coccin2.html
7bb6ffd451ba494e	74256	docs/chartreuse_gresivaudan_belledonne/coccin_competition.html
f976ea6d638acc9d	74942	docs/chartreuse_gresivaudan_belledonne/coccin_les-sites.html
e467cfd5fa56dd31	74264	docs/chartreuse_gresivaudan_belledonne/coccin_marche-et-vol.html
be7111508cd0887f	2109675	docs/chartreuse_gresivaudan_belledonne/col2_0.png
9def196f71bb81c8	2691	docs/chartreuse_gresivaudan_belledonne/col2_0.txt
570e8b508031f7a2	1688714	docs/chartreuse_gresivaudan_belledonne/col2_1.png
d607a1b567994fab	2331	docs/chartreuse_gresivaudan_belledonne/col2_1.txt
3d1ccbddc3ec0b6f	1860658	docs/chartreuse_gresivaudan_belledonne/col2_2.png
7c44213a7ed699d9	4158	docs/chartreuse_gresivaudan_belledonne/col2_2.txt
63d8ea03d9ff73e5	1986098	docs/chartreuse_gresivaudan_belledonne/col2_3.png
253313185e1fd419	3889	docs/chartreuse_gresivaudan_belledonne/col2_3.txt
164192adfd66aa41	1917789	docs/chartreuse_gresivaudan_belledonne/col2_4.png
b32c83f173c03ca8	2371	docs/chartreuse_gresivaudan_belledonne/col2_4.txt
f8b1b1ada6d2ace8	2037948	docs/chartreuse_gresivaudan_belledonne/col2_5.png
03da076b6c9e26c4	5156	docs/chartreuse_gresivaudan_belledonne/col2_5.txt
5ddd0e22b62c7a9a	1406821	docs/chartreuse_gresivaudan_belledonne/crop7a-07.png
295dd25b091835f9	1279337	docs/chartreuse_gresivaudan_belledonne/crop7b-07.png
18a6e299c6f8e555	8432719	docs/chartreuse_gresivaudan_belledonne/cross_massifs.pdf
26d85e0cc9b0da6f	24636	docs/chartreuse_gresivaudan_belledonne/cross_massifs.txt
78b7703bc38fb822	304249	docs/chartreuse_gresivaudan_belledonne/ct_sud.html
3ed11cc0bff8e151	36545	docs/chartreuse_gresivaudan_belledonne/dreal_survol.html
c61a759aee6d23bb	66278	docs/chartreuse_gresivaudan_belledonne/f_t43513.html
a2558557bdec1dad	5022	docs/chartreuse_gresivaudan_belledonne/f_t43513.txt
63620c47f01ffd7e	66838	docs/chartreuse_gresivaudan_belledonne/f_t62128.html
9f5d0a88a6f96a1a	5244	docs/chartreuse_gresivaudan_belledonne/f_t62128.txt
ca2a69cd85632211	92821	docs/chartreuse_gresivaudan_belledonne/f_t62480.html
2d1f58c73dd4cc6c	11902	docs/chartreuse_gresivaudan_belledonne/f_t62480.txt
c0b9724eaa14d947	5698	docs/chartreuse_gresivaudan_belledonne/ffvl_324.html
39f5036660bf2870	5698	docs/chartreuse_gresivaudan_belledonne/ffvl_325.html
2e3730820692c19e	5803	docs/chartreuse_gresivaudan_belledonne/ffvl_chartreuse.html
d25d6920a60b29f9	307500	docs/chartreuse_gresivaudan_belledonne/ffvl_sites_raw.json
e9af6184b5037d9f	75910	docs/chartreuse_gresivaudan_belledonne/ffvl_summary.txt
1317ce9287ff47b6	35456	docs/chartreuse_gresivaudan_belledonne/first_pass_backup.json
8ce24c28460005cd	37664	docs/chartreuse_gresivaudan_belledonne/flyappi.html
72dcae4813624ee1	92515	docs/chartreuse_gresivaudan_belledonne/flysthil_xc.html
9913a841b0e1134d	121059	docs/chartreuse_gresivaudan_belledonne/forum0.html
af3df4727b1f9e37	25002	docs/chartreuse_gresivaudan_belledonne/forum0.txt
aa9dcb7d7a7c599d	6253	docs/chartreuse_gresivaudan_belledonne/forum20.html
5a70333057a92eda	3818	docs/chartreuse_gresivaudan_belledonne/forum20.txt
ae5d1082c5341911	1254510	docs/chartreuse_gresivaudan_belledonne/hi-07.png
b20d2bd4a6b03367	691016	docs/chartreuse_gresivaudan_belledonne/hi-08.png
e3e4bb4f34e3ebc1	1236290	docs/chartreuse_gresivaudan_belledonne/hi-09.png
d131d19c0d46a65e	1073498	docs/chartreuse_gresivaudan_belledonne/hi-19.png
9bd1bd49a7c522fb	1175850	docs/chartreuse_gresivaudan_belledonne/hi-20.png
ed2e7af7de54e065	824173	docs/chartreuse_gresivaudan_belledonne/hi-21.png
8490b573c808291b	1056480	docs/chartreuse_gresivaudan_belledonne/hi-22.png
12232876e642e480	1138669	docs/chartreuse_gresivaudan_belledonne/hi-33.png
2efac6ce6a56eb0d	1210982	docs/chartreuse_gresivaudan_belledonne/hi-34.png
27c90595b46594e7	1236835	docs/chartreuse_gresivaudan_belledonne/hi-35.png
1fae63777e3b626b	4240	docs/chartreuse_gresivaudan_belledonne/jdv274.html
53f449b56646e738	1005490	docs/chartreuse_gresivaudan_belledonne/lahaut_gre.html
83ae6db858dab86d	99225	docs/chartreuse_gresivaudan_belledonne/largeault/cross_1.html
5937685aba38ac66	34502	docs/chartreuse_gresivaudan_belledonne/largeault/cross_1.txt
d784a49a1e1573da	90116	docs/chartreuse_gresivaudan_belledonne/largeault/cross_2.html
a806b2cf828a7137	30976	docs/chartreuse_gresivaudan_belledonne/largeault/cross_2.txt
f8340baac3195eb4	71678	docs/chartreuse_gresivaudan_belledonne/largeault/cross_3.html
35a202abd477b140	26547	docs/chartreuse_gresivaudan_belledonne/largeault/cross_3.txt
a5d5fe39dd41c67a	28293	docs/chartreuse_gresivaudan_belledonne/largeault/cross_4.html
402f308f7244d446	1828	docs/chartreuse_gresivaudan_belledonne/largeault/cross_4.txt
a5d5fe39dd41c67a	28293	docs/chartreuse_gresivaudan_belledonne/largeault/cross_5.html
402f308f7244d446	1828	docs/chartreuse_gresivaudan_belledonne/largeault/cross_5.txt
a5d5fe39dd41c67a	28293	docs/chartreuse_gresivaudan_belledonne/largeault/cross_6.html
402f308f7244d446	1828	docs/chartreuse_gresivaudan_belledonne/largeault/cross_6.txt
a5d5fe39dd41c67a	28293	docs/chartreuse_gresivaudan_belledonne/largeault/cross_7.html
402f308f7244d446	1828	docs/chartreuse_gresivaudan_belledonne/largeault/cross_7.txt
a5d5fe39dd41c67a	28293	docs/chartreuse_gresivaudan_belledonne/largeault/cross_8.html
402f308f7244d446	1828	docs/chartreuse_gresivaudan_belledonne/largeault/cross_8.txt
3f9e163208c011c5	597559	docs/chartreuse_gresivaudan_belledonne/largeault.html
91740ee62e6f4714	215791	docs/chartreuse_gresivaudan_belledonne/largeault.kml
d8f8228280e31a76	5837	docs/chartreuse_gresivaudan_belledonne/largeault.txt
92e4138b24ffaaae	35952	docs/chartreuse_gresivaudan_belledonne/largeault161.html
3e9c39342860530f	39781	docs/chartreuse_gresivaudan_belledonne/largeault_granier.html
eadda1abefdef756	119458	docs/chartreuse_gresivaudan_belledonne/largeault_map.jpg
bbea4af68bd87085	92951	docs/chartreuse_gresivaudan_belledonne/largeault_map1024.jpg
f4fa5353c5eac99a	144028	docs/chartreuse_gresivaudan_belledonne/largeault_map2.jpg
48e287e5dd124137	8920	docs/chartreuse_gresivaudan_belledonne/largeault_paths.json
b94ebdd2904dae93	1277749	docs/chartreuse_gresivaudan_belledonne/m_ne.png
6ae9f9334a043b42	1397121	docs/chartreuse_gresivaudan_belledonne/m_nw.png
0ac8c991a4d0649e	1382922	docs/chartreuse_gresivaudan_belledonne/m_se.png
15a4260cbea34ab2	1459805	docs/chartreuse_gresivaudan_belledonne/m_sw.png
f87a28c397639220	74807	docs/chartreuse_gresivaudan_belledonne/nord.html
c968520b693887a6	14098	docs/chartreuse_gresivaudan_belledonne/nord.txt
9e8d149c02b9ab77	695	docs/chartreuse_gresivaudan_belledonne/o3.json
7bfcc171079d9ece	13849	docs/chartreuse_gresivaudan_belledonne/overpass.json
9e8d149c02b9ab77	695	docs/chartreuse_gresivaudan_belledonne/overpass2.json
54381f0a25e08753	321403	docs/chartreuse_gresivaudan_belledonne/pbiplace.html
dccde89a9ffd4321	1013482	docs/chartreuse_gresivaudan_belledonne/pc-20.png
b0550167fb37c441	883791	docs/chartreuse_gresivaudan_belledonne/pc-21.png
594a85754c64db95	732787	docs/chartreuse_gresivaudan_belledonne/pc-22.png
1175629f6d84cf19	823369	docs/chartreuse_gresivaudan_belledonne/pc-23.png
7e05e4d846c9d547	655618	docs/chartreuse_gresivaudan_belledonne/pc-24.png
b7fe8c3dd8a1ded0	651999	docs/chartreuse_gresivaudan_belledonne/pc-25.png
795dafa1d09898db	806961	docs/chartreuse_gresivaudan_belledonne/pc-26.png
164c20de27ee04fd	1129246	docs/chartreuse_gresivaudan_belledonne/pc-27.png
7e00ee4f0ce018ce	1687762	docs/chartreuse_gresivaudan_belledonne/pc-28.png
910f31d4dfaf26d0	92891	docs/chartreuse_gresivaudan_belledonne/pc-29.png
7aa89657a8e5d335	41562	docs/chartreuse_gresivaudan_belledonne/pg-01.png
8eec61b5282b6c71	27106	docs/chartreuse_gresivaudan_belledonne/pg-02.png
d71be35ce4c10bf6	578927	docs/chartreuse_gresivaudan_belledonne/pg-03.png
c8a300f3bbeb04cc	698860	docs/chartreuse_gresivaudan_belledonne/pg-04.png
941548f652e9a934	475237	docs/chartreuse_gresivaudan_belledonne/pg-05.png
ca7694dc6976364f	283577	docs/chartreuse_gresivaudan_belledonne/pg-06.png
87a96d1f8ba90732	553205	docs/chartreuse_gresivaudan_belledonne/pg-07.png
846eff0a8129caf7	333956	docs/chartreuse_gresivaudan_belledonne/pg-08.png
bbca3065545b451f	556069	docs/chartreuse_gresivaudan_belledonne/pg-09.png
83921b9073050cd3	543699	docs/chartreuse_gresivaudan_belledonne/pg-10.png
bd4b933dfb90bea4	545962	docs/chartreuse_gresivaudan_belledonne/pg-11.png
17f40af917008a7d	561729	docs/chartreuse_gresivaudan_belledonne/pg-12.png
7e6a411091580fe5	639569	docs/chartreuse_gresivaudan_belledonne/pg-13.png
3505c6fe10068db5	395986	docs/chartreuse_gresivaudan_belledonne/pg-14.png
67d47a1c731efc06	577224	docs/chartreuse_gresivaudan_belledonne/pg-15.png
c704343d78619bc6	357375	docs/chartreuse_gresivaudan_belledonne/pg-16.png
e8752edb6423b845	553239	docs/chartreuse_gresivaudan_belledonne/pg-17.png
501fc8d5bf5f3f74	228171	docs/chartreuse_gresivaudan_belledonne/pg-18.png
bfaf4c72a4c49114	500140	docs/chartreuse_gresivaudan_belledonne/pg-19.png
e2214af5f77a301c	506768	docs/chartreuse_gresivaudan_belledonne/pg-20.png
549648fd63e465f9	356972	docs/chartreuse_gresivaudan_belledonne/pg-21.png
fb4315587ea99702	488356	docs/chartreuse_gresivaudan_belledonne/pg-22.png
121536ddf767dfc4	445529	docs/chartreuse_gresivaudan_belledonne/pg-23.png
64642f761ba07b39	425976	docs/chartreuse_gresivaudan_belledonne/pg-24.png
19da37f3c4ebc14e	453418	docs/chartreuse_gresivaudan_belledonne/pg-25.png
a5809b48cecfc169	538407	docs/chartreuse_gresivaudan_belledonne/pg-26.png
4e65d522b6db53b4	398052	docs/chartreuse_gresivaudan_belledonne/pg-27.png
5d1d06544686a722	533713	docs/chartreuse_gresivaudan_belledonne/pg-28.png
9dd3362f039f970f	561369	docs/chartreuse_gresivaudan_belledonne/pg-29.png
694ca422922a1a6e	469591	docs/chartreuse_gresivaudan_belledonne/pg-30.png
e79c9e1e05f1aff1	605387	docs/chartreuse_gresivaudan_belledonne/pg-31.png
3b9b77354d15afab	485355	docs/chartreuse_gresivaudan_belledonne/pg-32.png
8b09a68ed79bdad9	530460	docs/chartreuse_gresivaudan_belledonne/pg-33.png
d5f5e02fff529891	565454	docs/chartreuse_gresivaudan_belledonne/pg-34.png
c251bf298e1ac41c	575300	docs/chartreuse_gresivaudan_belledonne/pg-35.png
70b3034037df5f1f	614003	docs/chartreuse_gresivaudan_belledonne/pg-36.png
fcc0c8cf9f55ec2e	525420	docs/chartreuse_gresivaudan_belledonne/pg-37.png
3f027c4959cf1e41	536078	docs/chartreuse_gresivaudan_belledonne/pg-38.png
b4a68c89b673d91c	602054	docs/chartreuse_gresivaudan_belledonne/pg-39.png
dc361e35c436ab11	514179	docs/chartreuse_gresivaudan_belledonne/pg-40.png
f8f678331c7c15b6	552377	docs/chartreuse_gresivaudan_belledonne/pg-41.png
c476e5615c55bc56	515950	docs/chartreuse_gresivaudan_belledonne/pg-42.png
b9db136fab125a6d	509780	docs/chartreuse_gresivaudan_belledonne/pg-43.png
f2a02ee6605dfefb	496532	docs/chartreuse_gresivaudan_belledonne/pg-44.png
c6c82654137e2e2e	532385	docs/chartreuse_gresivaudan_belledonne/pg-45.png
473a9cd4736c8eab	586468	docs/chartreuse_gresivaudan_belledonne/pg-46.png
ba21e0f6ea49526f	573842	docs/chartreuse_gresivaudan_belledonne/pg-47.png
cf7d9910e955db8b	435701	docs/chartreuse_gresivaudan_belledonne/pg-48.png
87a487a641dcbca1	5459	docs/chartreuse_gresivaudan_belledonne/pistehors.html
75d94b1d3aa471a4	5114	docs/chartreuse_gresivaudan_belledonne/places.json
d85f9b07ff43193b	66045	docs/chartreuse_gresivaudan_belledonne/pnr_survol.html
c947e421f22a1580	89063	docs/chartreuse_gresivaudan_belledonne/pnr_vollibre.html
b1a27d574b9ff94a	237740	docs/chartreuse_gresivaudan_belledonne/pre_thermo_backup.json
c800c8c7e4b95a85	1565836	docs/chartreuse_gresivaudan_belledonne/prepa_cross.pdf
5dd2bf4892f5a36b	11319	docs/chartreuse_gresivaudan_belledonne/prepa_cross.txt
5c1ab167e2aae564	2733	docs/chartreuse_gresivaudan_belledonne/prepa_cross_full.txt
4b1e3c1f6ff50fcf	95841	docs/chartreuse_gresivaudan_belledonne/ps_VL_Belledonne.bin
0f00513937003e1a	45760	docs/chartreuse_gresivaudan_belledonne/ps_bellet_belledonne.html
e5d63e2bd8c43522	13184	docs/chartreuse_gresivaudan_belledonne/ps_bellet_belledonne.txt
7bb6ffd451ba494e	74256	docs/chartreuse_gresivaudan_belledonne/ps_coccinailes_comp.html
b664b9932396ea32	359	docs/chartreuse_gresivaudan_belledonne/ps_coccinailes_comp.txt
2fdf9b7f13681746	105028	docs/chartreuse_gresivaudan_belledonne/ps_coccinailes_home.html
f3261f4ec15fc7e4	4614	docs/chartreuse_gresivaudan_belledonne/ps_coccinailes_home.txt
e467cfd5fa56dd31	74264	docs/chartreuse_gresivaudan_belledonne/ps_coccinailes_mv.html
a1388e2ee5d7ef4d	361	docs/chartreuse_gresivaudan_belledonne/ps_coccinailes_mv.txt
f976ea6d638acc9d	74942	docs/chartreuse_gresivaudan_belledonne/ps_coccinailes_sites.html
2fa0b7c3deba6faf	410	docs/chartreuse_gresivaudan_belledonne/ps_coccinailes_sites.txt
2e1a23c622839291	3998	docs/chartreuse_gresivaudan_belledonne/ps_rp_gdcolon.html
743d7f4c5ea3211f	833	docs/chartreuse_gresivaudan_belledonne/ps_rp_gdcolon.txt
02d48a434d7db963	1977	docs/chartreuse_gresivaudan_belledonne/ps_rp_index.html
04e12096c43504b9	775	docs/chartreuse_gresivaudan_belledonne/ps_rp_index.txt
e542402b9412e85b	816	docs/chartreuse_gresivaudan_belledonne/q.ql
385452f65147183e	418	docs/chartreuse_gresivaudan_belledonne/q2.ql
da621a8d001ac0ab	68	docs/chartreuse_gresivaudan_belledonne/q3.ql
54d263abd9798431	36545	docs/chartreuse_gresivaudan_belledonne/rnn_survol.pdf
f05e83bf6e133999	169686	docs/chartreuse_gresivaudan_belledonne/summits.html
89120524e19e4546	131244	docs/chartreuse_gresivaudan_belledonne/tlp.html
067d7c018d7ebbd3	5393	docs/chartreuse_gresivaudan_belledonne/tlp.txt
b2417070d2bf6f9b	81	docs/chartreuse_gresivaudan_belledonne/tlp_belledonne.jpg
b2417070d2bf6f9b	81	docs/chartreuse_gresivaudan_belledonne/tlp_chartreuse.jpg
b2417070d2bf6f9b	81	docs/chartreuse_gresivaudan_belledonne/tlp_flux.jpg
8e542e146d87d33b	2828892	docs/chartreuse_gresivaudan_belledonne/vlc-1.png
0e3018bb679df23a	2434826	docs/chartreuse_gresivaudan_belledonne/vlc-2.png
2bda5f205a854189	22491465	docs/chartreuse_gresivaudan_belledonne/vlc220-2.png
7b0a31b7e49cf16b	8696460	docs/chartreuse_gresivaudan_belledonne/vlcH-1.png
75f91356f2d0ed96	7282516	docs/chartreuse_gresivaudan_belledonne/vlcH-2.png
135aa4c207d17e8c	357671	docs/chartreuse_gresivaudan_belledonne/wikiclimb.html
b0c44e357c228ac4	58267	docs/chartreuse_gresivaudan_belledonne/windsurf.html
569c95102e72c897	144717	docs/chartreuse_gresivaudan_belledonne/xcmag_sthil.html
f695e07d382218e1	554055	docs/chartreuse_gresivaudan_belledonne/y2_bot.png
50b5a2c3ecb278d8	297936	docs/chartreuse_gresivaudan_belledonne/y2_mid1.png
0cdd154c10e04ae0	230372	docs/chartreuse_gresivaudan_belledonne/y2_top.png
59c3d9937fb673c1	261830	docs/chartreuse_gresivaudan_belledonne/y2_top2.png
5bd445e74092f007	138774	docs/chartreuse_gresivaudan_belledonne/y_p1.jpg
63e0ac284dac8a7a	2117	docs/chartreuse_gresivaudan_belledonne/y_p1.txt
9e99348d4c376bca	2214339	docs/chartreuse_gresivaudan_belledonne/y_p1_big.png
8d5f12a37ae0f337	121257	docs/chartreuse_gresivaudan_belledonne/y_p2.jpg
65754f86d1bba20e	105	docs/chartreuse_gresivaudan_belledonne/y_p2.txt
0be21149f7c0a8c8	1727804	docs/chartreuse_gresivaudan_belledonne/y_p2_big.png
e8b8f35b44ef97fa	247382	docs/chartreuse_gresivaudan_belledonne/y_p3.jpg
9c27cc378382e9fb	2076	docs/chartreuse_gresivaudan_belledonne/y_p3.txt
097defc61554a95c	1850436	docs/chartreuse_gresivaudan_belledonne/y_p3_big.png
0e7995c447934b15	129507	docs/chartreuse_gresivaudan_belledonne/y_p4.jpg
e3b0c44298fc1c14	0	docs/chartreuse_gresivaudan_belledonne/y_p4.txt
e7cb577a46b5f78d	1835876	docs/chartreuse_gresivaudan_belledonne/y_p4_big.png
763d07f4d423ec4c	58765	docs/chartreuse_gresivaudan_belledonne/ygreno.html
6314cdc7154c3ee0	9982	docs/chartreuse_gresivaudan_belledonne/ygreno.txt
79fe8e3be860e35b	9161	docs/devoluy_gap_buech_diois/aavo.txt
9f0cff28e403ab1a	2566142	docs/devoluy_gap_buech_diois/aavo_pres_gap.pdf
c104cdd5158e32ad	2158822	docs/devoluy_gap_buech_diois/admin.sisteron_buech.fr_api_en_sites_3_takeoff_of_the_espranons.pdf
22e6f9b7bd53057a	2984	docs/devoluy_gap_buech_diois/admin.sisteron_buech.fr_api_en_sites_3_takeoff_of_the_espranons.pdf.txt
3fedcffeb6a8edda	2011417	docs/devoluy_gap_buech_diois/admin.sisteron_buech.fr_api_en_sites_4_takeoff_of_the_faineants.pdf
361b2e318ddac462	3132	docs/devoluy_gap_buech_diois/admin.sisteron_buech.fr_api_en_sites_4_takeoff_of_the_faineants.pdf.txt
5a0d20314d1db31d	2915884	docs/devoluy_gap_buech_diois/admin.sisteron_buech.fr_api_fr_sites_2_montagne_de_chabre.pdf
1482676b5eec3e43	3649	docs/devoluy_gap_buech_diois/admin.sisteron_buech.fr_api_fr_sites_2_montagne_de_chabre.pdf.txt
9e8d149c02b9ab77	695	docs/devoluy_gap_buech_diois/aero.json
87dc8034e15424a2	1728256	docs/devoluy_gap_buech_diois/airbuech/CR-AGO-2025.pdf
37c711c6fcb5cd3f	141631	docs/devoluy_gap_buech_diois/airbuech/Route-waterfly-2026.jpg
3e6fa2773e8f20f9	2441336	docs/devoluy_gap_buech_diois/airbuech/Task-waterfly2025.pdf
58e51a72b8422891	1540012	docs/devoluy_gap_buech_diois/airbuech/Topo-Waterfly-2025.png
db4ef6fb53638593	726	docs/devoluy_gap_buech_diois/airbuech/WF2026.wpt_.txt
6b5ce0f3cfccd645	688	docs/devoluy_gap_buech_diois/airbuech/Waterfly2025.txt
f99e051b86a1d2e7	1291018	docs/devoluy_gap_buech_diois/airbuech/cr-ag-2024-air-buech.pdf
efa30beb0420d750	28172	docs/devoluy_gap_buech_diois/airbuech/meteo.png
ccaf0b124322fd52	102908	docs/devoluy_gap_buech_diois/airbuech/topo-WF2026.jpg
fa2dc7a25b449e5f	126778	docs/devoluy_gap_buech_diois/airbuech.fr_671_2_
1694679c1e2ebbfd	118007	docs/devoluy_gap_buech_diois/airbuech.fr_air_buech_nos_sites_preferes_
9a3d55156f7e43f3	133259	docs/devoluy_gap_buech_diois/airbuech.fr_air_buech_nos_sites_preferes_melves_
dd33a68604fc84f7	142684	docs/devoluy_gap_buech_diois/airbuech.fr_air_buech_nos_sites_preferes_nos_sites_de_vol_rando_
0f0ddba4a0eb664e	127690	docs/devoluy_gap_buech_diois/airbuech.fr_info_site_de_chabre_
caaa87089c57675b	116757	docs/devoluy_gap_buech_diois/airbuech.fr_la_water_fly_
7f5b3b856ad68384	165016	docs/devoluy_gap_buech_diois/airbuech.fr_la_water_fly_edition_2025_
58e51a72b8422891	1540012	docs/devoluy_gap_buech_diois/airbuech.fr_la_water_fly_edition_2025_topo_waterfly_2025_
cbe460261cf74275	161557	docs/devoluy_gap_buech_diois/airbuech.fr_la_water_fly_edition_2026_
ccaf0b124322fd52	102908	docs/devoluy_gap_buech_diois/airbuech.fr_la_water_fly_edition_2026_topo_wf2026_
cd383d93ecb9053b	117918	docs/devoluy_gap_buech_diois/airbuech.fr_pa_de_chabre_
5a47737e21da9fa1	127040	docs/devoluy_gap_buech_diois/airbuech.fr_point_meteo_pour_la_pa_de_ce_we_
9f8191d2aa6ff8d8	142673	docs/devoluy_gap_buech_diois/airbuech.fr_ressources_liens_
163d9e65f01e5a0f	132228	docs/devoluy_gap_buech_diois/airbuech.fr_securite_balises_meteo_
2c48b6932fea3174	118051	docs/devoluy_gap_buech_diois/airbuech.fr_securite_centrer_le_thermique_
4102dd5be2fe37f6	130062	docs/devoluy_gap_buech_diois/airbuech.fr_securite_gestion_des_risques_en_vol_libre_
4575d411c0258ff6	120974	docs/devoluy_gap_buech_diois/airbuech.fr_securite_les_espaces_aeriens_
e7431c3850cd8ed3	120110	docs/devoluy_gap_buech_diois/airbuech.fr_securite_preparer_son_parcours_de_cross_
53cc070b3533d273	127583	docs/devoluy_gap_buech_diois/airbuech.fr_soiree_meteo_locale_
826252462803e988	128578	docs/devoluy_gap_buech_diois/airbuech.fr_webcam_360_
021ecb8c86b03ff3	143326	docs/devoluy_gap_buech_diois/airbuech_chabre.html
fc9773b6d9e81313	13384	docs/devoluy_gap_buech_diois/airbuech_media.json
4ca1c6c7a4668e79	11447	docs/devoluy_gap_buech_diois/airbuech_pages.json
5cbcffbbb239610f	4732	docs/devoluy_gap_buech_diois/airbuech_posts.json
1a5c157d0be3813d	17632	docs/devoluy_gap_buech_diois/am.json
1b9cf1815f9cff14	71111759	docs/devoluy_gap_buech_diois/briffe/brises_en.pptx
718a37c5c465df86	71112365	docs/devoluy_gap_buech_diois/briffe/brises_fr.pptx
1e0db19d241eaace	13891	docs/devoluy_gap_buech_diois/briffe/bx/[Content_Types].xml
3cabac7cb0922dda	738	docs/devoluy_gap_buech_diois/briffe/bx/_rels/.rels
71e08b14d40f6a0e	5046	docs/devoluy_gap_buech_diois/briffe/bx/docProps/app.xml
4e0b4a89b470e126	687	docs/devoluy_gap_buech_diois/briffe/bx/docProps/core.xml
f8da775cb4052036	11738	docs/devoluy_gap_buech_diois/briffe/bx/docProps/thumbnail.jpeg
6433fe5e291f6e99	11810	docs/devoluy_gap_buech_diois/briffe/bx/ppt/_rels/presentation.xml.rels
3e74d4d0c83e8007	261662	docs/devoluy_gap_buech_diois/briffe/bx/ppt/media/hdphoto1.wdp
301023967435c0fb	549505	docs/devoluy_gap_buech_diois/briffe/bx/ppt/media/image1.png
d1506ccff750c3d4	198254	docs/devoluy_gap_buech_diois/briffe/bx/ppt/media/image10.jpeg
242eea939b69c149	395692	docs/devoluy_gap_buech_diois/briffe/bx/ppt/media/image11.jpeg
64c55200b051745b	233024	docs/devoluy_gap_buech_diois/briffe/bx/ppt/media/image12.jpeg
5ae4753101021716	2542404	docs/devoluy_gap_buech_diois/briffe/bx/ppt/media/image13.png
665d962ba37e8adf	2602927	docs/devoluy_gap_buech_diois/briffe/bx/ppt/media/image14.png
da9fa2cf7496b3f6	290845	docs/devoluy_gap_buech_diois/briffe/bx/ppt/media/image15.jpeg
39cee56e05012c4a	162863	docs/devoluy_gap_buech_diois/briffe/bx/ppt/media/image16.png
2d0d6f76cd21b019	235446	docs/devoluy_gap_buech_diois/briffe/bx/ppt/media/image17.jpeg
2ad6432b7e11a3b3	305155	docs/devoluy_gap_buech_diois/briffe/bx/ppt/media/image18.jpeg
651926433be72956	296475	docs/devoluy_gap_buech_diois/briffe/bx/ppt/media/image19.jpg
eff528c85ca18ee7	3497419	docs/devoluy_gap_buech_diois/briffe/bx/ppt/media/image2.png
528eb8f9d4b2d200	314714	docs/devoluy_gap_buech_diois/briffe/bx/ppt/media/image20.jpeg
cb039a05e1096ca8	1655438	docs/devoluy_gap_buech_diois/briffe/bx/ppt/media/image21.png
045899488391fd5c	3507783	docs/devoluy_gap_buech_diois/briffe/bx/ppt/media/image22.png
69a3715d6e17566a	2275658	docs/devoluy_gap_buech_diois/briffe/bx/ppt/media/image23.png
934b9472edcb5b17	3496589	docs/devoluy_gap_buech_diois/briffe/bx/ppt/media/image24.png
f47460a43a2f58f5	256844	docs/devoluy_gap_buech_diois/briffe/bx/ppt/media/image25.jpeg
1561b742ba67afb0	260900	docs/devoluy_gap_buech_diois/briffe/bx/ppt/media/image26.jpeg
19704324c459b781	228540	docs/devoluy_gap_buech_diois/briffe/bx/ppt/media/image27.jpeg
c944f67d4d48e6e0	2201077	docs/devoluy_gap_buech_diois/briffe/bx/ppt/media/image28.png
d2a8bf05f7b507a5	3403112	docs/devoluy_gap_buech_diois/briffe/bx/ppt/media/image29.png
78f06dfc826405cd	3162114	docs/devoluy_gap_buech_diois/briffe/bx/ppt/media/image3.png
2a3daaa065c7cbd9	358057	docs/devoluy_gap_buech_diois/briffe/bx/ppt/media/image30.jpeg
01b2f90cdbd6e25c	371069	docs/devoluy_gap_buech_diois/briffe/bx/ppt/media/image31.jpeg
72618d9187a096b9	342606	docs/devoluy_gap_buech_diois/briffe/bx/ppt/media/image32.jpeg
da99cb0dc51c37a4	508534	docs/devoluy_gap_buech_diois/briffe/bx/ppt/media/image33.jpeg
f3ccc98ff1536b9f	2511635	docs/devoluy_gap_buech_diois/briffe/bx/ppt/media/image34.png
05be0277c4a761b0	2634502	docs/devoluy_gap_buech_diois/briffe/bx/ppt/media/image35.png
c54baec02a33f443	2651987	docs/devoluy_gap_buech_diois/briffe/bx/ppt/media/image36.png
ea1762d559a0aa51	2869208	docs/devoluy_gap_buech_diois/briffe/bx/ppt/media/image37.png
a91c63c6f310d796	2331558	docs/devoluy_gap_buech_diois/briffe/bx/ppt/media/image38.png
4b92aa1ef3b17d69	2766537	docs/devoluy_gap_buech_diois/briffe/bx/ppt/media/image39.png
e981a1e96ab03b43	2507125	docs/devoluy_gap_buech_diois/briffe/bx/ppt/media/image4.png
1e1bf86f5d25010e	3797800	docs/devoluy_gap_buech_diois/briffe/bx/ppt/media/image40.png
b003fe92f12e536d	2011990	docs/devoluy_gap_buech_diois/briffe/bx/ppt/media/image41.png
0d0391820f4272bc	287395	docs/devoluy_gap_buech_diois/briffe/bx/ppt/media/image42.jpeg
e4726c3ea8e978b7	325875	docs/devoluy_gap_buech_diois/briffe/bx/ppt/media/image43.jpeg
d92f02879ea63985	2742216	docs/devoluy_gap_buech_diois/briffe/bx/ppt/media/image44.png
ceab074ccce1cad4	2507851	docs/devoluy_gap_buech_diois/briffe/bx/ppt/media/image45.png
d0100be667c29571	1732330	docs/devoluy_gap_buech_diois/briffe/bx/ppt/media/image46.png
37db4e4dd00121ae	2744674	docs/devoluy_gap_buech_diois/briffe/bx/ppt/media/image47.png
eb7a882e618b64d8	375586	docs/devoluy_gap_buech_diois/briffe/bx/ppt/media/image48.jpeg
45646597e6ad006c	277637	docs/devoluy_gap_buech_diois/briffe/bx/ppt/media/image49.jpeg
2179fb17fffbde3c	238336	docs/devoluy_gap_buech_diois/briffe/bx/ppt/media/image5.jpeg
854afb87ffbef1dd	246244	docs/devoluy_gap_buech_diois/briffe/bx/ppt/media/image50.jpeg
b77ba92e27fe9e04	170817	docs/devoluy_gap_buech_diois/briffe/bx/ppt/media/image51.jpeg
9cc9e3d6d2d52ce7	212158	docs/devoluy_gap_buech_diois/briffe/bx/ppt/media/image6.png
01430b916637a229	165173	docs/devoluy_gap_buech_diois/briffe/bx/ppt/media/image7.jpeg
8f916c6313cfee4f	412157	docs/devoluy_gap_buech_diois/briffe/bx/ppt/media/image8.jpeg
3f1c5fc5bd32bc6f	266097	docs/devoluy_gap_buech_diois/briffe/bx/ppt/media/image9.jpeg
c900da93a4de8bad	292	docs/devoluy_gap_buech_diois/briffe/bx/ppt/notesMasters/_rels/notesMaster1.xml.rels
5eb09ab0a0a42525	7759	docs/devoluy_gap_buech_diois/briffe/bx/ppt/notesMasters/notesMaster1.xml
b42af61236cda9ea	649	docs/devoluy_gap_buech_diois/briffe/bx/ppt/presProps.xml
50297f1bc191618d	5814	docs/devoluy_gap_buech_diois/briffe/bx/ppt/presentation.xml
74bd1752d2e053a5	9894	docs/devoluy_gap_buech_diois/briffe/bx/ppt/printerSettings/printerSettings1.bin
8246d333bf3764cd	311	docs/devoluy_gap_buech_diois/briffe/bx/ppt/slideLayouts/_rels/slideLayout1.xml.rels
8246d333bf3764cd	311	docs/devoluy_gap_buech_diois/briffe/bx/ppt/slideLayouts/_rels/slideLayout10.xml.rels
8246d333bf3764cd	311	docs/devoluy_gap_buech_diois/briffe/bx/ppt/slideLayouts/_rels/slideLayout11.xml.rels
8246d333bf3764cd	311	docs/devoluy_gap_buech_diois/briffe/bx/ppt/slideLayouts/_rels/slideLayout2.xml.rels
8246d333bf3764cd	311	docs/devoluy_gap_buech_diois/briffe/bx/ppt/slideLayouts/_rels/slideLayout3.xml.rels
8246d333bf3764cd	311	docs/devoluy_gap_buech_diois/briffe/bx/ppt/slideLayouts/_rels/slideLayout4.xml.rels
8246d333bf3764cd	311	docs/devoluy_gap_buech_diois/briffe/bx/ppt/slideLayouts/_rels/slideLayout5.xml.rels
8246d333bf3764cd	311	docs/devoluy_gap_buech_diois/briffe/bx/ppt/slideLayouts/_rels/slideLayout6.xml.rels
8246d333bf3764cd	311	docs/devoluy_gap_buech_diois/briffe/bx/ppt/slideLayouts/_rels/slideLayout7.xml.rels
8246d333bf3764cd	311	docs/devoluy_gap_buech_diois/briffe/bx/ppt/slideLayouts/_rels/slideLayout8.xml.rels
8246d333bf3764cd	311	docs/devoluy_gap_buech_diois/briffe/bx/ppt/slideLayouts/_rels/slideLayout9.xml.rels
7f298c9e93be235d	4430	docs/devoluy_gap_buech_diois/briffe/bx/ppt/slideLayouts/slideLayout1.xml
9e4a70609048096e	3111	docs/devoluy_gap_buech_diois/briffe/bx/ppt/slideLayouts/slideLayout10.xml
25c7269a695e5eae	3335	docs/devoluy_gap_buech_diois/briffe/bx/ppt/slideLayouts/slideLayout11.xml
122f3e89f574938a	3054	docs/devoluy_gap_buech_diois/briffe/bx/ppt/slideLayouts/slideLayout2.xml
8f49f422c4a29aa6	4515	docs/devoluy_gap_buech_diois/briffe/bx/ppt/slideLayouts/slideLayout3.xml
9b7d7733cbfb5e6a	4850	docs/devoluy_gap_buech_diois/briffe/bx/ppt/slideLayouts/slideLayout4.xml
f3f9f0b107585253	7417	docs/devoluy_gap_buech_diois/briffe/bx/ppt/slideLayouts/slideLayout5.xml
7c9d526fd8830906	2274	docs/devoluy_gap_buech_diois/briffe/bx/ppt/slideLayouts/slideLayout6.xml
076db352d219832d	1939	docs/devoluy_gap_buech_diois/briffe/bx/ppt/slideLayouts/slideLayout7.xml
c37f0b5f61d9c8f3	4920	docs/devoluy_gap_buech_diois/briffe/bx/ppt/slideLayouts/slideLayout8.xml
03bc5de91089d7d7	4738	docs/devoluy_gap_buech_diois/briffe/bx/ppt/slideLayouts/slideLayout9.xml
15c02d81ee438624	1991	docs/devoluy_gap_buech_diois/briffe/bx/ppt/slideMasters/_rels/slideMaster1.xml.rels
cd9279125535234e	12084	docs/devoluy_gap_buech_diois/briffe/bx/ppt/slideMasters/slideMaster1.xml
e125c916ff3118a8	311	docs/devoluy_gap_buech_diois/briffe/bx/ppt/slides/_rels/slide1.xml.rels
73a517efa93d4490	446	docs/devoluy_gap_buech_diois/briffe/bx/ppt/slides/_rels/slide10.xml.rels
73a517efa93d4490	446	docs/devoluy_gap_buech_diois/briffe/bx/ppt/slides/_rels/slide11.xml.rels
0fe17cc9cc36df36	311	docs/devoluy_gap_buech_diois/briffe/bx/ppt/slides/_rels/slide12.xml.rels
5b332a1305862251	447	docs/devoluy_gap_buech_diois/briffe/bx/ppt/slides/_rels/slide13.xml.rels
0fe17cc9cc36df36	311	docs/devoluy_gap_buech_diois/briffe/bx/ppt/slides/_rels/slide14.xml.rels
4a972575f2fbe67c	447	docs/devoluy_gap_buech_diois/briffe/bx/ppt/slides/_rels/slide15.xml.rels
4a972575f2fbe67c	447	docs/devoluy_gap_buech_diois/briffe/bx/ppt/slides/_rels/slide16.xml.rels
077cfc3ea15a6e89	447	docs/devoluy_gap_buech_diois/briffe/bx/ppt/slides/_rels/slide17.xml.rels
0fe17cc9cc36df36	311	docs/devoluy_gap_buech_diois/briffe/bx/ppt/slides/_rels/slide18.xml.rels
d7db4f16a6a72d5d	448	docs/devoluy_gap_buech_diois/briffe/bx/ppt/slides/_rels/slide19.xml.rels
0fe17cc9cc36df36	311	docs/devoluy_gap_buech_diois/briffe/bx/ppt/slides/_rels/slide2.xml.rels
5191c03e5b6d784a	448	docs/devoluy_gap_buech_diois/briffe/bx/ppt/slides/_rels/slide20.xml.rels
4f1a55ee23cc56c5	448	docs/devoluy_gap_buech_diois/briffe/bx/ppt/slides/_rels/slide21.xml.rels
0fe17cc9cc36df36	311	docs/devoluy_gap_buech_diois/briffe/bx/ppt/slides/_rels/slide22.xml.rels
e1b973fcabec6bcf	447	docs/devoluy_gap_buech_diois/briffe/bx/ppt/slides/_rels/slide23.xml.rels
0fe17cc9cc36df36	311	docs/devoluy_gap_buech_diois/briffe/bx/ppt/slides/_rels/slide24.xml.rels
4958e066de39b6d1	447	docs/devoluy_gap_buech_diois/briffe/bx/ppt/slides/_rels/slide25.xml.rels
4958e066de39b6d1	447	docs/devoluy_gap_buech_diois/briffe/bx/ppt/slides/_rels/slide26.xml.rels
4958e066de39b6d1	447	docs/devoluy_gap_buech_diois/briffe/bx/ppt/slides/_rels/slide27.xml.rels
ee7e0712a1360449	448	docs/devoluy_gap_buech_diois/briffe/bx/ppt/slides/_rels/slide28.xml.rels
0fe17cc9cc36df36	311	docs/devoluy_gap_buech_diois/briffe/bx/ppt/slides/_rels/slide29.xml.rels
0fe17cc9cc36df36	311	docs/devoluy_gap_buech_diois/briffe/bx/ppt/slides/_rels/slide3.xml.rels
0fe17cc9cc36df36	311	docs/devoluy_gap_buech_diois/briffe/bx/ppt/slides/_rels/slide30.xml.rels
0fe17cc9cc36df36	311	docs/devoluy_gap_buech_diois/briffe/bx/ppt/slides/_rels/slide31.xml.rels
0fe17cc9cc36df36	311	docs/devoluy_gap_buech_diois/briffe/bx/ppt/slides/_rels/slide32.xml.rels
0fe17cc9cc36df36	311	docs/devoluy_gap_buech_diois/briffe/bx/ppt/slides/_rels/slide33.xml.rels
1b9d21ff5ea2317b	447	docs/devoluy_gap_buech_diois/briffe/bx/ppt/slides/_rels/slide34.xml.rels
0fe17cc9cc36df36	311	docs/devoluy_gap_buech_diois/briffe/bx/ppt/slides/_rels/slide35.xml.rels
c7a3f9f341a9277f	448	docs/devoluy_gap_buech_diois/briffe/bx/ppt/slides/_rels/slide36.xml.rels
d6ba25f7cd42be59	448	docs/devoluy_gap_buech_diois/briffe/bx/ppt/slides/_rels/slide37.xml.rels
0fe17cc9cc36df36	311	docs/devoluy_gap_buech_diois/briffe/bx/ppt/slides/_rels/slide38.xml.rels
f7128939b1ae3d6d	447	docs/devoluy_gap_buech_diois/briffe/bx/ppt/slides/_rels/slide39.xml.rels
05c87e002eca6d08	446	docs/devoluy_gap_buech_diois/briffe/bx/ppt/slides/_rels/slide4.xml.rels
0fe17cc9cc36df36	311	docs/devoluy_gap_buech_diois/briffe/bx/ppt/slides/_rels/slide40.xml.rels
0fe17cc9cc36df36	311	docs/devoluy_gap_buech_diois/briffe/bx/ppt/slides/_rels/slide41.xml.rels
0fe17cc9cc36df36	311	docs/devoluy_gap_buech_diois/briffe/bx/ppt/slides/_rels/slide42.xml.rels
88b688b29a526604	574	docs/devoluy_gap_buech_diois/briffe/bx/ppt/slides/_rels/slide43.xml.rels
0fe17cc9cc36df36	311	docs/devoluy_gap_buech_diois/briffe/bx/ppt/slides/_rels/slide44.xml.rels
0fe17cc9cc36df36	311	docs/devoluy_gap_buech_diois/briffe/bx/ppt/slides/_rels/slide45.xml.rels
868dcdd2189b407d	447	docs/devoluy_gap_buech_diois/briffe/bx/ppt/slides/_rels/slide46.xml.rels
8e0e4710efd624c0	447	docs/devoluy_gap_buech_diois/briffe/bx/ppt/slides/_rels/slide47.xml.rels
c6555c6dd043f736	447	docs/devoluy_gap_buech_diois/briffe/bx/ppt/slides/_rels/slide48.xml.rels
fa513f0be13ea119	447	docs/devoluy_gap_buech_diois/briffe/bx/ppt/slides/_rels/slide49.xml.rels
73a517efa93d4490	446	docs/devoluy_gap_buech_diois/briffe/bx/ppt/slides/_rels/slide5.xml.rels
00b1303b7c2448e8	448	docs/devoluy_gap_buech_diois/briffe/bx/ppt/slides/_rels/slide50.xml.rels
499a1cb058708e80	448	docs/devoluy_gap_buech_diois/briffe/bx/ppt/slides/_rels/slide51.xml.rels
84b24b3abf43335a	448	docs/devoluy_gap_buech_diois/briffe/bx/ppt/slides/_rels/slide52.xml.rels
20c72e9c29ee848a	447	docs/devoluy_gap_buech_diois/briffe/bx/ppt/slides/_rels/slide53.xml.rels
f5c4ba3c39c5f8b2	447	docs/devoluy_gap_buech_diois/briffe/bx/ppt/slides/_rels/slide54.xml.rels
09469decc580dd45	448	docs/devoluy_gap_buech_diois/briffe/bx/ppt/slides/_rels/slide55.xml.rels
d09613784d9c877f	448	docs/devoluy_gap_buech_diois/briffe/bx/ppt/slides/_rels/slide56.xml.rels
871833c676344fb7	448	docs/devoluy_gap_buech_diois/briffe/bx/ppt/slides/_rels/slide57.xml.rels
7f19abfe2c2c59a9	448	docs/devoluy_gap_buech_diois/briffe/bx/ppt/slides/_rels/slide58.xml.rels
d013b2f2900f7fc9	447	docs/devoluy_gap_buech_diois/briffe/bx/ppt/slides/_rels/slide59.xml.rels
416655635c482cf1	446	docs/devoluy_gap_buech_diois/briffe/bx/ppt/slides/_rels/slide6.xml.rels
7f5a506f95beaded	447	docs/devoluy_gap_buech_diois/briffe/bx/ppt/slides/_rels/slide60.xml.rels
e2e517a4443644e5	447	docs/devoluy_gap_buech_diois/briffe/bx/ppt/slides/_rels/slide61.xml.rels
fcf79192f99dfadc	447	docs/devoluy_gap_buech_diois/briffe/bx/ppt/slides/_rels/slide62.xml.rels
f462a88279756d6b	447	docs/devoluy_gap_buech_diois/briffe/bx/ppt/slides/_rels/slide63.xml.rels
0fe17cc9cc36df36	311	docs/devoluy_gap_buech_diois/briffe/bx/ppt/slides/_rels/slide64.xml.rels
0ffcf2e4b4211b9b	447	docs/devoluy_gap_buech_diois/briffe/bx/ppt/slides/_rels/slide65.xml.rels
874edd34d828ffa0	447	docs/devoluy_gap_buech_diois/briffe/bx/ppt/slides/_rels/slide66.xml.rels
90d7bed58f73c38e	447	docs/devoluy_gap_buech_diois/briffe/bx/ppt/slides/_rels/slide67.xml.rels
55c1f29918a6680f	448	docs/devoluy_gap_buech_diois/briffe/bx/ppt/slides/_rels/slide68.xml.rels
c9a5f156c4e52347	448	docs/devoluy_gap_buech_diois/briffe/bx/ppt/slides/_rels/slide69.xml.rels
05c3f031b815257c	446	docs/devoluy_gap_buech_diois/briffe/bx/ppt/slides/_rels/slide7.xml.rels
a1cc1dcc5e010566	447	docs/devoluy_gap_buech_diois/briffe/bx/ppt/slides/_rels/slide70.xml.rels
d908d7f6de55d8e2	447	docs/devoluy_gap_buech_diois/briffe/bx/ppt/slides/_rels/slide71.xml.rels
7281861bdca3cfcf	447	docs/devoluy_gap_buech_diois/briffe/bx/ppt/slides/_rels/slide72.xml.rels
0fe17cc9cc36df36	311	docs/devoluy_gap_buech_diois/briffe/bx/ppt/slides/_rels/slide73.xml.rels
fa60c9d1e8b65841	447	docs/devoluy_gap_buech_diois/briffe/bx/ppt/slides/_rels/slide74.xml.rels
0fe17cc9cc36df36	311	docs/devoluy_gap_buech_diois/briffe/bx/ppt/slides/_rels/slide75.xml.rels
1e2d8c85565d2053	448	docs/devoluy_gap_buech_diois/briffe/bx/ppt/slides/_rels/slide76.xml.rels
b428f57323a90ebf	448	docs/devoluy_gap_buech_diois/briffe/bx/ppt/slides/_rels/slide77.xml.rels
fda9bc8539448235	448	docs/devoluy_gap_buech_diois/briffe/bx/ppt/slides/_rels/slide78.xml.rels
f39765b12fe8db71	448	docs/devoluy_gap_buech_diois/briffe/bx/ppt/slides/_rels/slide79.xml.rels
212ed008ea55a64b	447	docs/devoluy_gap_buech_diois/briffe/bx/ppt/slides/_rels/slide8.xml.rels
6faaab28ad255ba6	446	docs/devoluy_gap_buech_diois/briffe/bx/ppt/slides/_rels/slide9.xml.rels
5e3caa2a72abf3af	1948	docs/devoluy_gap_buech_diois/briffe/bx/ppt/slides/slide1.xml
566d87e79b2da18f	29017	docs/devoluy_gap_buech_diois/briffe/bx/ppt/slides/slide10.xml
42ad1639316b8a43	33041	docs/devoluy_gap_buech_diois/briffe/bx/ppt/slides/slide11.xml
ab7601cb7dfe4baa	41021	docs/devoluy_gap_buech_diois/briffe/bx/ppt/slides/slide12.xml
738621d3a92aafd2	1616	docs/devoluy_gap_buech_diois/briffe/bx/ppt/slides/slide13.xml
0a26a19608f7cfb8	1265	docs/devoluy_gap_buech_diois/briffe/bx/ppt/slides/slide14.xml
0ebb5d09fdda84dc	10407	docs/devoluy_gap_buech_diois/briffe/bx/ppt/slides/slide15.xml
8305676a83b48d7f	8573	docs/devoluy_gap_buech_diois/briffe/bx/ppt/slides/slide16.xml
5e13213db6e8cdc0	3981	docs/devoluy_gap_buech_diois/briffe/bx/ppt/slides/slide17.xml
72bc3be98cedde35	1248	docs/devoluy_gap_buech_diois/briffe/bx/ppt/slides/slide18.xml
782153b6b69e386a	16747	docs/devoluy_gap_buech_diois/briffe/bx/ppt/slides/slide19.xml
4c0942b2f0b72217	2119	docs/devoluy_gap_buech_diois/briffe/bx/ppt/slides/slide2.xml
0c093e46f50f39b0	2962	docs/devoluy_gap_buech_diois/briffe/bx/ppt/slides/slide20.xml
2ab25279a863bd44	10864	docs/devoluy_gap_buech_diois/briffe/bx/ppt/slides/slide21.xml
00cc1a8b0f202245	3406	docs/devoluy_gap_buech_diois/briffe/bx/ppt/slides/slide22.xml
c0f4beecd1d1bda5	76779	docs/devoluy_gap_buech_diois/briffe/bx/ppt/slides/slide23.xml
2fd46a9639291780	1247	docs/devoluy_gap_buech_diois/briffe/bx/ppt/slides/slide24.xml
44d7547f88a19847	17743	docs/devoluy_gap_buech_diois/briffe/bx/ppt/slides/slide25.xml
40e8b53f492cf675	16856	docs/devoluy_gap_buech_diois/briffe/bx/ppt/slides/slide26.xml
6a45a7dc40b245e1	19659	docs/devoluy_gap_buech_diois/briffe/bx/ppt/slides/slide27.xml
dc4f8f174e71ccb1	3284	docs/devoluy_gap_buech_diois/briffe/bx/ppt/slides/slide28.xml
c28cc0dba30f8d35	1361	docs/devoluy_gap_buech_diois/briffe/bx/ppt/slides/slide29.xml
36d299c9ae4b6fac	2341	docs/devoluy_gap_buech_diois/briffe/bx/ppt/slides/slide3.xml
fb2135b3c94c0a40	121421	docs/devoluy_gap_buech_diois/briffe/bx/ppt/slides/slide30.xml
53957c839fea2e92	184935	docs/devoluy_gap_buech_diois/briffe/bx/ppt/slides/slide31.xml
c4e3a8d0238b63c9	124997	docs/devoluy_gap_buech_diois/briffe/bx/ppt/slides/slide32.xml
5a3a0d1d6ebcdb5a	223248	docs/devoluy_gap_buech_diois/briffe/bx/ppt/slides/slide33.xml
79a5151f2b64dcad	223691	docs/devoluy_gap_buech_diois/briffe/bx/ppt/slides/slide34.xml
5fbc24e6a4c0497e	1256	docs/devoluy_gap_buech_diois/briffe/bx/ppt/slides/slide35.xml
75ce220a0f56bc36	2531	docs/devoluy_gap_buech_diois/briffe/bx/ppt/slides/slide36.xml
f4e9dd48fc54b238	6025	docs/devoluy_gap_buech_diois/briffe/bx/ppt/slides/slide37.xml
9c7ceb5fb5d83ebf	1553	docs/devoluy_gap_buech_diois/briffe/bx/ppt/slides/slide38.xml
99c0855fbb894a55	2309	docs/devoluy_gap_buech_diois/briffe/bx/ppt/slides/slide39.xml
1c54a76ecda3ad6c	3809	docs/devoluy_gap_buech_diois/briffe/bx/ppt/slides/slide4.xml
e7670a0e49ac7db5	1262	docs/devoluy_gap_buech_diois/briffe/bx/ppt/slides/slide40.xml
abfc1a596823f535	90535	docs/devoluy_gap_buech_diois/briffe/bx/ppt/slides/slide41.xml
d83a4dbb6242a748	1246	docs/devoluy_gap_buech_diois/briffe/bx/ppt/slides/slide42.xml
e473e89ab54be4b5	2940	docs/devoluy_gap_buech_diois/briffe/bx/ppt/slides/slide43.xml
fbc8dbd5103a3c8e	74739	docs/devoluy_gap_buech_diois/briffe/bx/ppt/slides/slide44.xml
eb3ce9cbf68ae64d	1806	docs/devoluy_gap_buech_diois/briffe/bx/ppt/slides/slide45.xml
549ea6913e3bb8fb	47834	docs/devoluy_gap_buech_diois/briffe/bx/ppt/slides/slide46.xml
06700bb8ee6a1e98	47821	docs/devoluy_gap_buech_diois/briffe/bx/ppt/slides/slide47.xml
5aeb1c80092ed505	24036	docs/devoluy_gap_buech_diois/briffe/bx/ppt/slides/slide48.xml
7675e0a8fb9f652e	24043	docs/devoluy_gap_buech_diois/briffe/bx/ppt/slides/slide49.xml
7be18689b369e3b8	21300	docs/devoluy_gap_buech_diois/briffe/bx/ppt/slides/slide5.xml
79d2acc749b5b4d8	1674	docs/devoluy_gap_buech_diois/briffe/bx/ppt/slides/slide50.xml
e54f59eeb841b108	1672	docs/devoluy_gap_buech_diois/briffe/bx/ppt/slides/slide51.xml
4a450f3ee8d2e7de	1613	docs/devoluy_gap_buech_diois/briffe/bx/ppt/slides/slide52.xml
26457a05e124cf3c	46882	docs/devoluy_gap_buech_diois/briffe/bx/ppt/slides/slide53.xml
212e541fbb048d14	46888	docs/devoluy_gap_buech_diois/briffe/bx/ppt/slides/slide54.xml
566532a1c7bbf09b	1631	docs/devoluy_gap_buech_diois/briffe/bx/ppt/slides/slide55.xml
154206776648b1b0	1629	docs/devoluy_gap_buech_diois/briffe/bx/ppt/slides/slide56.xml
d5a2ea76c2457f11	1631	docs/devoluy_gap_buech_diois/briffe/bx/ppt/slides/slide57.xml
325e5c6377e94fb7	1631	docs/devoluy_gap_buech_diois/briffe/bx/ppt/slides/slide58.xml
f4f68b04625c2d47	31828	docs/devoluy_gap_buech_diois/briffe/bx/ppt/slides/slide59.xml
80d8db70fbf7d5f1	27916	docs/devoluy_gap_buech_diois/briffe/bx/ppt/slides/slide6.xml
c2e99a461da0be0c	20794	docs/devoluy_gap_buech_diois/briffe/bx/ppt/slides/slide60.xml
9904ccea5a86335e	18319	docs/devoluy_gap_buech_diois/briffe/bx/ppt/slides/slide61.xml
58fa299be1da6f4b	13494	docs/devoluy_gap_buech_diois/briffe/bx/ppt/slides/slide62.xml
615a7ccf266b9dd2	26256	docs/devoluy_gap_buech_diois/briffe/bx/ppt/slides/slide63.xml
88340203aa071c40	1566	docs/devoluy_gap_buech_diois/briffe/bx/ppt/slides/slide64.xml
b00bd5fedd955bec	36778	docs/devoluy_gap_buech_diois/briffe/bx/ppt/slides/slide65.xml
0cf04139620a617c	36783	docs/devoluy_gap_buech_diois/briffe/bx/ppt/slides/slide66.xml
630451b71b211d10	19737	docs/devoluy_gap_buech_diois/briffe/bx/ppt/slides/slide67.xml
500d5c6c98cf3d76	1600	docs/devoluy_gap_buech_diois/briffe/bx/ppt/slides/slide68.xml
53f7afa2f0f45746	1599	docs/devoluy_gap_buech_diois/briffe/bx/ppt/slides/slide69.xml
d00485931b209a08	17369	docs/devoluy_gap_buech_diois/briffe/bx/ppt/slides/slide7.xml
b58838c2c1bd021e	25325	docs/devoluy_gap_buech_diois/briffe/bx/ppt/slides/slide70.xml
f5924551bdf8ef69	24212	docs/devoluy_gap_buech_diois/briffe/bx/ppt/slides/slide71.xml
dcf8c12a41cdaa3e	27266	docs/devoluy_gap_buech_diois/briffe/bx/ppt/slides/slide72.xml
c39b38ff5cc75287	1868	docs/devoluy_gap_buech_diois/briffe/bx/ppt/slides/slide73.xml
7ec039cf19920614	19161	docs/devoluy_gap_buech_diois/briffe/bx/ppt/slides/slide74.xml
3f94d825f5eb6d3e	1421	docs/devoluy_gap_buech_diois/briffe/bx/ppt/slides/slide75.xml
dbf428535262a486	1599	docs/devoluy_gap_buech_diois/briffe/bx/ppt/slides/slide76.xml
6312a483dd72b3f8	1599	docs/devoluy_gap_buech_diois/briffe/bx/ppt/slides/slide77.xml
83b432f438a5c215	1600	docs/devoluy_gap_buech_diois/briffe/bx/ppt/slides/slide78.xml
49c871a32c17a265	1610	docs/devoluy_gap_buech_diois/briffe/bx/ppt/slides/slide79.xml
a662a4ade01efde9	1872	docs/devoluy_gap_buech_diois/briffe/bx/ppt/slides/slide8.xml
58d9765ab38b7749	2934	docs/devoluy_gap_buech_diois/briffe/bx/ppt/slides/slide9.xml
0e7ac03251337ecb	182	docs/devoluy_gap_buech_diois/briffe/bx/ppt/tableStyles.xml
78968e57fc47878a	7656	docs/devoluy_gap_buech_diois/briffe/bx/ppt/theme/theme1.xml
78968e57fc47878a	7656	docs/devoluy_gap_buech_diois/briffe/bx/ppt/theme/theme2.xml
c83e053de45d09ab	939	docs/devoluy_gap_buech_diois/briffe/bx/ppt/viewProps.xml
35964dda58c8eefd	1421824	docs/devoluy_gap_buech_diois/briffe/centrage.bin
4780d36cb0789231	770	docs/devoluy_gap_buech_diois/briffe/conv.xml
2ca56091317597bd	67049426	docs/devoluy_gap_buech_diois/briffe/largage_fr.pptx
4b76c1a69287e8d5	35733033	docs/devoluy_gap_buech_diois/briffe/lignes_energie.bin
6a3f4c7e9995f76e	6576	docs/devoluy_gap_buech_diois/briffe/lx/[Content_Types].xml
3cabac7cb0922dda	738	docs/devoluy_gap_buech_diois/briffe/lx/_rels/.rels
9b27e94bc79ed8ff	2233	docs/devoluy_gap_buech_diois/briffe/lx/docProps/app.xml
1d1d8e5baaaf2d7a	671	docs/devoluy_gap_buech_diois/briffe/lx/docProps/core.xml
b0d200154dfaaff8	10889	docs/devoluy_gap_buech_diois/briffe/lx/docProps/thumbnail.jpeg
3f2c9f17725897d7	4503	docs/devoluy_gap_buech_diois/briffe/lx/ppt/_rels/presentation.xml.rels
fe3c53c272f4d6e0	2610850	docs/devoluy_gap_buech_diois/briffe/lx/ppt/media/image1.png
23d6c982f1cae4c9	2147489	docs/devoluy_gap_buech_diois/briffe/lx/ppt/media/image10.png
38407d41a61c850e	2961360	docs/devoluy_gap_buech_diois/briffe/lx/ppt/media/image11.png
6e83c287f69d6655	2960806	docs/devoluy_gap_buech_diois/briffe/lx/ppt/media/image12.png
9f83cb9f200f9e52	2494612	docs/devoluy_gap_buech_diois/briffe/lx/ppt/media/image13.png
d04a2bba590a9dd0	3326852	docs/devoluy_gap_buech_diois/briffe/lx/ppt/media/image14.png
123c8055e6fdf2b6	3083421	docs/devoluy_gap_buech_diois/briffe/lx/ppt/media/image15.png
416015e82ddd7034	3341089	docs/devoluy_gap_buech_diois/briffe/lx/ppt/media/image16.png
85d635f4f5316d3c	2598633	docs/devoluy_gap_buech_diois/briffe/lx/ppt/media/image17.png
7d08da82d75cbc05	2917934	docs/devoluy_gap_buech_diois/briffe/lx/ppt/media/image18.png
3f100cde787c2987	3220806	docs/devoluy_gap_buech_diois/briffe/lx/ppt/media/image19.png
3335f2d6b8b9fa76	2142453	docs/devoluy_gap_buech_diois/briffe/lx/ppt/media/image2.png
460a7f175b9a1892	30061	docs/devoluy_gap_buech_diois/briffe/lx/ppt/media/image20.png
2c30346392d2fd92	2464588	docs/devoluy_gap_buech_diois/briffe/lx/ppt/media/image21.png
2531269ecd81a99f	2551271	docs/devoluy_gap_buech_diois/briffe/lx/ppt/media/image22.png
ce257e6be27cef1c	2406121	docs/devoluy_gap_buech_diois/briffe/lx/ppt/media/image23.png
ed0083fd1f8b326a	3405083	docs/devoluy_gap_buech_diois/briffe/lx/ppt/media/image24.png
208d86857e5843e7	3244247	docs/devoluy_gap_buech_diois/briffe/lx/ppt/media/image25.png
f27748dce03219c9	2590612	docs/devoluy_gap_buech_diois/briffe/lx/ppt/media/image3.png
73228428ffd93e0c	2685813	docs/devoluy_gap_buech_diois/briffe/lx/ppt/media/image4.png
77f526ecfd593ac0	2942079	docs/devoluy_gap_buech_diois/briffe/lx/ppt/media/image5.png
4c7415c33a642ffb	3059667	docs/devoluy_gap_buech_diois/briffe/lx/ppt/media/image6.png
c525e9a3c635e6c9	2548170	docs/devoluy_gap_buech_diois/briffe/lx/ppt/media/image7.png
1b712f4b7e329f23	2415419	docs/devoluy_gap_buech_diois/briffe/lx/ppt/media/image8.png
a2d50be0093cf869	2780886	docs/devoluy_gap_buech_diois/briffe/lx/ppt/media/image9.png
adf4eb885dc32c76	695	docs/devoluy_gap_buech_diois/briffe/lx/ppt/presProps.xml
6326e2e8cdf1dab4	4046	docs/devoluy_gap_buech_diois/briffe/lx/ppt/presentation.xml
74bd1752d2e053a5	9894	docs/devoluy_gap_buech_diois/briffe/lx/ppt/printerSettings/printerSettings1.bin
8246d333bf3764cd	311	docs/devoluy_gap_buech_diois/briffe/lx/ppt/slideLayouts/_rels/slideLayout1.xml.rels
8246d333bf3764cd	311	docs/devoluy_gap_buech_diois/briffe/lx/ppt/slideLayouts/_rels/slideLayout10.xml.rels
8246d333bf3764cd	311	docs/devoluy_gap_buech_diois/briffe/lx/ppt/slideLayouts/_rels/slideLayout11.xml.rels
8246d333bf3764cd	311	docs/devoluy_gap_buech_diois/briffe/lx/ppt/slideLayouts/_rels/slideLayout2.xml.rels
8246d333bf3764cd	311	docs/devoluy_gap_buech_diois/briffe/lx/ppt/slideLayouts/_rels/slideLayout3.xml.rels
8246d333bf3764cd	311	docs/devoluy_gap_buech_diois/briffe/lx/ppt/slideLayouts/_rels/slideLayout4.xml.rels
8246d333bf3764cd	311	docs/devoluy_gap_buech_diois/briffe/lx/ppt/slideLayouts/_rels/slideLayout5.xml.rels
8246d333bf3764cd	311	docs/devoluy_gap_buech_diois/briffe/lx/ppt/slideLayouts/_rels/slideLayout6.xml.rels
8246d333bf3764cd	311	docs/devoluy_gap_buech_diois/briffe/lx/ppt/slideLayouts/_rels/slideLayout7.xml.rels
8246d333bf3764cd	311	docs/devoluy_gap_buech_diois/briffe/lx/ppt/slideLayouts/_rels/slideLayout8.xml.rels
8246d333bf3764cd	311	docs/devoluy_gap_buech_diois/briffe/lx/ppt/slideLayouts/_rels/slideLayout9.xml.rels
64f6c8da282d1efc	4430	docs/devoluy_gap_buech_diois/briffe/lx/ppt/slideLayouts/slideLayout1.xml
505e969d3272dac6	3110	docs/devoluy_gap_buech_diois/briffe/lx/ppt/slideLayouts/slideLayout10.xml
2889af2da773bb96	3335	docs/devoluy_gap_buech_diois/briffe/lx/ppt/slideLayouts/slideLayout11.xml
261d4b3f31dfcdbd	3054	docs/devoluy_gap_buech_diois/briffe/lx/ppt/slideLayouts/slideLayout2.xml
e4614af07d2df290	4515	docs/devoluy_gap_buech_diois/briffe/lx/ppt/slideLayouts/slideLayout3.xml
18f84bac6c23f4b5	4851	docs/devoluy_gap_buech_diois/briffe/lx/ppt/slideLayouts/slideLayout4.xml
a42d1b6f88f21983	7416	docs/devoluy_gap_buech_diois/briffe/lx/ppt/slideLayouts/slideLayout5.xml
ee768b684fb803da	2272	docs/devoluy_gap_buech_diois/briffe/lx/ppt/slideLayouts/slideLayout6.xml
ec34339f2c29b74f	1939	docs/devoluy_gap_buech_diois/briffe/lx/ppt/slideLayouts/slideLayout7.xml
68643247232ab37d	4920	docs/devoluy_gap_buech_diois/briffe/lx/ppt/slideLayouts/slideLayout8.xml
c376212b4f80b40b	4738	docs/devoluy_gap_buech_diois/briffe/lx/ppt/slideLayouts/slideLayout9.xml
15c02d81ee438624	1991	docs/devoluy_gap_buech_diois/briffe/lx/ppt/slideMasters/_rels/slideMaster1.xml.rels
8fac2d650590818d	12084	docs/devoluy_gap_buech_diois/briffe/lx/ppt/slideMasters/slideMaster1.xml
e125c916ff3118a8	311	docs/devoluy_gap_buech_diois/briffe/lx/ppt/slides/_rels/slide1.xml.rels
d6d51c145666df2f	446	docs/devoluy_gap_buech_diois/briffe/lx/ppt/slides/_rels/slide10.xml.rels
1c47f3dc7e267f3b	446	docs/devoluy_gap_buech_diois/briffe/lx/ppt/slides/_rels/slide11.xml.rels
64ce14da40ef8c42	447	docs/devoluy_gap_buech_diois/briffe/lx/ppt/slides/_rels/slide12.xml.rels
d66b1beae1482e0f	447	docs/devoluy_gap_buech_diois/briffe/lx/ppt/slides/_rels/slide13.xml.rels
e000372064ba2395	447	docs/devoluy_gap_buech_diois/briffe/lx/ppt/slides/_rels/slide14.xml.rels
e1b973fcabec6bcf	447	docs/devoluy_gap_buech_diois/briffe/lx/ppt/slides/_rels/slide15.xml.rels
4958e066de39b6d1	447	docs/devoluy_gap_buech_diois/briffe/lx/ppt/slides/_rels/slide16.xml.rels
9159fcb4ce680582	447	docs/devoluy_gap_buech_diois/briffe/lx/ppt/slides/_rels/slide17.xml.rels
1b9d21ff5ea2317b	447	docs/devoluy_gap_buech_diois/briffe/lx/ppt/slides/_rels/slide18.xml.rels
390aed40774de64d	447	docs/devoluy_gap_buech_diois/briffe/lx/ppt/slides/_rels/slide19.xml.rels
0fe17cc9cc36df36	311	docs/devoluy_gap_buech_diois/briffe/lx/ppt/slides/_rels/slide2.xml.rels
9d9dac9173356ea2	447	docs/devoluy_gap_buech_diois/briffe/lx/ppt/slides/_rels/slide20.xml.rels
b86bb48ef3cfe229	583	docs/devoluy_gap_buech_diois/briffe/lx/ppt/slides/_rels/slide21.xml.rels
868dcdd2189b407d	447	docs/devoluy_gap_buech_diois/briffe/lx/ppt/slides/_rels/slide22.xml.rels
8e0e4710efd624c0	447	docs/devoluy_gap_buech_diois/briffe/lx/ppt/slides/_rels/slide23.xml.rels
c6555c6dd043f736	447	docs/devoluy_gap_buech_diois/briffe/lx/ppt/slides/_rels/slide24.xml.rels
fa513f0be13ea119	447	docs/devoluy_gap_buech_diois/briffe/lx/ppt/slides/_rels/slide25.xml.rels
2229c08a6b743655	447	docs/devoluy_gap_buech_diois/briffe/lx/ppt/slides/_rels/slide26.xml.rels
05c87e002eca6d08	446	docs/devoluy_gap_buech_diois/briffe/lx/ppt/slides/_rels/slide3.xml.rels
73a517efa93d4490	446	docs/devoluy_gap_buech_diois/briffe/lx/ppt/slides/_rels/slide4.xml.rels
416655635c482cf1	446	docs/devoluy_gap_buech_diois/briffe/lx/ppt/slides/_rels/slide5.xml.rels
05c3f031b815257c	446	docs/devoluy_gap_buech_diois/briffe/lx/ppt/slides/_rels/slide6.xml.rels
af5dc3f65ed61f1b	446	docs/devoluy_gap_buech_diois/briffe/lx/ppt/slides/_rels/slide7.xml.rels
6faaab28ad255ba6	446	docs/devoluy_gap_buech_diois/briffe/lx/ppt/slides/_rels/slide8.xml.rels
0ce50bc475090db6	446	docs/devoluy_gap_buech_diois/briffe/lx/ppt/slides/_rels/slide9.xml.rels
48a1a053b692ac3b	1744	docs/devoluy_gap_buech_diois/briffe/lx/ppt/slides/slide1.xml
86c2267d240fc6db	10896	docs/devoluy_gap_buech_diois/briffe/lx/ppt/slides/slide10.xml
fba72ec3898488e3	8749	docs/devoluy_gap_buech_diois/briffe/lx/ppt/slides/slide11.xml
62f087c8b71d7f29	9693	docs/devoluy_gap_buech_diois/briffe/lx/ppt/slides/slide12.xml
c097fdc636b7faa4	9184	docs/devoluy_gap_buech_diois/briffe/lx/ppt/slides/slide13.xml
e2f8b4a4086bd745	9290	docs/devoluy_gap_buech_diois/briffe/lx/ppt/slides/slide14.xml
81dbc5570c6145a0	8242	docs/devoluy_gap_buech_diois/briffe/lx/ppt/slides/slide15.xml
21705866e3e494ce	8387	docs/devoluy_gap_buech_diois/briffe/lx/ppt/slides/slide16.xml
93ba2bb1a707ea83	12511	docs/devoluy_gap_buech_diois/briffe/lx/ppt/slides/slide17.xml
87d0d835ea07e343	6833	docs/devoluy_gap_buech_diois/briffe/lx/ppt/slides/slide18.xml
c7321315c66e29d7	19197	docs/devoluy_gap_buech_diois/briffe/lx/ppt/slides/slide19.xml
db475788b6605a13	2449	docs/devoluy_gap_buech_diois/briffe/lx/ppt/slides/slide2.xml
3bc1aa63c127fbd0	12346	docs/devoluy_gap_buech_diois/briffe/lx/ppt/slides/slide20.xml
e8f9e50d6136661a	4685	docs/devoluy_gap_buech_diois/briffe/lx/ppt/slides/slide21.xml
39e828cb6e748de4	18419	docs/devoluy_gap_buech_diois/briffe/lx/ppt/slides/slide22.xml
9984b82329058fc7	8839	docs/devoluy_gap_buech_diois/briffe/lx/ppt/slides/slide23.xml
e1bdca9fc8618b20	9632	docs/devoluy_gap_buech_diois/briffe/lx/ppt/slides/slide24.xml
3ea726ff05012a9d	14505	docs/devoluy_gap_buech_diois/briffe/lx/ppt/slides/slide25.xml
0dd258fe4439bcf3	13080	docs/devoluy_gap_buech_diois/briffe/lx/ppt/slides/slide26.xml
b3279e72fd67bf51	10840	docs/devoluy_gap_buech_diois/briffe/lx/ppt/slides/slide3.xml
2eccdec8c15a587e	7289	docs/devoluy_gap_buech_diois/briffe/lx/ppt/slides/slide4.xml
748cdd9180e59a83	11232	docs/devoluy_gap_buech_diois/briffe/lx/ppt/slides/slide5.xml
1b66f7f1c4c96445	12173	docs/devoluy_gap_buech_diois/briffe/lx/ppt/slides/slide6.xml
88021d27fcc035a6	21721	docs/devoluy_gap_buech_diois/briffe/lx/ppt/slides/slide7.xml
59524667ec3d65a8	11614	docs/devoluy_gap_buech_diois/briffe/lx/ppt/slides/slide8.xml
f1f37d25e5f29cf1	11120	docs/devoluy_gap_buech_diois/briffe/lx/ppt/slides/slide9.xml
0e7ac03251337ecb	182	docs/devoluy_gap_buech_diois/briffe/lx/ppt/tableStyles.xml
16c3235bab2f2c40	7860	docs/devoluy_gap_buech_diois/briffe/lx/ppt/theme/theme1.xml
971fa73d7ec308c2	923	docs/devoluy_gap_buech_diois/briffe/lx/ppt/viewProps.xml
1832a6f8a7e6fb81	1368982	docs/devoluy_gap_buech_diois/briffe/view/b34.png
7cc79fe982845d6b	1425375	docs/devoluy_gap_buech_diois/briffe/view/b35.png
b2e2692891351511	1434561	docs/devoluy_gap_buech_diois/briffe/view/b36.png
d351e4bd85bf222f	1576766	docs/devoluy_gap_buech_diois/briffe/view/b37.png
8c4599dd09f958ed	1276072	docs/devoluy_gap_buech_diois/briffe/view/b38.png
f0365d8a46d7c2e6	1585288	docs/devoluy_gap_buech_diois/briffe/view/bx_59.png
d5a3d73e296420bf	1674006	docs/devoluy_gap_buech_diois/briffe/view/bx_60.png
e0134db14daf6ef3	1708948	docs/devoluy_gap_buech_diois/briffe/view/bx_61.png
01e0e4966eb8ebe2	1847885	docs/devoluy_gap_buech_diois/briffe/view/bx_62.png
08a938b80368923c	1474228	docs/devoluy_gap_buech_diois/briffe/view/bx_63.png
f4995e9ca9e29f6d	1777175	docs/devoluy_gap_buech_diois/briffe/view/bx_65.png
291e4a3c1fcb800e	2251978	docs/devoluy_gap_buech_diois/briffe/view/bx_66.png
1a838a8ec4da1df9	1252478	docs/devoluy_gap_buech_diois/briffe/view/bx_67.png
4f5edb803eb662b2	1935834	docs/devoluy_gap_buech_diois/briffe/view/bx_70.png
6e9c43c17e215245	1743735	docs/devoluy_gap_buech_diois/briffe/view/bx_71.png
a0957cde13622a1b	1912797	docs/devoluy_gap_buech_diois/briffe/view/bx_72.png
a87c4f2fc7654bd6	1753376	docs/devoluy_gap_buech_diois/briffe/view/bx_74.png
cea9b99bc7a49428	1413087	docs/devoluy_gap_buech_diois/briffe/view/bx_76.png
2371f1ea00dd7fa1	1151204	docs/devoluy_gap_buech_diois/briffe/view/bx_77.png
54a94947c8f90b1a	1088970	docs/devoluy_gap_buech_diois/briffe/view/bx_78.png
32b732d3d6f60528	996278	docs/devoluy_gap_buech_diois/briffe/view/bx_79.png
a6b84c1998583a33	1578537	docs/devoluy_gap_buech_diois/briffe/view/lx_13.png
37a5c6db8e698322	1576273	docs/devoluy_gap_buech_diois/briffe/view/lx_14.png
7f87217076187812	1426860	docs/devoluy_gap_buech_diois/briffe/view/lx_15.png
4b2751115750e532	1744015	docs/devoluy_gap_buech_diois/briffe/view/lx_16.png
ff91e4840b322969	1886832	docs/devoluy_gap_buech_diois/briffe/view/lx_17.png
b21783e9f73804a3	1722465	docs/devoluy_gap_buech_diois/briffe/view/lx_18.png
f53d38701f0ea6d8	1324512	docs/devoluy_gap_buech_diois/briffe/view/lx_19.png
b8ddf0664d6cf3d0	1921568	docs/devoluy_gap_buech_diois/briffe/view/lx_20.png
276e259f8ed745bc	33109	docs/devoluy_gap_buech_diois/brises_lot.json
4b0b7ddb7ab60dce	5680	docs/devoluy_gap_buech_diois/brises_lot_rev.json
91740ee62e6f4714	215791	docs/devoluy_gap_buech_diois/brises_map.kml
613a3a33ce34b33e	186261	docs/devoluy_gap_buech_diois/camping_monteglin.com_blog_flyingkarlis_cours_progression_chabre_
02d48a434d7db963	1977	docs/devoluy_gap_buech_diois/cataloguevollibre.free.fr_Sites_Vol_Libre_Departements_Dept_05_
bb8ce83f467988ef	6732	docs/devoluy_gap_buech_diois/cataloguevollibre.free.fr_Sites_Vol_Libre_Departements_Dept_05_05_05.html
409d0b0ef39bb831	797067	docs/devoluy_gap_buech_diois/drive_brises/laragne_aspres_global_baronnies_diois.jpg
a6ae3d2586a810dc	265393	docs/devoluy_gap_buech_diois/drive_brises/laragne_baronnies_serres.jpg
c3f6331795825217	608059	docs/devoluy_gap_buech_diois/drive_brises/laragne_chabre.jpg
fe90b06a9f059d15	758579	docs/devoluy_gap_buech_diois/drive_brises/laragne_global_alpes_sud_ouest.jpg
254e7745b582d139	803458	docs/devoluy_gap_buech_diois/drive_brises/laragne_global_baronnies_diois_durance.jpg
b7706d943b5aa129	5704	docs/devoluy_gap_buech_diois/federation.ffvl.fr_terrain_13577
8a4f825021291c15	177761	docs/devoluy_gap_buech_diois/ffvl_lot.json
63dfea1938a8174d	191618	docs/devoluy_gap_buech_diois/flyingkarlis.com_
23a2b37b31f7e220	7541	docs/devoluy_gap_buech_diois/gabriel.briffe.free.fr_
9dd22d540f5a4c16	632	docs/devoluy_gap_buech_diois/gaz.py
965a97ab484d2159	118898	docs/devoluy_gap_buech_diois/lacadiereparapente.eklablog.com_vol_rando_pic_de_bure_a117865248
4d749a835ca90920	36652	docs/devoluy_gap_buech_diois/lestoilesdusud_parapente.fr_briefing_meteo_
b0b8bd07a2339d4a	30996	docs/devoluy_gap_buech_diois/lestoilesdusud_parapente.fr_documents_publics
76afff833a22f97d	424112	docs/devoluy_gap_buech_diois/lestoilesdusud_parapente.fr_images_stories_doc_public_meteo_basesaerologie.pdf
f959970832f477a0	8727	docs/devoluy_gap_buech_diois/lestoilesdusud_parapente.fr_images_stories_doc_public_meteo_basesaerologie.pdf.txt
02f39f61ef175e72	920063	docs/devoluy_gap_buech_diois/lestoilesdusud_parapente.fr_images_stories_doc_public_meteo_infosmeteo.pdf
1b3a44aa84e5f170	4105	docs/devoluy_gap_buech_diois/lestoilesdusud_parapente.fr_images_stories_doc_public_meteo_infosmeteo.pdf.txt
af94323cb50eb40d	1492182	docs/devoluy_gap_buech_diois/lestoilesdusud_parapente.fr_images_stories_doc_public_meteo_meteoregionale.pdf
12ac98c3f5d1902c	23557	docs/devoluy_gap_buech_diois/lestoilesdusud_parapente.fr_images_stories_doc_public_meteo_meteoregionale.pdf.txt
75a07dd4c3d5de47	16926	docs/devoluy_gap_buech_diois/lestoilesdusud_parapente.fr_meteo
db78015db0bef916	14223	docs/devoluy_gap_buech_diois/lestoilesdusud_parapente.fr_meteo_183_meteo_synthese
f5eec27052617549	15563	docs/devoluy_gap_buech_diois/lestoilesdusud_parapente.fr_recits
21aa8a1ff288cb1e	21580	docs/devoluy_gap_buech_diois/lestoilesdusud_parapente.fr_sejour_estival
c7866af8b822fd18	20926	docs/devoluy_gap_buech_diois/lestoilesdusud_parapente.fr_sejour_estival_156_sejour_estival_2020
2d5cc409bb19b960	447437	docs/devoluy_gap_buech_diois/lestoilesdusud_parapente.fr_sejour_estival_324_sejour_estival_2026_l_heure_des_comptes_3
e0045cc453a50d60	15284	docs/devoluy_gap_buech_diois/lestoilesdusud_parapente.fr_sejour_estival_39_sejour_estival_16_24_aout_2014
a5355b8024bb5d0c	14615	docs/devoluy_gap_buech_diois/lestoilesdusud_parapente.fr_site_de_vols
3de891129af6becf	29791	docs/devoluy_gap_buech_diois/lts_home.html
541c0514472cbf36	4487	docs/devoluy_gap_buech_diois/parapentiste.info_forum_meteo_aerologie_compilation_des_brises_des_alpes_nord_sud_suisse_t63770.5.html_wap2_
6f0df4a4aaeca24f	2934	docs/devoluy_gap_buech_diois/parapentiste.info_forum_sites_de_vols_site_de_vol_proche_dorpierre_05_t39724.0.html_wap2_
c32590ec6a973ea7	969142	docs/devoluy_gap_buech_diois/places.json
eb3df2cd4bde6211	143121	docs/devoluy_gap_buech_diois/provence_parapente.com_sites_de_vol_aux_alentours_
4998612d17fc428a	28546	docs/devoluy_gap_buech_diois/ps_alpesenvol_champsaur.html
c257d0e6f2f5a4b1	901	docs/devoluy_gap_buech_diois/ps_alpesenvol_champsaur.txt
f689ab1b85061b0f	60878	docs/devoluy_gap_buech_diois/ps_pgmap_vieux_chaillol.html
8d27bf53b0c8d6ce	1370	docs/devoluy_gap_buech_diois/ps_pgmap_vieux_chaillol.txt
ea94bb8be7b6e37b	34156	docs/devoluy_gap_buech_diois/ps_pi_valgaudemar_petarel.html
a4cdfadcce760659	4805	docs/devoluy_gap_buech_diois/ps_pi_valgaudemar_petarel.txt
c5183baa538fa079	109728	docs/devoluy_gap_buech_diois/ps_pi_voler_champsaur.html
6ac567b62fbae3cf	18369	docs/devoluy_gap_buech_diois/ps_pi_voler_champsaur.txt
08858158a906f375	11045	docs/devoluy_gap_buech_diois/s2.txt
a7e0797da41a5615	50709	docs/devoluy_gap_buech_diois/s2p-20.png
32f80455d1bb379f	43208	docs/devoluy_gap_buech_diois/s2p-29.png
519c0e0b43e34e19	1030302	docs/devoluy_gap_buech_diois/surprises2.pdf
17abae433415b40f	37433	docs/devoluy_gap_buech_diois/thermal/aeroaspres.html
94c90eba4d705d10	827926	docs/devoluy_gap_buech_diois/thermal/aspres_frg.pdf
a6d180b4c2fa21ab	94010	docs/devoluy_gap_buech_diois/thermal/differenciel_2000.html
b41620d330d13971	93065	docs/devoluy_gap_buech_diois/thermal/diois_cross-nord.jpg
c556c36fe7b22fdd	74274	docs/devoluy_gap_buech_diois/thermal/diois_cross-pano.jpg
4d25d8b4595fbc75	88509	docs/devoluy_gap_buech_diois/thermal/diois_cross-simon.jpg
32bb261e1d9d37dc	86667	docs/devoluy_gap_buech_diois/thermal/diois_cross-sud.jpg
6ec3b914b5802533	68208	docs/devoluy_gap_buech_diois/thermal/diois_cross-tazou.jpg
d67535af03b7f787	90348	docs/devoluy_gap_buech_diois/thermal/diois_cross-tazou1.jpg
d30279b1436ab027	127653	docs/devoluy_gap_buech_diois/thermal/lansenlair_aspres_vercors.html
9088c367a65d5130	242902	docs/devoluy_gap_buech_diois/thermal/parapentemontagne_devoluy.html
75e48edcd43a2a57	60333	docs/devoluy_gap_buech_diois/thermal/pi_aspres_longeagne.html
850e6baf3b960c99	55320	docs/devoluy_gap_buech_diois/thermal/pi_baronnies_video.html
3cc18fd940f9e94a	52446	docs/devoluy_gap_buech_diois/thermal/pi_bure_bivouac_t59838.html
f8d0732f761656b1	125835	docs/devoluy_gap_buech_diois/thermal/pi_pic_de_bure_t45376.html
06a7aa2033859224	74388	docs/devoluy_gap_buech_diois/www.differen_ciel.fr_
606c3914c94919a9	76830	docs/devoluy_gap_buech_diois/www.differen_ciel.fr_2000_11_22_col_de_guiziere_
4e9c2dcb5f23dd72	77293	docs/devoluy_gap_buech_diois/www.differen_ciel.fr_2000_11_22_col_du_noyer_
bec48624331c812e	76960	docs/devoluy_gap_buech_diois/www.differen_ciel.fr_2000_11_22_cuchon_dancelle_
1f7fa3e7789e3088	76545	docs/devoluy_gap_buech_diois/www.differen_ciel.fr_2000_11_22_la_batie_neuve_
bffc687873a57398	85483	docs/devoluy_gap_buech_diois/www.differen_ciel.fr_2000_11_22_la_croupe_de_charance_
fbe485a4bc221593	77171	docs/devoluy_gap_buech_diois/www.differen_ciel.fr_2000_11_22_les_richards_
e658cde9f4c28e6a	77238	docs/devoluy_gap_buech_diois/www.differen_ciel.fr_2000_11_22_st_vincent_les_forts_
542c81fd13017e53	9630	docs/devoluy_gap_buech_diois/www.flylaragne.com_
ce5b8f4f734bb689	3608	docs/devoluy_gap_buech_diois/www.flylaragne.com_common_airspace.htm
0a95a829f3e5bd90	10028	docs/devoluy_gap_buech_diois/www.flylaragne.com_common_sites.htm
f47cd4a04457b574	64871	docs/devoluy_gap_buech_diois/www.parapentiste.info_forum_meteo_aerologie_compilation_des_brises_des_alpes_nord_sud_suisse_t63770.0.html
0d42e19c3af130f8	64879	docs/devoluy_gap_buech_diois/www.parapentiste.info_forum_meteo_aerologie_compilation_des_brises_des_alpes_nord_sud_suisse_t63770.10.html
4951ec6ecd26a1f6	64902	docs/devoluy_gap_buech_diois/www.parapentiste.info_forum_meteo_aerologie_compilation_des_brises_des_alpes_nord_sud_suisse_t63770.5.html
ea5e025f2edc2e4e	64684	docs/devoluy_gap_buech_diois/www.parapentiste.info_forum_sites_de_vols_ceuese_t4386.0.html
eac5701769eeee10	60385	docs/devoluy_gap_buech_diois/www.parapentiste.info_forum_sites_de_vols_devoluy_joue_du_loup_t45026.0.html
d5ded1f1e9d9d3f0	45672	docs/devoluy_gap_buech_diois/www.parapentiste.info_forum_sites_de_vols_devoluy_t51051.0.html
28d46deee1a70fb3	51511	docs/devoluy_gap_buech_diois/www.parapentiste.info_forum_sites_de_vols_lac_du_sautet_t936.0.html
62adcfb02e941473	51857	docs/devoluy_gap_buech_diois/www.parapentiste.info_forum_sites_de_vols_laragne_t17188.0.html
7487979090e7a425	88229	docs/devoluy_gap_buech_diois/www.parapentiste.info_forum_sites_de_vols_site_de_laragne_t8970.0.html
66692643fe09996a	46416	docs/devoluy_gap_buech_diois/www.parapentiste.info_forum_sites_de_vols_site_de_vol_proche_dorpierre_05_t39724.0.html
a64d9417d6293c24	73088	docs/devoluy_gap_buech_diois/www.parapentiste.info_forum_sites_de_vols_superdevoluy_t22564.0.html
e98986e264220067	32417	docs/devoluy_gap_buech_diois/www.parapentiste.info_forum_techniques_de_cross_vercors_et_devoluy_t54102.0.html
e3124731bf56219f	69462	docs/devoluy_gap_buech_diois/www.parapentiste.info_forum_techniques_de_cross_vive_la_brise_t43401.0.html
21c0a5903f4343fb	80625	docs/devoluy_gap_buech_diois/www.parapentiste.info_forum_vol_rando_col_de_laup_devoluy_t44718.0.html
373eb1613dbbb0a8	7532512	docs/devoluy_gap_buech_diois/www.sisteronais_buech.fr_wp_content_uploads_2024_12_Panneau_chabre_B_1.pdf
2142431a8a62d34e	88592	docs/devoluy_gap_buech_diois/www.sisteronais_buech.fr_wp_content_uploads_2024_12_Panneau_chabre_B_1.pdf.txt
b4d08f7ab552227f	137058	docs/devoluy_gap_buech_diois/www.vol_libre_diois.fr_
7b12010c1297e461	107279	docs/devoluy_gap_buech_diois/www.vol_libre_diois.fr_balises_meteo_
74e9c395a7bbcc53	137903	docs/devoluy_gap_buech_diois/www.vol_libre_diois.fr_clamontard_
9e683b49efebb147	127159	docs/devoluy_gap_buech_diois/www.vol_libre_diois.fr_col_de_rousset_
4d5a2825e8d4c743	112735	docs/devoluy_gap_buech_diois/www.vol_libre_diois.fr_cross_classiques_du_diois_
96a6c6362a15523c	114693	docs/devoluy_gap_buech_diois/www.vol_libre_diois.fr_faune_aerienne_locale_
2965f2c242ed5718	134261	docs/devoluy_gap_buech_diois/www.vol_libre_diois.fr_informations_generales_concernant_le_diois_
4664fa9fdba2d83d	119001	docs/devoluy_gap_buech_diois/www.vol_libre_diois.fr_jocou_
b9065d024adb5319	108196	docs/devoluy_gap_buech_diois/www.vol_libre_diois.fr_justin_
13384317a3ac39e0	115091	docs/devoluy_gap_buech_diois/www.vol_libre_diois.fr_lesches_en_diois_
d9d0febdd816d888	120314	docs/devoluy_gap_buech_diois/www.vol_libre_diois.fr_montagne_de_baise_
3fa78c294e8268a3	113974	docs/devoluy_gap_buech_diois/www.vol_libre_diois.fr_recits_de_vol_col_du_rousset_a_gap_
2c84ac7e0ee3dbc2	125135	docs/devoluy_gap_buech_diois/www.vol_libre_diois.fr_reglementation_aerienne_
d15637b23ea0bafc	120292	docs/devoluy_gap_buech_diois/www.vol_libre_diois.fr_solaure_
d46d9b253feac32d	130371	docs/devoluy_gap_buech_diois/www.vol_libre_diois.fr_valdrome_
6a23d23f363ee392	108889	docs/devoluy_gap_buech_diois/www.vol_libre_diois.fr_volvent_
2a89d9ab520be3e6	69798	docs/montblanc_beaufortain/aerovfr.html
42186e0520849477	2668457	docs/montblanc_beaufortain/airsports_fr.pdf
f6cdad21db509d9a	105957	docs/montblanc_beaufortain/airsports_fr.txt
29686645853039ce	97630	docs/montblanc_beaufortain/barbules_chx.html
3c13dd4091d131f4	3873949	docs/montblanc_beaufortain/chx_5440378.pdf
d4b8cb352f619e70	93536	docs/montblanc_beaufortain/chx_5440378.txt
accf741aaa8d24e0	3894087	docs/montblanc_beaufortain/chx_vollibre_en.pdf
0b5439ee094eba1c	85118	docs/montblanc_beaufortain/chx_vollibre_en.txt
0ba15d5f6b720088	318154	docs/montblanc_beaufortain/chxnet_aiguille.html
af1f1d4553c9c01e	11693	docs/montblanc_beaufortain/chxnet_aiguille.txt
7829058318ba750f	306155	docs/montblanc_beaufortain/chxnet_fleg.html
f291e02858910a9e	11248	docs/montblanc_beaufortain/chxnet_fleg.txt
35d54d55b2fff48e	305857	docs/montblanc_beaufortain/chxnet_gm.html
a2ffba08b9a2b19b	11200	docs/montblanc_beaufortain/chxnet_gm.txt
0374077e06cb9d04	303112	docs/montblanc_beaufortain/chxnet_node7544.html
29449de1b1f50ea2	11736	docs/montblanc_beaufortain/chxnet_node7544.txt
b010a9ec81545eae	301094	docs/montblanc_beaufortain/chxnet_survol.html
57c873195520bc45	10844	docs/montblanc_beaufortain/chxnet_survol.txt
2412ec8ee553a2a5	16221	docs/montblanc_beaufortain/club_megeve_posts.json
d80e31ef761d56cf	54571	docs/montblanc_beaufortain/cmbvl/barmerousse.html
72ae9a9cc4f106e5	45402	docs/montblanc_beaufortain/cmbvl/chedde.html
7d131538f8868877	53132	docs/montblanc_beaufortain/cmbvl/frioland.html
ab30b42a4f9a6308	36313	docs/montblanc_beaufortain/cmbvl/lachat-den-haut.html
5486d3c822743d4c	45234	docs/montblanc_beaufortain/cmbvl/marlioz.html
45438996f5db22c4	41927	docs/montblanc_beaufortain/cmbvl/passy-lake.html
d6d245a793375d94	51884	docs/montblanc_beaufortain/cmbvl/plaine-joux.html
2ee1f7f866d73445	58274	docs/montblanc_beaufortain/cmbvl/platé.html
6a177a79a4c36053	53272	docs/montblanc_beaufortain/cmbvl/pormenaz.html
0c978a22df4780ad	55825	docs/montblanc_beaufortain/cmbvl/varan.html
4fc1fe75464fad79	50763	docs/montblanc_beaufortain/cmbvl_fr.html
0bc18eabee7bca33	54706	docs/montblanc_beaufortain/cmbvl_fr_meteo.html
e769377affa26926	44004	docs/montblanc_beaufortain/cmbvl_home.html
bd381c6c8f7172b0	47246	docs/montblanc_beaufortain/cmbvl_weather.html
54d263abd9798431	36545	docs/montblanc_beaufortain/csrpn.pdf
768f557f5d7bd66c	5752	docs/montblanc_beaufortain/ffvl/s311.html
caabdc32d6d32473	5704	docs/montblanc_beaufortain/ffvl/t13645.html
3cdedd5096ae74f4	8672849	docs/montblanc_beaufortain/ffvl_mb.pdf
fb7fd305d8fed3a7	188182	docs/montblanc_beaufortain/ffvl_mb.txt
7c0fac1511ff6682	93537	docs/montblanc_beaufortain/ffvl_mb_raw.txt
26c1129ebc06e5a4	6494	docs/montblanc_beaufortain/foehn_atmosoar.html
0d84b7b52efae17f	315847	docs/montblanc_beaufortain/gc/accueil.html
93bdaa6ed3a09dcb	262328	docs/montblanc_beaufortain/gc/conditions.html
a5660931280abe54	260682	docs/montblanc_beaufortain/gc/info.html
8bdef88bc94a8b01	260840	docs/montblanc_beaufortain/gc/voler-a-chamonix_atterrissages_bois-du-bouchet.html
995cc9d964d151ad	254204	docs/montblanc_beaufortain/gc/voler-a-chamonix_atterrissages_le-savoy.html
dc73a5bc49242486	252905	docs/montblanc_beaufortain/gc/voler-a-chamonix_atterrissages_les-chavants.html
75c6de413123208a	256725	docs/montblanc_beaufortain/gc/voler-a-chamonix_décollages_aiguille-du-midi.html
478a7d6518f48359	252302	docs/montblanc_beaufortain/gc/voler-a-chamonix_décollages_beaux-mollets.html
53aa7346380d86cf	243217	docs/montblanc_beaufortain/gc/voler-a-chamonix_décollages_dômes-de-miage.html
acfabcaaa961b1d8	249814	docs/montblanc_beaufortain/gc/voler-a-chamonix_décollages_flegere.html
29a953163b355d6a	244091	docs/montblanc_beaufortain/gc/voler-a-chamonix_décollages_grands-montets.html
238e85bd2f47da03	243556	docs/montblanc_beaufortain/gc/voler-a-chamonix_décollages_merlet.html
1eb3305c7ee61a6b	251033	docs/montblanc_beaufortain/gc/voler-a-chamonix_décollages_mont-blanc.html
4624b67abf4b1835	251601	docs/montblanc_beaufortain/gc/voler-a-chamonix_décollages_plan-de-laiguille.html
61a1231153ac407f	255887	docs/montblanc_beaufortain/gc/voler-a-chamonix_décollages_planpraz.html
4b774ff1163077c1	243124	docs/montblanc_beaufortain/gc/voler-a-chamonix_décollages_prarion_grand-prarion.html
29ba03fcde2454af	259639	docs/montblanc_beaufortain/gc/voler-a-chamonix_décollages_prarion_prarion-nord.html
1c1a150e2c30f57b	276355	docs/montblanc_beaufortain/gc/voler-a-chamonix_infos.html
6886a5b301403c6c	243410	docs/montblanc_beaufortain/gc/voler-a-chamonix_reglementation.html
b91d82dd2f8c23d5	235457	docs/montblanc_beaufortain/gc/voler-a-chamonix_sécurité.html
f759298bc96d95cf	1398600	docs/montblanc_beaufortain/p16-16.png
23e0a8d976d16b9a	1998576	docs/montblanc_beaufortain/p32-32.png
6cd73135e91768fc	385344	docs/montblanc_beaufortain/p6-06.png
d33747efbd28ac7a	1000	docs/montblanc_beaufortain/pge/11144.json
d33747efbd28ac7a	1000	docs/montblanc_beaufortain/pge/11294.json
d33747efbd28ac7a	1000	docs/montblanc_beaufortain/pge/15334.json
d33747efbd28ac7a	1000	docs/montblanc_beaufortain/pge/22391.json
d33747efbd28ac7a	1000	docs/montblanc_beaufortain/pge/22586.json
d33747efbd28ac7a	1000	docs/montblanc_beaufortain/pge/2988.json
d33747efbd28ac7a	1000	docs/montblanc_beaufortain/pge/2990.json
d33747efbd28ac7a	1000	docs/montblanc_beaufortain/pge/3019.json
d33747efbd28ac7a	1000	docs/montblanc_beaufortain/pge/3020.json
d33747efbd28ac7a	1000	docs/montblanc_beaufortain/pge/3028.json
d33747efbd28ac7a	1000	docs/montblanc_beaufortain/pge/3030.json
d33747efbd28ac7a	1000	docs/montblanc_beaufortain/pge/3041.json
d33747efbd28ac7a	1000	docs/montblanc_beaufortain/pge/3042.json
d33747efbd28ac7a	1000	docs/montblanc_beaufortain/pge/3047.json
d33747efbd28ac7a	1000	docs/montblanc_beaufortain/pge/6181.json
010deca7dad30c0b	76747	docs/montblanc_beaufortain/pge/bbox.json
fa5e41294d055403	64113	docs/montblanc_beaufortain/ps_alpesguides_montjoly.html
2b93ca56e42a5735	3707	docs/montblanc_beaufortain/ps_alpesguides_montjoly.txt
0e7e883e2abae111	51710	docs/montblanc_beaufortain/ps_club_megeve_alpes74.html
9254355f5e793805	2613	docs/montblanc_beaufortain/ps_club_megeve_alpes74.txt
107ab41b8464a35c	51710	docs/montblanc_beaufortain/ps_club_megeve_suspente.html
9254355f5e793805	2613	docs/montblanc_beaufortain/ps_club_megeve_suspente.txt
ee10fd6e537ec789	78292	docs/montblanc_beaufortain/ps_pi_cross_megeve.html
658c24fdf5c6ccc2	15545	docs/montblanc_beaufortain/ps_pi_cross_megeve.txt
8f701180cca8572e	69287	docs/montblanc_beaufortain/rb_calm.html
462a1d623317986f	68344	docs/montblanc_beaufortain/rocherbleu.html
bce555f346c69a68	189400	docs/montblanc_beaufortain/volatiles/d1.pdf
009391559b2777d7	4	docs/montblanc_beaufortain/volatiles/d1.txt
693c8d579b0d04eb	194703	docs/montblanc_beaufortain/volatiles/d1p-1.png
3cf064a0b9bee838	192835	docs/montblanc_beaufortain/volatiles/d1q-2.png
0ae60c0f01c8c3ed	122766	docs/montblanc_beaufortain/volatiles/d1q-3.png
08014a30b2102794	1327012	docs/montblanc_beaufortain/volatiles/d2.jpg
d02bc99bf5d603a8	670987	docs/montblanc_beaufortain/volatiles/d2_small.jpg
ae620acb5ab24e2d	470564	docs/montblanc_beaufortain/volatiles/d3.pdf
009391559b2777d7	4	docs/montblanc_beaufortain/volatiles/d3.txt
90270065976f21ca	205029	docs/montblanc_beaufortain/volatiles/d3p-1.png
fd9b3f6d54b79564	185005	docs/montblanc_beaufortain/volatiles/d3q-1.png
d4e2d42d41c5a89e	165690	docs/montblanc_beaufortain/volatiles/d3q-2.png
dfb0c564f67a2ea1	83243	docs/montblanc_beaufortain/volatiles/d3q-3.png
6ea151c5714708bb	790692	docs/montblanc_beaufortain/volatiles/d3q-4.png
983ff08d679c6107	1148310	docs/montblanc_beaufortain/volatiles/d4.pdf
9478ac3ef61ae9df	3	docs/montblanc_beaufortain/volatiles/d4.txt
8b0079ff2bf73723	303812	docs/montblanc_beaufortain/volatiles/d4p-1.png
0873987e0bd0393b	31135	docs/montblanc_beaufortain/web/airchamonix.html
156e5a9561267be7	64138	docs/montblanc_beaufortain/web/alpesguides_joly.html
4940c8ed2d8f9e3e	101683	docs/montblanc_beaufortain/web/areches_activ.html
9e8741d1b93259aa	117540	docs/montblanc_beaufortain/web/areches_berge.html
592e4fb6f8a480de	116216	docs/montblanc_beaufortain/web/areches_parstire.html
8b2275b28364686e	281691	docs/montblanc_beaufortain/web/asc_blog.html
69551842fb90c2be	711899	docs/montblanc_beaufortain/web/asc_home.html
d15859811db200f2	220197	docs/montblanc_beaufortain/web/asc_meteo.html
cf77971f29a491d7	244747	docs/montblanc_beaufortain/web/asc_stages-de-parapente_nos-stages-cross.html
1dc1ef7e5049fe07	235445	docs/montblanc_beaufortain/web/asc_stages-de-parapente_stage-progression.html
53de9ba0ec5193cb	218879	docs/montblanc_beaufortain/web/asc_stages-de-parapente_stages-specifiques.html
1f62ae646caf3f94	5799	docs/montblanc_beaufortain/web/cfd_sg.html
d9eae360c6ed9730	103971	docs/montblanc_beaufortain/web/chamoniarde.html
df6fe68903280128	317942	docs/montblanc_beaufortain/web/chxnet_gm_en.html
34aea77933939386	319443	docs/montblanc_beaufortain/web/chxnet_houches.html
382e187853bd4718	323596	docs/montblanc_beaufortain/web/chxnet_para.html
92d20ebced9ae3a7	177753	docs/montblanc_beaufortain/web/chxparapente_planpraz.html
c5651a4425e353e8	312994	docs/montblanc_beaufortain/web/combloux_bapt.html
d998dc18e7efa893	222003	docs/montblanc_beaufortain/web/contamines_deco.html
df5da5813a3a31a2	139511	docs/montblanc_beaufortain/web/elevation_contamines.html
c54103e79111fbf7	58477	docs/montblanc_beaufortain/web/expemag_tmb.html
7a39b46e4160863f	67779	docs/montblanc_beaufortain/web/expemag_tmb_0.html
b95c350f2851d364	62806	docs/montblanc_beaufortain/web/expemag_tmb_1.html
573bb125c5bf35ee	693479	docs/montblanc_beaufortain/web/expout_bivouac.html
33e715ae3444c88b	33443	docs/montblanc_beaufortain/web/flyappi3030.html
0a243a55feefa3a5	809630	docs/montblanc_beaufortain/web/gex202.html
e4ed6ee05aae29fd	741107	docs/montblanc_beaufortain/web/jj_about-3.html
709839fe38944948	695183	docs/montblanc_beaufortain/web/jj_about-8.html
0d94b51f5f5a9404	723361	docs/montblanc_beaufortain/web/jj_club.html
d7c16e534a9e086e	931025	docs/montblanc_beaufortain/web/jj_home.html
fc6d6d59cc2430f4	690508	docs/montblanc_beaufortain/web/jj_le-club-et-la-ffvl.html
6d93ea945f72b5d4	712546	docs/montblanc_beaufortain/web/jj_projects-2.html
b3d475692b8e5ac5	699356	docs/montblanc_beaufortain/web/jj_projects-8.html
1fcb08e36432a53a	1217228	docs/montblanc_beaufortain/web/megeve_aventure.html
53b45137ae516f0c	128360	docs/montblanc_beaufortain/web/megeve_parapente.html
77eda01f5292c9c3	237173	docs/montblanc_beaufortain/web/megeve_tourisme.html
ce93d64021ac0a20	100069	docs/montblanc_beaufortain/web/outdare_chx.html
07cae5909f526395	45823	docs/montblanc_beaufortain/web/pgmap_chx.html
af4dd53dc7b0084e	83286	docs/montblanc_beaufortain/web/pi_conseils_chx.html
b5c90a97a66ae402	232152	docs/montblanc_beaufortain/web/planpraz.html
6dc9c7fc93bb488b	114	docs/montblanc_beaufortain/web/pmb_bouchet.html
6dc9c7fc93bb488b	114	docs/montblanc_beaufortain/web/pmb_index.html
23acaa474c8d455e	250504	docs/montblanc_beaufortain/web/pmontagne_mb.html
432283af75587d21	247592	docs/montblanc_beaufortain/web/prarion.html
1cbb9ecbb3904348	34066	docs/montblanc_beaufortain/web/prazsurarly_para.html
83ef939f7d7b1f24	85734	docs/montblanc_beaufortain/web/razmotte_triangle.html
9e372fa3c381ce8d	593013	docs/montblanc_beaufortain/web/rto_tmb.html
202ebc5ed07e1f44	601995	docs/montblanc_beaufortain/web/rto_tmb2.html
e81e9d157cd52eb6	330132	docs/montblanc_beaufortain/web/seechamonix.html
6cdfeab126081e44	56860	docs/montblanc_beaufortain/web/sgvl_historique.html
9e89b92cd48a643b	59758	docs/montblanc_beaufortain/web/sgvl_home.html
6b30958842313e79	52084	docs/montblanc_beaufortain/web/sgvl_le-club.html
333f55a0f79fc9f8	45479	docs/montblanc_beaufortain/web/sgvl_liens-utiles.html
d09a54523941833c	53074	docs/montblanc_beaufortain/web/sgvl_sorties-evenements.html
f1b8a9e7a6daec00	111105	docs/montblanc_beaufortain/web/speedetrando_bisanne.html
9448f8a1159c9b14	236	docs/montblanc_beaufortain/web/stgervais_club.html
23776fffc30534d3	174520	docs/montblanc_beaufortain/web/summits_chx.html
410a8407c84928cc	242679	docs/montblanc_beaufortain/web/summits_megeve.html
f842458bfab36b29	51710	docs/montblanc_beaufortain/web/suspente.html
289f8a1b814ed39e	111036	docs/montblanc_beaufortain/web/syr_Beaufort.html
d2507bae4621cc79	94546	docs/montblanc_beaufortain/web/syr_Col-du-Joly.html
a114d1ae8af460f9	94491	docs/montblanc_beaufortain/web/syr_Cordon.html
624fd92b61544ec6	94503	docs/montblanc_beaufortain/web/syr_Flegere.html
7ddfcb24d082ec0e	94576	docs/montblanc_beaufortain/web/syr_Grands-Montets.html
7678abcd50b1f290	94580	docs/montblanc_beaufortain/web/syr_Les-Contamines.html
2e2353580d6f0549	94492	docs/montblanc_beaufortain/web/syr_Megeve.html
97f28448857a1e0b	94524	docs/montblanc_beaufortain/web/syr_Mont-Joly.html
73118561ec4b89b0	94524	docs/montblanc_beaufortain/web/syr_Plan-Praz.html
7d8193ceaf430ef9	94623	docs/montblanc_beaufortain/web/syr_Plan-de-l-Aiguille.html
c10a6a367a36bba0	115999	docs/montblanc_beaufortain/web/syr_Planpraz.html
73d786bd534a4a1c	94502	docs/montblanc_beaufortain/web/syr_Prarion.html
521ddd97e5f7f839	114791	docs/montblanc_beaufortain/web/syr_Rochebrune.html
a1eccf482c4f47e3	94512	docs/montblanc_beaufortain/web/syr_Roselend.html
2ea169d3b3f73204	94569	docs/montblanc_beaufortain/web/syr_Saint-Gervais.html
fe18597fb135e68c	115273	docs/montblanc_beaufortain/web/syride_bisanne.html
e3b0c44298fc1c14	0	docs/montblanc_beaufortain/web/tlp_annecy.jpg
f083ec1cec5d21b8	131244	docs/montblanc_beaufortain/web/tlp_brises.html
8699bf1eda7e016d	24	docs/montblanc_beaufortain/web/tlp_flux.jpg
9ba96b010d415d65	174700	docs/montblanc_beaufortain/web/ttr_beaufortain.html
f67bd94540e68017	803320	docs/montblanc_beaufortain/web/valdarly_parapente.html
a86d0b47304478b7	156071	docs/montblanc_beaufortain/web/volatiles_home.html
acfbe01d6f807421	134118	docs/montblanc_beaufortain/web/volatiles_sites.html
8c10fc75c61149cc	42150	docs/montblanc_beaufortain/web/wb_aero.html
771427bec68732fe	44256	docs/montblanc_beaufortain/web/wb_idx.html
97c9345ce64f7dd6	43677	docs/montblanc_beaufortain/web/x.html
0cc2cd0942d44be8	1252881	docs/montblanc_beaufortain/web/yt_200.html
0957150f16f4f14a	1294113	docs/montblanc_beaufortain/web/yt_chx_annecy.html
dd0bd95e066b623d	145520	docs/montblanc_beaufortain/xcmag.html
ab6962a54f65d454	754908	docs/oisans_maurienne/air2alpes.html
487d883a24c4f787	1897	docs/oisans_maurienne/air2alpes.txt
7d6bbffca09d9302	715363	docs/oisans_maurienne/air2alpes_bapt.html
7eb5bc1a7652d05f	5923	docs/oisans_maurienne/air2alpes_bapt.txt
7ac39841591f9f12	2209	docs/oisans_maurienne/air2alpes_tuyaux.html
5e5b3627e347b251	33	docs/oisans_maurienne/air2alpes_tuyaux.txt
ba169b8fb50cb904	195228	docs/oisans_maurienne/akenefly.html
ebe7d435cbe324ce	3321	docs/oisans_maurienne/akenefly.txt
ebc3017ff51da609	171109	docs/oisans_maurienne/aussois_by_air.html
a11361fcf139fb70	4360	docs/oisans_maurienne/aussois_by_air.txt
f261423d1da97890	103	docs/oisans_maurienne/aussois_com.html
3e5462522629ec59	39	docs/oisans_maurienne/aussois_com.txt
7150cf5589343e19	1123	docs/oisans_maurienne/bing.sh
2bcc3c9a6cfc108d	100602	docs/oisans_maurienne/cdvl73.html
32596b1666a7b427	18088	docs/oisans_maurienne/cdvl73.html.txt
05c08a7b4c3db4c6	53524	docs/oisans_maurienne/cdvl_cerces.html
3214855c814acdbb	2746	docs/oisans_maurienne/cdvl_cerces.txt
186a4cf7f7fec604	56939	docs/oisans_maurienne/cdvl_lauziere.html
5cf7960ec6439753	4399	docs/oisans_maurienne/cdvl_lauziere.txt
b27f4d1fd5f8d026	53539	docs/oisans_maurienne/cdvl_maurienne.html
48f36aad6a113d8b	2749	docs/oisans_maurienne/cdvl_maurienne.txt
6b4eab38658c8f8e	53544	docs/oisans_maurienne/cdvl_mont-cenis.html
1e70ccadb01cc064	2750	docs/oisans_maurienne/cdvl_mont-cenis.txt
c0ef11edd6f1dfec	60881	docs/oisans_maurienne/cdvl_vanoise.html
d0e1ca20b1308adf	3113	docs/oisans_maurienne/cdvl_vanoise.txt
61471a9a971b4734	5775	docs/oisans_maurienne/cfd_aussois.html
38d6f6e041fe6c15	20	docs/oisans_maurienne/cfd_aussois.txt
2bc0688a5894ed53	215219	docs/oisans_maurienne/choc2_phénomènes-locaux-et-pièges_la-lombar.html
d0e34d05aa6f6e95	6419	docs/oisans_maurienne/choc2_phénomènes-locaux-et-pièges_la-lombar.txt
c41046820e042a8d	202612	docs/oisans_maurienne/choc2_phénomènes-locaux-et-pièges_les-dust-.html
18154091d0219124	5015	docs/oisans_maurienne/choc2_phénomènes-locaux-et-pièges_les-dust-.txt
1bf1f7eb5c968203	223851	docs/oisans_maurienne/choc2_topo-cross-dans-le-secteur.html
96bbc7e5b00c9909	4772	docs/oisans_maurienne/choc2_topo-cross-dans-le-secteur.txt
da01e9017076727f	194958	docs/oisans_maurienne/choc2_topo-cross-dans-le-secteur_cross-diffici.html
431dc446f52a01bc	4603	docs/oisans_maurienne/choc2_topo-cross-dans-le-secteur_cross-diffici.txt
1eed13f38441b917	190636	docs/oisans_maurienne/choc2_topo-cross-dans-le-secteur_cross-facile-.html
20594c91ac728f1e	3842	docs/oisans_maurienne/choc2_topo-cross-dans-le-secteur_cross-facile-.txt
cab4f7e3caf16760	191477	docs/oisans_maurienne/choc2_topo-cross-dans-le-secteur_cross-moyen-p.html
28b26660e8919191	4036	docs/oisans_maurienne/choc2_topo-cross-dans-le-secteur_cross-moyen-p.txt
54b0c89485a770d4	196158	docs/oisans_maurienne/choc_galibier.html
b4a29ad02ef2f158	4768	docs/oisans_maurienne/choc_galibier.txt
777b380ffc0642dd	201873	docs/oisans_maurienne/choc_lautaret.html
3af63da44c956c23	5477	docs/oisans_maurienne/choc_lautaret.txt
8867d902b7507e67	207319	docs/oisans_maurienne/choc_parc.html
ae942067f3a91a52	6094	docs/oisans_maurienne/choc_parc.txt
cce66d6215a074cf	199059	docs/oisans_maurienne/choc_regl.html
1288edf5e8369824	5265	docs/oisans_maurienne/choc_regl.txt
252ed2854cc14f14	191378	docs/oisans_maurienne/choc_romanche.html
4dda5c14abb78e99	4497	docs/oisans_maurienne/choc_romanche.txt
4def9ca398d1e615	134925	docs/oisans_maurienne/chvd_glandon.html
2a123e780e3cfb7c	2720	docs/oisans_maurienne/chvd_glandon.txt
919d7e850ab0ff4e	268652	docs/oisans_maurienne/chvd_vertioisans.html
340eb83cb75821a3	3497	docs/oisans_maurienne/chvd_vertioisans.txt
36f4c6fcba97b2f0	27173024	docs/oisans_maurienne/chvd_wp/all.json
12b7b2fcb39108e7	686	docs/oisans_maurienne/chvd_wp/h.txt
dca2bd3ebe48dabf	2129457	docs/oisans_maurienne/chvd_wp/p1.json
2e86a9e166e4b373	2238811	docs/oisans_maurienne/chvd_wp/p10.json
2a1bb201bbb60ddd	1994742	docs/oisans_maurienne/chvd_wp/p11.json
7f8a5a7003b5ca09	1787087	docs/oisans_maurienne/chvd_wp/p12.json
19a14f9d4902fe29	1843333	docs/oisans_maurienne/chvd_wp/p13.json
6759fb16332aa834	468918	docs/oisans_maurienne/chvd_wp/p14.json
4bab63f4cc73c6de	2183787	docs/oisans_maurienne/chvd_wp/p2.json
3374ab0631134ff9	2189517	docs/oisans_maurienne/chvd_wp/p3.json
85cb12d6a5631ac9	2291451	docs/oisans_maurienne/chvd_wp/p4.json
0b82b7670c5c5832	2012601	docs/oisans_maurienne/chvd_wp/p5.json
301be1a44b5b3418	2118414	docs/oisans_maurienne/chvd_wp/p6.json
9dc44e9713a361c0	2188624	docs/oisans_maurienne/chvd_wp/p7.json
de0319ac86c04326	2002714	docs/oisans_maurienne/chvd_wp/p8.json
aef55e3a46bb2af0	2162339	docs/oisans_maurienne/chvd_wp/p9.json
5c65c80256a96c3d	465	docs/oisans_maurienne/chvd_wp/show.py
7db11d9b4f062016	344	docs/oisans_maurienne/clean.py
56e545bbd87f0da4	335380	docs/oisans_maurienne/coact.pdf
b822a3892faa95f4	6570	docs/oisans_maurienne/coact.txt
60c8a71466d286e8	95841	docs/oisans_maurienne/confluences.pptx
192b262c90c29f21	45388	docs/oisans_maurienne/croixfleurs.html
038d25a7d0994c8c	5109	docs/oisans_maurienne/croixfleurs.html.txt
88044b52dce104bd	704	docs/oisans_maurienne/ddg.sh
c0080c4db06f5934	72068	docs/oisans_maurienne/ecole2alpes.html
3e56096441d42dcb	6051	docs/oisans_maurienne/ecole2alpes.txt
52fda08b57ceb20c	450716	docs/oisans_maurienne/ecr_c-1.png
214723f4a3917e7b	796457	docs/oisans_maurienne/ecr_c1_s.png
68d53af1be8d452f	3154333	docs/oisans_maurienne/ecrins_arrete_vollibre.pdf
bf5b2f112ee95569	3835	docs/oisans_maurienne/ecrins_arrete_vollibre.txt
4a5c64f63e85b59b	1285613	docs/oisans_maurienne/ecrins_benchmark.pdf
b08c7ef0f33be752	18445	docs/oisans_maurienne/ecrins_benchmark.txt
6821dbf8c77e283e	2209796	docs/oisans_maurienne/ecrins_convention.pdf
9478ac3ef61ae9df	3	docs/oisans_maurienne/ecrins_convention.txt
32572cccf5dc84d7	68070	docs/oisans_maurienne/ecrins_liberistes.html
29b249946bc19e5d	13024	docs/oisans_maurienne/ecrins_liberistes.txt
300549fce970b34c	69227	docs/oisans_maurienne/ecrins_survols.html
955710cc0a7c471e	9019	docs/oisans_maurienne/ecrins_survols.txt
f617c1af8ab0367d	812890	docs/oisans_maurienne/ecrins_vollibre_cartes.pdf
ce1ed4ca47684f9d	124954	docs/oisans_maurienne/ffvl_crawl1.json
19f66026ea24e6b6	490984	docs/oisans_maurienne/ffvl_full.json
a1fef1e7ab5e1f75	87333	docs/oisans_maurienne/ffvl_sites.txt
6dd764ab240ef4de	73014	docs/oisans_maurienne/ffvl_sites_c.txt
5d69327b7f61c6ad	19708	docs/oisans_maurienne/ffvl_sites_d.txt
b66ea691b19cf048	763	docs/oisans_maurienne/fx.sh
83921b9073050cd3	543699	docs/oisans_maurienne/gm/p-10.png
67d47a1c731efc06	577224	docs/oisans_maurienne/gm/p-15.png
a5809b48cecfc169	538407	docs/oisans_maurienne/gm/p-26.png
e79c9e1e05f1aff1	605387	docs/oisans_maurienne/gm/p-31.png
428205457a28ab1b	111834	docs/oisans_maurienne/grave_ot.html
20a450040c8c9695	5548	docs/oisans_maurienne/grave_ot.txt
eadda1abefdef756	119458	docs/oisans_maurienne/largeault.jpg
91740ee62e6f4714	215791	docs/oisans_maurienne/largeault.kml
79972bfb5208a56d	12494	docs/oisans_maurienne/largeault_lines.json
f772e04cc1c41635	206525	docs/oisans_maurienne/laura_vanoise.html
6849dc3325c9afae	7547	docs/oisans_maurienne/laura_vanoise.txt
7f78feb5c70e91d0	177	docs/oisans_maurienne/loadres.py
2bb2154700b594d0	19355	docs/oisans_maurienne/map_1-jBNMQiDssrG3NiQFehTHiVOW5FkX9A.kml
4a8e237ac52e42d4	376311	docs/oisans_maurienne/map_1AOByuSEKdcyTLAC3nQyzZ469-z10qWuA.kml
858f09f76c16a9ca	20	docs/oisans_maurienne/nomi.log
b3f3d2b434c54105	2518	docs/oisans_maurienne/nomi.py
e9578b375d26d233	272003	docs/oisans_maurienne/pape_panoramique.html
b3b25d17881801bf	2886	docs/oisans_maurienne/pape_panoramique.txt
e3b0c44298fc1c14	0	docs/oisans_maurienne/pge/2795.html
9edd94f6309b1032	46430	docs/oisans_maurienne/pgmap_2alpes.html
1b12de9f52beefc6	12676	docs/oisans_maurienne/pgmap_2alpes.txt
e5a20944b443c90c	95944	docs/oisans_maurienne/pi_aerologie_oisans.html
3a4e47d524d7d92b	19940	docs/oisans_maurienne/pi_aerologie_oisans.txt
10360e1076974cdd	17475	docs/oisans_maurienne/pi_alpehuez.html
9ce09e792bff566c	10773	docs/oisans_maurienne/pi_alpehuez.txt
d7bc41cc81ba2dfd	55280	docs/oisans_maurienne/pi_aussois_automne.html
88604ea1393952ab	10806	docs/oisans_maurienne/pi_aussois_automne.txt
a6b281ca417986d5	39525	docs/oisans_maurienne/pi_aussois_lombarde.html
2868c296af6d0f93	9201	docs/oisans_maurienne/pi_aussois_lombarde.txt
dfb01c997a6ebe55	13858	docs/oisans_maurienne/pi_base_sites.html
6501c253a90a79b5	121075	docs/oisans_maurienne/pi_cartobrises.html
2cb5f75d4e2f4366	22942	docs/oisans_maurienne/pi_cartobrises.txt
3b04eb6c2cd9946b	35309	docs/oisans_maurienne/pi_cross_maurienne.html
7d51763cb96d9e6c	5406	docs/oisans_maurienne/pi_cross_maurienne.txt
83f1310a9c1aba82	55577	docs/oisans_maurienne/pi_glandon.html
14fad5fe295507eb	8437	docs/oisans_maurienne/pi_glandon.txt
f9019da3ecea7523	34071	docs/oisans_maurienne/pi_grandcoin.html
def9a631676fa1df	4947	docs/oisans_maurienne/pi_grandcoin.txt
9e27de7551aeeea1	74177	docs/oisans_maurienne/pi_meije.html
b974ba310a375a96	15015	docs/oisans_maurienne/pi_meije.txt
20143d4f7392fcf1	36413	docs/oisans_maurienne/pi_montgellafrey.html
300d82f9f1faef9f	5902	docs/oisans_maurienne/pi_montgellafrey.txt
4a2a9aabd533b242	12430	docs/oisans_maurienne/pi_site_ecrins.html
fa260ef828eed257	2577	docs/oisans_maurienne/pi_site_ecrins.txt
1b870b9cc7b7815e	20541	docs/oisans_maurienne/pi_site_serpaton.html
282f25657651deeb	5808	docs/oisans_maurienne/pi_site_serpaton.txt
e1a2ba8594e82b1e	4419	docs/oisans_maurienne/pi_valloire.html
bb8ec11cfa91d13a	2685	docs/oisans_maurienne/pi_valloire.txt
29c832ff54b8022d	67164	docs/oisans_maurienne/pi_valloire_valmeinier.html
e7fb8cfa2dab6a7b	12339	docs/oisans_maurienne/pi_valloire_valmeinier.txt
6d22d6e7c17a2fc2	17726	docs/oisans_maurienne/protec.kml
eaa220052970f502	81210	docs/oisans_maurienne/ps_blues_2014_06_05.html
da741eb924b5a1c6	1654	docs/oisans_maurienne/ps_blues_2014_06_05.txt
d0b0334cce667a1f	154182	docs/oisans_maurienne/ps_blues_2015_05.html
ef037ed8057ef63c	25135	docs/oisans_maurienne/ps_blues_2015_05.txt
502932534d269358	98736	docs/oisans_maurienne/ps_blues_2015_06_03.html
43efb166311ca5ab	3186	docs/oisans_maurienne/ps_blues_2015_06_03.txt
7cf174bda8052b69	423912	docs/oisans_maurienne/ps_bluesteam_home.html
233b50b6db2dcf2a	36591	docs/oisans_maurienne/ps_bluesteam_home.txt
4e521bf96d3183cc	63636	docs/oisans_maurienne/ps_ffvl_story281.html
899a15b7b61baedb	4957	docs/oisans_maurienne/ps_ffvl_story281.txt
18a6e299c6f8e555	8432719	docs/oisans_maurienne/ps_grossemiche_transitions.pdf
26d85e0cc9b0da6f	24636	docs/oisans_maurienne/ps_grossemiche_transitions.txt
494eb506ca979d7b	38146	docs/oisans_maurienne/ps_johnparapente_blogspot_com_2017_07_.html
ad07aac055c58d68	1398	docs/oisans_maurienne/ps_johnparapente_blogspot_com_2017_07_.txt
cb5becb33bf44059	22619	docs/oisans_maurienne/ps_jonathan-marin_blogspot_com_2017_07_.html
dbd1edb3d7ff2511	281	docs/oisans_maurienne/ps_jonathan-marin_blogspot_com_2017_07_.txt
4365683885981378	911125	docs/oisans_maurienne/ps_lenvair_voler.html
9587a64f3d722f2c	4204	docs/oisans_maurienne/ps_lenvair_voler.txt
868ab925907691f2	56546	docs/oisans_maurienne/ps_pi_rando_cross_belledonne.html
f00bced5d517e63f	8155	docs/oisans_maurienne/ps_pi_rando_cross_belledonne.txt
47dae9c32a194a69	55508	docs/oisans_maurienne/ps_pi_transition_bauges_belledonne.html
ccc82e07c1ef3ba1	11278	docs/oisans_maurienne/ps_pi_transition_bauges_belledonne.txt
45f9f290e18e9f1b	101025	docs/oisans_maurienne/ps_pi_trois_jours_maurienne.html
3646ab0358130958	26211	docs/oisans_maurienne/ps_pi_trois_jours_maurienne.txt
1d62ee9db636ae4a	50973	docs/oisans_maurienne/ps_pi_vol_rando_grand_pic_lauziere.html
8cdfd599348ee002	7010	docs/oisans_maurienne/ps_pi_vol_rando_grand_pic_lauziere.txt
bb90549252e58013	35779	docs/oisans_maurienne/ps_pi_vol_rando_grand_pic_lauziere2.html
4869a89dd3015224	4995	docs/oisans_maurienne/ps_pi_vol_rando_grand_pic_lauziere2.txt
968bec1d9cdfe802	29162	docs/oisans_maurienne/ps_pi_vol_rando_maurienne.html
b1e645fe2d150c47	3865	docs/oisans_maurienne/ps_pi_vol_rando_maurienne.txt
e3b0c44298fc1c14	0	docs/oisans_maurienne/ps_stcolomban_lenvair.txt
0afff993cd8fb81b	115299	docs/oisans_maurienne/ps_syride_montgellafrey.html
9c83ec89067ca40c	2824	docs/oisans_maurienne/ps_syride_montgellafrey.txt
3b7444d8a5a322f6	74645	docs/oisans_maurienne/pspeed_valloire.html
3cb3bf5b0b5730e7	4115	docs/oisans_maurienne/pspeed_valloire.txt
f4fa5353c5eac99a	144028	docs/oisans_maurienne/rto_alpes.jpg
9799c8e3cb14df30	682445	docs/oisans_maurienne/rto_brises.html
9828fa6e236184a0	17094	docs/oisans_maurienne/rto_brises.txt
3f9e163208c011c5	597559	docs/oisans_maurienne/rto_carte.html
1ecb92dc9adfa550	10876	docs/oisans_maurienne/rto_carte.txt
6ef1b765493087c1	90	docs/oisans_maurienne/sites.json
6ef1b765493087c1	90	docs/oisans_maurienne/structures.json
e24ff173bfc9fc83	6530	docs/oisans_maurienne/tg/2alpes_2alpes.html
7bbf8f7c2766fec0	2075	docs/oisans_maurienne/tg/2alpes_2alpes.txt
2db090c8d734dab3	4904	docs/oisans_maurienne/tg/alphuez_alphuez.html
f35990dc0a442344	305	docs/oisans_maurienne/tg/alphuez_alphuez.txt
f96f3285ab8f7c89	6385	docs/oisans_maurienne/tg/bourg_bourg.html
79d17fd794126bbb	939	docs/oisans_maurienne/tg/bourg_bourg.txt
c571c6b56b9eae11	208520	docs/oisans_maurienne/tg/boutons_oisans.jpg
1d7222a5486a76b6	57621	docs/oisans_maurienne/tg/cartes_VALPE-VILLETTE.jpg
4086345dc2e724f2	846	docs/oisans_maurienne/tg/cartes_alpevil.html
3bb96c95c0538182	100	docs/oisans_maurienne/tg/cartes_alpevil.txt
0a8ddb03be72cc8f	6281	docs/oisans_maurienne/tg/cartes_bplanorient.gif
4ba3a534df2a1c94	4188	docs/oisans_maurienne/tg/collet_collet.html
c8a86772892f4cd1	343	docs/oisans_maurienne/tg/collet_collet.txt
2c84bac40db3a973	6559	docs/oisans_maurienne/tg/eclose_eclose.html
e5c5f3b7101e2555	1408	docs/oisans_maurienne/tg/eclose_eclose.txt
a353b0e76a1aaf60	7898	docs/oisans_maurienne/tg/lebras_lebras.html
f38d211ac3386006	1728	docs/oisans_maurienne/tg/lebras_lebras.txt
10475b64787db8e7	10381	docs/oisans_maurienne/tg/meije_meije.html
82818da6a56ef540	3361	docs/oisans_maurienne/tg/meije_meije.txt
f833e9ecc0cb9f63	7863	docs/oisans_maurienne/tg/pano_bpanorama.gif
100faf9d3b2bb04d	9260	docs/oisans_maurienne/tg/pblanc_pblanc.html
3c6064140549f54c	2535	docs/oisans_maurienne/tg/pblanc_pblanc.txt
66d92613c0758c54	6292	docs/oisans_maurienne/tg/reymond_reymond.html
aad4f085dde55bac	1892	docs/oisans_maurienne/tg/reymond_reymond.txt
f572b48d60668950	9033	docs/oisans_maurienne/tg/sabot_sabot.html
3e3ddc0022ca790e	2074	docs/oisans_maurienne/tg/sabot_sabot.txt
733aa736b437c681	36873	docs/oisans_maurienne/tg/tableau_tableau.html
7730a0c364b6ebc4	558	docs/oisans_maurienne/tg/tableau_tableau.txt
4538202d9783efdf	7584	docs/oisans_maurienne/tg/troncon_troncon.html
06838bd8625e1690	1258	docs/oisans_maurienne/tg/troncon_troncon.txt
7e74a12132677d04	3932	docs/oisans_maurienne/tg/vaujany_vaujany.html
cc97f0696c8d7f0f	298	docs/oisans_maurienne/tg/vaujany_vaujany.txt
dea916881ac70786	4972	docs/oisans_maurienne/tg/venosc_venosc.html
a530f2de83b412dd	739	docs/oisans_maurienne/tg/venosc_venosc.txt
232090be1a1987cf	8191	docs/oisans_maurienne/tg_chemine.html
1010b1eb9428a983	3148	docs/oisans_maurienne/tg_chemine.txt
4bb727424ab68bb2	8059	docs/oisans_maurienne/tg_index.html
5ab9710e91f9472a	771	docs/oisans_maurienne/tg_index.txt
cb4ba655041c5659	7703	docs/oisans_maurienne/tg_rousses.html
baab97b4c41076a2	1602	docs/oisans_maurienne/tg_rousses.txt
b034222879ddbdb9	131244	docs/oisans_maurienne/tlp_brises.html
73c07e4c69d082a8	4760	docs/oisans_maurienne/tlp_brises.txt
e3b0c44298fc1c14	0	docs/oisans_maurienne/tlp_flux.jpg
5f32820b11103eae	167622	docs/oisans_maurienne/vanoise_arr-1.png
5168352e9b31f9a9	153211	docs/oisans_maurienne/vanoise_arr-2.png
e8b4b1b51af61497	57459	docs/oisans_maurienne/vanoise_arr-3.png
b93b2320bd8d466b	5095	docs/oisans_maurienne/vanoise_arrete_aerien.ocr.txt
a15593f859c1f455	1774020	docs/oisans_maurienne/vanoise_arrete_aerien.pdf
9478ac3ef61ae9df	3	docs/oisans_maurienne/vanoise_arrete_aerien.txt
a35c1003d87adf61	12580	docs/oisans_maurienne/vanoise_arrete_parapentes_2026.ocr.txt
48ffc131a2373d3a	1247424	docs/oisans_maurienne/vanoise_arrete_parapentes_2026.pdf
cb7c7f5a50363e84	10	docs/oisans_maurienne/vanoise_arrete_parapentes_2026.txt
bf7487009b06121b	461771	docs/oisans_maurienne/vanoise_arrh-1.png
5d453201dabd37d4	428474	docs/oisans_maurienne/vanoise_arrh-2.png
f65d4524d35d4f17	168216	docs/oisans_maurienne/vanoise_arrh-3.png
cdb36d23bad020ba	1256773	docs/oisans_maurienne/vanoise_arro-1.png
56ae342b299caf1a	1153701	docs/oisans_maurienne/vanoise_arro-2.png
ceca7a4bd706183e	454552	docs/oisans_maurienne/vanoise_arro-3.png
943752b020a46fcf	74000	docs/oisans_maurienne/vanoise_autres.html
c81415c33404eef7	6132	docs/oisans_maurienne/vanoise_autres.txt
ad47bae5dac3a2b9	22976	docs/oisans_maurienne/vanoise_decl_parapente.html
82512c7421fc096f	2500	docs/oisans_maurienne/vanoise_decl_parapente.txt
22d4f7ed3270b14a	80637	docs/oisans_maurienne/vanoise_drones.html
baac75ab744515ea	8158	docs/oisans_maurienne/vanoise_drones.txt
bcf3106425adbe0c	67843	docs/oisans_maurienne/vanoise_fid182.pdf
703d069187e56e84	78576	docs/oisans_maurienne/vanoise_rando.html
ee44ec0eea2bc412	7803	docs/oisans_maurienne/vanoise_rando.txt
199e5e887e957b7d	78775	docs/oisans_maurienne/vanoise_regl.html
1ff16df9d63c1f5b	4739	docs/oisans_maurienne/vanoise_regl.txt
63a63b6c46a51838	94734	docs/oisans_maurienne/vanoise_regl_coeur.html
8b39b2366be1267a	13263	docs/oisans_maurienne/vanoise_regl_coeur.txt
d0a9509f8159598c	361061	docs/oisans_maurienne/vap-01.png
7f15089fd4317daf	323640	docs/oisans_maurienne/vap-02.png
f40c0f3c4c61e770	245880	docs/oisans_maurienne/vap-03.png
9ae7d3b54c4f2215	322516	docs/oisans_maurienne/vap-04.png
99b3a4553195d61c	2971440	docs/oisans_maurienne/vap-05.png
7d78234ffc2eb111	3200420	docs/oisans_maurienne/vap-06.png
587a3870982f492c	1297959	docs/oisans_maurienne/vap-06_s.png
2be9672775af8e28	3177423	docs/oisans_maurienne/vap-07.png
043d2753e96ffc28	1286835	docs/oisans_maurienne/vap-07_s.png
7bb4e03deb788a17	2880143	docs/oisans_maurienne/vap-08.png
b0eb21b5090cba5e	1292397	docs/oisans_maurienne/vap-08_s.png
916ce2860628c4cb	3190322	docs/oisans_maurienne/vap-09.png
09ccd6f7ed5f1e95	1341986	docs/oisans_maurienne/vap-09_s.png
ec2edb9a52b44f13	15489	docs/oisans_maurienne/vap-10.png
7a70de08f98301f9	384018	docs/oisans_maurienne/w/alpinemag_meije.html
b0b042c08d4c7029	8870	docs/oisans_maurienne/w/alpinemag_meije.txt
f261423d1da97890	103	docs/oisans_maurienne/w/aussois_sites.html
5bfa84ca906ec98f	36	docs/oisans_maurienne/w/aussois_sites.txt
9d975a298c1fe362	162440	docs/oisans_maurienne/w/aussoisparapente.html
fa4d6d66ec1f223e	2942	docs/oisans_maurienne/w/aussoisparapente.txt
0a2790a498e93a5d	92971	docs/oisans_maurienne/w/b_0.html
e780f0465f1feed3	90303	docs/oisans_maurienne/w/b_100.html
54c36fc26f35af08	91339	docs/oisans_maurienne/w/b_120.html
c69a497648cfd2ff	89045	docs/oisans_maurienne/w/b_140.html
63936bb01d0f1682	89051	docs/oisans_maurienne/w/b_160.html
8d566d9d098e060d	92009	docs/oisans_maurienne/w/b_180.html
ebfb425d75a8d7bd	92961	docs/oisans_maurienne/w/b_20.html
db136d31bdde83fa	91978	docs/oisans_maurienne/w/b_200.html
1bf4d60821df5368	90401	docs/oisans_maurienne/w/b_220.html
2ccefd45f50fe1cc	90425	docs/oisans_maurienne/w/b_240.html
1b36340f2f5bccc8	89175	docs/oisans_maurienne/w/b_260.html
83d52b3de475a69a	90154	docs/oisans_maurienne/w/b_280.html
673813640387d38a	90185	docs/oisans_maurienne/w/b_300.html
70223236f1da45d3	89604	docs/oisans_maurienne/w/b_320.html
a8378528a145f08d	89604	docs/oisans_maurienne/w/b_340.html
1c5f58861e3d58de	91198	docs/oisans_maurienne/w/b_360.html
6aa1579c135bf02b	91209	docs/oisans_maurienne/w/b_380.html
37aac0516626a184	91349	docs/oisans_maurienne/w/b_40.html
380ed4f1182fc67c	89980	docs/oisans_maurienne/w/b_400.html
56daeb96645399f8	88258	docs/oisans_maurienne/w/b_420.html
ebec5136a2999c24	88233	docs/oisans_maurienne/w/b_440.html
54de9c9011989fef	90641	docs/oisans_maurienne/w/b_460.html
a5850b5d3204bd21	90672	docs/oisans_maurienne/w/b_480.html
3f918c9a7d464b0f	90592	docs/oisans_maurienne/w/b_500.html
f12e9b969445c0a1	90606	docs/oisans_maurienne/w/b_520.html
7006cb133d7c77f0	89877	docs/oisans_maurienne/w/b_540.html
f70d29a6ecb6a33b	89516	docs/oisans_maurienne/w/b_560.html
857f26947c4bb200	89502	docs/oisans_maurienne/w/b_580.html
b11f717b775b040c	91349	docs/oisans_maurienne/w/b_60.html
24e44222991090f8	90124	docs/oisans_maurienne/w/b_600.html
9cf4488e88a1fa50	90301	docs/oisans_maurienne/w/b_80.html
a104e396dd690949	218	docs/oisans_maurienne/w/board1.html
f31094cf524e4754	29897	docs/oisans_maurienne/w/cdf_chal.html
1e448d65b632c2f9	46047	docs/oisans_maurienne/w/cdf_hist.html
72ce1456b7c572c7	36812	docs/oisans_maurienne/w/cdf_home.html
927a7f8298c58a16	28214	docs/oisans_maurienne/w/cdf_vid.html
cc5244689aefc279	112601	docs/oisans_maurienne/w/f_13387.html
a0735c177baea16d	82862	docs/oisans_maurienne/w/f_1933.html
63d63f3eace4f89b	59388	docs/oisans_maurienne/w/f_2652.html
483831a3daf1d6a2	107509	docs/oisans_maurienne/w/f_47229.html
0badec252e761553	36401	docs/oisans_maurienne/w/f_54465.html
bef5beab98fc353d	64805	docs/oisans_maurienne/w/f_55389.html
d8bd76672e5b5c04	115007	docs/oisans_maurienne/w/f_55535.html
fb38a18331ca5505	36235	docs/oisans_maurienne/w/f_55791.html
bba3905c9dc66f5c	29464	docs/oisans_maurienne/w/f_57074.html
2f84adfcd7b73715	47358	docs/oisans_maurienne/w/f_57334.html
a5aa57472ee02180	94791	docs/oisans_maurienne/w/f_58085.html
b51de250c8613f47	30034	docs/oisans_maurienne/w/f_59082.html
3effb01129ecbf4e	39108	docs/oisans_maurienne/w/f_59117.html
56dfc18c9d3c2a45	43640	docs/oisans_maurienne/w/f_60203.html
d966d1d4d92b4c15	32581	docs/oisans_maurienne/w/f_60276.html
ac8b50eb03a388e5	36804	docs/oisans_maurienne/w/f_61933.html
62b949540233cc6e	87195	docs/oisans_maurienne/w/f_63593.html
0643244f15809f0d	60878	docs/oisans_maurienne/w/pgm_mollaret.html
5b637745c0442101	273966	docs/oisans_maurienne/w/pm_topo.html
007c7b6f4d0e5e19	6166	docs/oisans_maurienne/w/pm_topo.txt
241daff47c13b626	96801	docs/oisans_maurienne/w/t.html
3ffd3d6aebc6eeed	303417	docs/oisans_maurienne/w/thermique_duree.html
edc0e0c518e2598c	88773	docs/oisans_maurienne/w/threads.json
52389302f3820e05	44188	docs/oisans_maurienne/w/x_http___www_ludofly_com.html
f3c2ba6b1b2b3ed2	183681	docs/oisans_maurienne/w/x_https___akenefly_fr_meteo_.html
a64c01ca171a58a6	321698	docs/oisans_maurienne/w/x_https___parapentealpedhuez_com_blog_.html
1689b19fcca5aba2	4163	docs/oisans_maurienne/w/zeb.html
069771ad64137c5f	112098	docs/oisans_maurienne/web2/12e582.html
1689b19fcca5aba2	4163	docs/oisans_maurienne/web2/1eeb66.html
e21b65728b462f70	2209	docs/oisans_maurienne/web2/9049a4.html
67a06d5d96530ed0	42647	docs/oisans_maurienne/web2/cd271a.html
b92e1b6d7ad16668	925213	docs/oisans_maurienne/web2/cirkwi_turra.html
900701089cd14cd5	384907	docs/oisans_maurienne/web2/fc8944.html
e211a496260a5d6e	73948	docs/oisans_maurienne/web2/grandgalibier.html
36dcfee8bd7b87a3	162459	docs/oisans_maurienne/web2/spots.html
2fef54e979f0c1cb	114306	docs/oisans_maurienne/web2/syride_turra.html
4c33a177a4fe0fbb	5742	docs/oisans_maurienne/web2/tich2014.html
ee8012ae19287741	4614909	docs/oisans_maurienne/web2/toposite_vol1.pdf
854406dd3b31e398	24792	docs/oisans_maurienne/web2/toposite_vol1.txt
fd9b87e45a53be6a	3144	docs/oisans_maurienne/wiki.out
dd3dd7f9a07e85b3	2821	docs/oisans_maurienne/wiki.py
770ec15b3e34e2e2	3720	docs/oisans_maurienne/wiki_coords.json
4f263358db66eb2b	28632	docs/oisans_maurienne/zones_eviter.kml
6eac119f9737de2c	1872904	docs/provence_maritimes/adla_clubdoc20.pdf
d3b9a400f8875322	27055	docs/provence_maritimes/adla_clubdoc20.txt
07c39994a5ce4d9a	110371	docs/provence_maritimes/adla_home.html
aeb80bddc6eb4008	55821	docs/provence_maritimes/adla_p_balises.html
f32ceaffebe1ef14	91611	docs/provence_maritimes/adla_p_les-sites-de-vol.html
c9fd69e7fe8d3d53	73664	docs/provence_maritimes/adla_p_les-vols-de-distance.html
b71c94202d84e4f8	70164	docs/provence_maritimes/adla_p_recits.html
72380580ab2ebcfc	57293	docs/provence_maritimes/adla_p_securite.html
34557fd84af1cb6f	62943	docs/provence_maritimes/adla_p_vents.html
31eee57bcd844335	906983	docs/provence_maritimes/adla_recits/2012-07-28-SJDB-Cisse.pdf
b716ec6ec7d023bb	3622	docs/provence_maritimes/adla_recits/2012-07-28-SJDB-Cisse.txt
8af05ed575034dae	763685	docs/provence_maritimes/adla_recits/2013-03-31-SJDB-LBDL.pdf
6a93835401358b5d	3935	docs/provence_maritimes/adla_recits/2013-03-31-SJDB-LBDL.txt
5781a82ca1f2996f	1503254	docs/provence_maritimes/adla_recits/2013-06-26-Chaudefonds-sur-Les-sables.pdf
caadf3d73271842b	11008	docs/provence_maritimes/adla_recits/2013-06-26-Chaudefonds-sur-Les-sables.txt
a0d51ac37527ab96	1725287	docs/provence_maritimes/adla_recits/2013-07-20-Jarzay-Dompierre.pdf
fe5026990563a03d	5861	docs/provence_maritimes/adla_recits/2013-07-20-Jarzay-Dompierre.txt
a5c482e86fab9d78	692051	docs/provence_maritimes/adla_recits/20130414-Mon-premier-cross-Fourneby-Saint-André.pdf
9b837ce27408c3c8	6941	docs/provence_maritimes/adla_recits/20130414-Mon-premier-cross-Fourneby-Saint-André.txt
1a972d6e24a4d428	2075235	docs/provence_maritimes/adla_recits/2014-03-Alsace-en-hiver.pdf
48785b705b522055	2853	docs/provence_maritimes/adla_recits/2014-03-Alsace-en-hiver.txt
f1ca40c12ca9f491	1443866	docs/provence_maritimes/adla_recits/2014-05-05-Bleine-Montblanc.pdf
6c96d58fe3b5370b	7367	docs/provence_maritimes/adla_recits/2014-05-05-Bleine-Montblanc.txt
f4ce1ee2f20ece7b	1822065	docs/provence_maritimes/adla_recits/2014-05-18-Gourdon-Mezel.pdf
2bb40a4de4f97336	10694	docs/provence_maritimes/adla_recits/2014-05-18-Gourdon-Mezel.txt
ae4df96b79777fa7	1855655	docs/provence_maritimes/adla_recits/2014-05-24-Bleine-Galibier.pdf
29e6013e22292958	8812	docs/provence_maritimes/adla_recits/2014-05-24-Bleine-Galibier.txt
53e948280f16787c	2172690	docs/provence_maritimes/adla_recits/2014-06-11-Cheiron-Bay.pdf
19a4f34b5ec8bf9c	3884	docs/provence_maritimes/adla_recits/2014-06-11-Cheiron-Bay.txt
8eec85b7d34dd677	2314652	docs/provence_maritimes/adla_recits/2014-06-12-Cheiron-Thorame.pdf
84cef2b75f80ee79	3003	docs/provence_maritimes/adla_recits/2014-06-12-Cheiron-Thorame.txt
3365c7573e017365	2134538	docs/provence_maritimes/adla_recits/2014-08-24-Treh-Freiburg.pdf
0f827c928bf19aab	3260	docs/provence_maritimes/adla_recits/2014-08-24-Treh-Freiburg.txt
bf26e9f6fcd14e14	2500462	docs/provence_maritimes/adla_recits/2015-02-02-Gourdon-Escarene.pdf
3ac3e7019dbc14ec	2863	docs/provence_maritimes/adla_recits/2015-02-02-Gourdon-Escarene.txt
070afdae4dc60ffb	996859	docs/provence_maritimes/adla_recits/BleineDormillouseThorame29aout2008DavidBriois.pdf
f38da370b026c0b5	8580	docs/provence_maritimes/adla_recits/BleineDormillouseThorame29aout2008DavidBriois.txt
45be563036fdbcf0	634865	docs/provence_maritimes/adla_recits/Bruno1.pdf
a2fbc53e9560016d	7181	docs/provence_maritimes/adla_recits/Bruno1.txt
83fc74c8c09d8781	74963	docs/provence_maritimes/adla_recits/Capelet.pdf
d6cf3fac6374ce07	5530	docs/provence_maritimes/adla_recits/Capelet.txt
7f01e7515daec0c7	236228	docs/provence_maritimes/adla_recits/EricGignoux01.pdf
6170dc4f98f70709	4857	docs/provence_maritimes/adla_recits/EricGignoux01.txt
4930a5132938d394	436790	docs/provence_maritimes/adla_recits/JMF1.pdf
ca9eefab49497f9a	6257	docs/provence_maritimes/adla_recits/JMF1.txt
35882c96b90a7242	197256	docs/provence_maritimes/adla_recits/JMF2.pdf
25b96a5e434da4a6	4357	docs/provence_maritimes/adla_recits/JMF2.txt
f203c7ea10869871	192780	docs/provence_maritimes/adla_recits/JMF3.pdf
8a037f4d66b999cd	7019	docs/provence_maritimes/adla_recits/JMF3.txt
d5ecdb792d74536c	904856	docs/provence_maritimes/adla_recits/LesBaous16Janvier2009DavidBriois.pdf
bb6a79246964321c	7434	docs/provence_maritimes/adla_recits/LesBaous16Janvier2009DavidBriois.txt
be2e117573daea43	557173	docs/provence_maritimes/adla_recits/NicolasFabre02.pdf
dcc5c1debb710258	2135	docs/provence_maritimes/adla_recits/NicolasFabre02.txt
dab448c9d3741306	424106	docs/provence_maritimes/adla_recits/NicolasFabre03.pdf
9ece1ce44e6a541b	2321	docs/provence_maritimes/adla_recits/NicolasFabre03.txt
7f330df3296b687e	452739	docs/provence_maritimes/adla_recits/NicolasFabreStandreOrcieresMai2005.pdf
3611ea0a6162cfb2	4076	docs/provence_maritimes/adla_recits/NicolasFabreStandreOrcieresMai2005.txt
dbaa63758ccca327	23000	docs/provence_maritimes/adla_recits/OlivierRodde1.pdf
fa0daac1a291aa74	9340	docs/provence_maritimes/adla_recits/OlivierRodde1.txt
fb53b3396fef4a6e	25313	docs/provence_maritimes/adla_recits/OlivierRodde2.pdf
b5718f0907736ee2	11291	docs/provence_maritimes/adla_recits/OlivierRodde2.txt
3ec355b7521e046f	78106	docs/provence_maritimes/adla_recits/Parapentor_Alain1.pdf
f9891f8197dd1d9c	2909	docs/provence_maritimes/adla_recits/Parapentor_Alain1.txt
2d2beeef5f95c7ed	2701668	docs/provence_maritimes/adla_recits/Parapentor_Alain2.pdf
5f6a15194d5e1c3a	9859	docs/provence_maritimes/adla_recits/Parapentor_Alain2.txt
617aae4902131037	1101060	docs/provence_maritimes/adla_recits/Parapentor_Alain3.pdf
ab8ba6cc92f14e9e	5712	docs/provence_maritimes/adla_recits/Parapentor_Alain3.txt
8e684b98cc9c033c	17373	docs/provence_maritimes/adla_recits/RecitDavidBriois22avril2006.pdf
a77f614d8af248f3	2387	docs/provence_maritimes/adla_recits/RecitDavidBriois22avril2006.txt
a0279cad43640d54	92035	docs/provence_maritimes/adla_recits/RecitThierryGuillard22avril2006.pdf
353a055992afdb4f	5937	docs/provence_maritimes/adla_recits/RecitThierryGuillard22avril2006.txt
0456f3ed694b15c9	2515849	docs/provence_maritimes/adla_recits/Rqb_SanStef_22022014.pdf
4853e6e64b63f187	12783	docs/provence_maritimes/adla_recits/Rqb_SanStef_22022014.txt
b04a7f5b08e04d80	877757	docs/provence_maritimes/adla_recits/christian_couloumy_parc_des_ecrins_vol_libre_et_rapaces.pdf
7060584c3e59f0b2	2	docs/provence_maritimes/adla_recits/christian_couloumy_parc_des_ecrins_vol_libre_et_rapaces.txt
9ecdc78d77265118	1187832	docs/provence_maritimes/adla_recits/gilles_jacqueline_20110409-fourneby.pdf
8d38f72e8805569e	17746	docs/provence_maritimes/adla_recits/gilles_jacqueline_20110409-fourneby.txt
0b06e5808fbf281c	645329	docs/provence_maritimes/adla_recits/gilles_jacqueline_20110416_stmarcel.pdf
6041222d359187e4	23853	docs/provence_maritimes/adla_recits/gilles_jacqueline_20110416_stmarcel.txt
7263d90ffbee6c7c	138021	docs/provence_maritimes/adla_recits/gilles_jacqueline_BleyneDigneBleyne.pdf
2030bbcf1ce78aff	15517	docs/provence_maritimes/adla_recits/gilles_jacqueline_BleyneDigneBleyne.txt
90942818c6b84144	370986	docs/provence_maritimes/adla_recits/gilles_jacqueline_StAndreMontDauphin.pdf
b33273cca0787c6a	15565	docs/provence_maritimes/adla_recits/gilles_jacqueline_StAndreMontDauphin.txt
14d79f228230b11f	25378	docs/provence_maritimes/adla_recits/jerome_canaud_ACONCAGUA2007.pdf
142ea4785d4b9726	16859	docs/provence_maritimes/adla_recits/jerome_canaud_ACONCAGUA2007.txt
5b1313980d8da550	20652155	docs/provence_maritimes/adla_recits/jerome_canaud_jeromeairtour.pdf
6d0d94a3182587ad	43462	docs/provence_maritimes/adla_recits/jerome_canaud_jeromeairtour.txt
b507d1a9aeecc415	1030714	docs/provence_maritimes/adla_recits/jm_fernandez_Parapente2mai2008Annecy.pdf
b31b2558a96e0b75	8485	docs/provence_maritimes/adla_recits/jm_fernandez_Parapente2mai2008Annecy.txt
e79f9c257dd38721	370328	docs/provence_maritimes/adla_recits/jm_fernandez_RecitJeanMi22avril2006.pdf
f371a6380eb1aea5	5660	docs/provence_maritimes/adla_recits/jm_fernandez_RecitJeanMi22avril2006.txt
c9129c45beb4e02e	1001085	docs/provence_maritimes/adla_recits/jm_fernandez_RecitStAndreDormillouse24mai2010.pdf
fb9e1c39fc16fe6f	9721	docs/provence_maritimes/adla_recits/jm_fernandez_RecitStAndreDormillouse24mai2010.txt
0881af6e7ef077da	2910147	docs/provence_maritimes/adla_recits/jm_fernandez_recit-small-bivouac.pdf
4d4170eec1c4243f	9699	docs/provence_maritimes/adla_recits/jm_fernandez_recit-small-bivouac.txt
01e96488d3b83baf	7473444	docs/provence_maritimes/adla_recits/jm_fernandez_recitairtour.pdf
50a727b0964c23e1	36752	docs/provence_maritimes/adla_recits/jm_fernandez_recitairtour.txt
ace1cd72fc66911f	52367	docs/provence_maritimes/adla_recits/joseph_demore_montblanc_joseph.pdf
1e2c8ef399c3adbf	9087	docs/provence_maritimes/adla_recits/joseph_demore_montblanc_joseph.txt
a962255abb2dfb3d	5207	docs/provence_maritimes/adla_recits/list.txt
fcfd3e57e24feb12	1007649	docs/provence_maritimes/adla_recits/luc_armant_Clubchamousillon.pdf
5c2f58cb631ad5cf	3355	docs/provence_maritimes/adla_recits/luc_armant_Clubchamousillon.txt
5d04165024408695	144378	docs/provence_maritimes/adla_recits/luc_armant_Colombie2013.pdf
cc9ee6e9fae7e9fa	54108	docs/provence_maritimes/adla_recits/luc_armant_Colombie2013.txt
89a3ba85e0949726	5253144	docs/provence_maritimes/adla_recits/luc_armant_HimalayaVolBivCCM.pdf
27fb73f24455834f	73	docs/provence_maritimes/adla_recits/luc_armant_HimalayaVolBivCCM.txt
6052f6c2d0c43e6f	59824	docs/provence_maritimes/adla_recits/luc_armant_Luc22.pdf
9c63fa5536fb3eb1	10120	docs/provence_maritimes/adla_recits/luc_armant_Luc22.txt
5158812c25e13677	227688	docs/provence_maritimes/adla_recits/luc_armant_Luc23.pdf
cc4c9a3ba41f0028	8371	docs/provence_maritimes/adla_recits/luc_armant_Luc23.txt
3d677e84bdc3962a	758061	docs/provence_maritimes/adla_recits/luc_armant_Luc24.pdf
c9add91caca3da52	8419	docs/provence_maritimes/adla_recits/luc_armant_Luc24.txt
82777b8978acdb55	97223	docs/provence_maritimes/adla_recits/luc_armant_Luc25.pdf
98a0378cbc752c13	1183	docs/provence_maritimes/adla_recits/luc_armant_Luc25.txt
a0ef4c1ca0b7ea8a	243032	docs/provence_maritimes/adla_recits/luc_armant_Luc26.pdf
2607dbcf7ab3f32f	3631	docs/provence_maritimes/adla_recits/luc_armant_Luc26.txt
51fe43769a672a44	189839	docs/provence_maritimes/adla_recits/luc_armant_RecitLucArmant22avril2006.pdf
e2b0f2bdda42ed62	12934	docs/provence_maritimes/adla_recits/luc_armant_RecitLucArmant22avril2006.txt
520d09278acde374	3702630	docs/provence_maritimes/adla_recits/luc_armant_StoryBivHimal.pdf
fa5c943cb6e04d73	60127	docs/provence_maritimes/adla_recits/luc_armant_StoryBivHimal.txt
80e4be37ba9a383d	223149	docs/provence_maritimes/adla_recits/luc_armant_luc28.pdf
3436cbdfd523be92	2465	docs/provence_maritimes/adla_recits/luc_armant_luc28.txt
a28c17544a17fa86	273582	docs/provence_maritimes/adla_recits/luc_armant_luc29.pdf
fd6dff2ca3b1614d	11066	docs/provence_maritimes/adla_recits/luc_armant_luc29.txt
d4d23551eb099507	251496	docs/provence_maritimes/adla_recits/luc_armant_luc30.pdf
8376810aae809db7	5645	docs/provence_maritimes/adla_recits/luc_armant_luc30.txt
706188973c2f92c3	267358	docs/provence_maritimes/adla_recits/luc_armant_luc31.pdf
ea7009d84f329635	7867	docs/provence_maritimes/adla_recits/luc_armant_luc31.txt
afb2c71efc51c7a0	100442	docs/provence_maritimes/adla_recits/luc_armant_luc32.pdf
8d3927aaab991f87	2196	docs/provence_maritimes/adla_recits/luc_armant_luc32.txt
848e955b9df93927	121681	docs/provence_maritimes/adla_recits/luc_armant_luc33.pdf
f5a3df495b1283e7	8370	docs/provence_maritimes/adla_recits/luc_armant_luc33.txt
df48c632ec21e179	6371798	docs/provence_maritimes/adla_recits/pascal_salvi_2009-03-18-bleine-isola.pdf
a6e88a6a5885333c	10257	docs/provence_maritimes/adla_recits/pascal_salvi_2009-03-18-bleine-isola.txt
1135bc34cd3d929a	5862749	docs/provence_maritimes/adla_recits/pascal_salvi_2009-07-16-standre-courchevel.pdf
bef6fcdcb8788410	15154	docs/provence_maritimes/adla_recits/pascal_salvi_2009-07-16-standre-courchevel.txt
a0064d74785eaee0	1473260	docs/provence_maritimes/adla_recits/pascal_salvi_2011-03-25-SaintAndre-Briancon.pdf
31d93c9ba0a46706	3566	docs/provence_maritimes/adla_recits/pascal_salvi_2011-03-25-SaintAndre-Briancon.txt
ea422c200a780947	293287	docs/provence_maritimes/adla_recits/pascal_salvi_2011-04-01-SaintAndre-Dormi-StEtienneTinee.pdf
f63483f93f154248	5849	docs/provence_maritimes/adla_recits/pascal_salvi_2011-04-01-SaintAndre-Dormi-StEtienneTinee.txt
86d0992475168c4d	3815765	docs/provence_maritimes/adla_recits/pascal_salvi_2011-08-10-colmiane-gelas-tende.pdf
ca63388a3f32ae63	7602	docs/provence_maritimes/adla_recits/pascal_salvi_2011-08-10-colmiane-gelas-tende.txt
f3a86b91a07fca44	358709	docs/provence_maritimes/adla_recits/pascal_salvi_2012-03-24-vial-sthon-menton.pdf
af7c0fd60839b92d	7183	docs/provence_maritimes/adla_recits/pascal_salvi_2012-03-24-vial-sthon-menton.txt
f413899d2f3511f0	607252	docs/provence_maritimes/adla_recits/pelvoux-Gignoux-98.pdf
8d49f6e3cfc62eda	105	docs/provence_maritimes/adla_recits/pelvoux-Gignoux-98.txt
e784b2f0a48e8663	272200	docs/provence_maritimes/adla_recits/philippejean1.pdf
809cc53a30866f4f	6801	docs/provence_maritimes/adla_recits/philippejean1.txt
379d4c2cdd158ff1	163013	docs/provence_maritimes/adla_recits/pierre_lauziere_expedition.pdf
8850697f31f46d0b	8203	docs/provence_maritimes/adla_recits/pierre_lauziere_expedition.txt
beef89593d69c515	284299	docs/provence_maritimes/adla_recits/pierre_lauziere_recitpierrelauzieremontblanc2004.pdf
0456ac3d167d8093	7115	docs/provence_maritimes/adla_recits/pierre_lauziere_recitpierrelauzieremontblanc2004.txt
0addbabb300475dd	19611	docs/provence_maritimes/adla_recits/recit18aout2007.pdf
727870ede223be11	9450	docs/provence_maritimes/adla_recits/recit18aout2007.txt
bc505a2e6eabeb30	15321	docs/provence_maritimes/adla_recits/recitnicolasfresnel22avril2006.pdf
3d710fa8dbb0e85c	7192	docs/provence_maritimes/adla_recits/recitnicolasfresnel22avril2006.txt
d86afb162eb54bf3	20332	docs/provence_maritimes/adla_recits/valerie_donius_Valerie1.pdf
0793772a8e3d704e	6547	docs/provence_maritimes/adla_recits/valerie_donius_Valerie1.txt
4ae6050a100c020d	1018254	docs/provence_maritimes/adla_recits/valerie_donius_Valerie2.pdf
89b749ae14ce3920	25425	docs/provence_maritimes/adla_recits/valerie_donius_Valerie2.txt
d4e8e4d38557563b	227290	docs/provence_maritimes/adla_recits/valerie_donius_Valerie3.pdf
b4f94aace5bb61a4	2575	docs/provence_maritimes/adla_recits/valerie_donius_Valerie3.txt
6aed74e25280ca7e	76796	docs/provence_maritimes/adla_recits/valerie_donius_club15.pdf
1b9dfb8564730524	5516	docs/provence_maritimes/adla_recits/valerie_donius_club15.txt
43e606e0f38dd167	61311	docs/provence_maritimes/adla_recits/valerie_donius_club17.pdf
686eb44872f48cb4	1885	docs/provence_maritimes/adla_recits/valerie_donius_club17.txt
ca583e3dea1f4014	128795	docs/provence_maritimes/adla_recits/valerie_donius_valerie3D.pdf
ce0b405648f6377f	3346	docs/provence_maritimes/adla_recits/valerie_donius_valerie3D.txt
8f9ff6f1b4795e38	102248	docs/provence_maritimes/adla_recits/valerie_donius_valerie6D.pdf
5b1d1e8d1dc53602	208	docs/provence_maritimes/adla_recits/valerie_donius_valerie6D.txt
8a9c73d5a157285e	293410	docs/provence_maritimes/adla_recits/valerie_donius_valerie7.pdf
a09754d1d8482450	4660	docs/provence_maritimes/adla_recits/valerie_donius_valerie7.txt
79273231cebf85bb	1245852	docs/provence_maritimes/adla_recits/valerie_donius_valerie8.pdf
8b29456d5c05e6d0	14173	docs/provence_maritimes/adla_recits/valerie_donius_valerie8.txt
751022f1190561e7	314952	docs/provence_maritimes/adla_recits/victor_berchet_Victor20050525.pdf
e1090594de8a35ac	3894	docs/provence_maritimes/adla_recits/victor_berchet_Victor20050525.txt
e78ba6d1c437644a	1015130	docs/provence_maritimes/adla_recits/victor_berchet_Victor20050528.pdf
503ec897e5d585fb	1655	docs/provence_maritimes/adla_recits/victor_berchet_Victor20050528.txt
69878b092655b865	421329	docs/provence_maritimes/adla_recits/victor_berchet_Victor20050830.pdf
fff725b417013c90	4194	docs/provence_maritimes/adla_recits/victor_berchet_Victor20050830.txt
b7ee1936bc6b6366	472678	docs/provence_maritimes/adla_recits/victor_berchet_Victor20050903.pdf
b81d1039467afdf2	5433	docs/provence_maritimes/adla_recits/victor_berchet_Victor20050903.txt
c27d46b954005b88	375994	docs/provence_maritimes/adla_recits/victor_berchet_Victor20060613.pdf
122e10f586bbf664	10791	docs/provence_maritimes/adla_recits/victor_berchet_Victor20060613.txt
aeff71f0a17267e7	1746813	docs/provence_maritimes/adla_recits/victor_berchet_Victor20060623.pdf
1a2e46eca5cf05c8	19015	docs/provence_maritimes/adla_recits/victor_berchet_Victor20060623.txt
c00a8c41c0228d80	567162	docs/provence_maritimes/adla_recits/victor_berchet_Victor20060701.pdf
06bb80aad7ebcf34	6163	docs/provence_maritimes/adla_recits/victor_berchet_Victor20060701.txt
582c75df716036d7	762	docs/provence_maritimes/adla_sitemap.xml
f32ceaffebe1ef14	91611	docs/provence_maritimes/adla_sites.html
56007e344e25371e	2276	docs/provence_maritimes/adla_sm_posts-page-1.xml
1c1da00a24a4d737	10108	docs/provence_maritimes/adla_sm_posts-post-1.xml
1f37b7093cc7cdea	54283	docs/provence_maritimes/adla_sm_posts-post-2.xml
f7c16ad2a922af47	54288	docs/provence_maritimes/adla_sm_posts-post-3.xml
4b0424352938f75c	9582627	docs/provence_maritimes/adla_vaches.pdf
55912834dcaf080f	22633	docs/provence_maritimes/adla_vaches.txt
56007e344e25371e	2276	docs/provence_maritimes/adla_wp-sitemap-posts-page-1.xml
582c75df716036d7	762	docs/provence_maritimes/adla_wp-sitemap.xml
2aa144a7d8d8aed2	259858	docs/provence_maritimes/aerogliss_atterro.html
21860308905aeb21	270127	docs/provence_maritimes/aerogliss_infos-navette.html
aa2e82ce2fa560f5	295632	docs/provence_maritimes/aerogliss_infos-pilotes.html
8323b626ca9d0e86	287810	docs/provence_maritimes/aerogliss_infos-pratiques.html
157ab832f71a0fee	284816	docs/provence_maritimes/aerogliss_meteo-parapente.html
89c3fcf1eb58b5bd	264998	docs/provence_maritimes/aerogliss_saint-andre-les-alpes.html
bde08f72c85f94dd	307772	docs/provence_maritimes/aerogliss_site.html
ad7c715a7a4d1e3e	282436	docs/provence_maritimes/aerogliss_tutoriels.html
e885218e0014941c	234069	docs/provence_maritimes/ail_gorges-du-loup.html
dc0079449a4ffa94	300648	docs/provence_maritimes/ail_parapente-vence.html
62b03d67230b9abb	298318	docs/provence_maritimes/ail_parapente_vol-ascendant.html
3b698fdcb9495b3a	172761	docs/provence_maritimes/ail_site-ailements.html
2e5144ac13937819	409192	docs/provence_maritimes/ailements_home.html
e3b0c44298fc1c14	0	docs/provence_maritimes/cdvl06_pnm.html
f0bf3063a9d90747	218685	docs/provence_maritimes/chvd_chalvet.html
e37b0fcea65afb52	760859	docs/provence_maritimes/courpatas.html
4a6f141b5bf5c546	4079	docs/provence_maritimes/cvl/04-01.html
629bdedaa3d67502	1864	docs/provence_maritimes/cvl/04-02.html
f3ba6d331abec302	2686	docs/provence_maritimes/cvl/04-03.html
9cefb7baafeb9ce5	3806	docs/provence_maritimes/cvl/04-04.html
ad4020f6f72b3661	7943	docs/provence_maritimes/cvl/04-05.html
f76d5f0029896eb2	7254	docs/provence_maritimes/cvl/04-06.html
e515d92af24b70b6	2032	docs/provence_maritimes/cvl/04-07.html
b9f289b86eb47194	2226	docs/provence_maritimes/cvl/04-08.html
edc032adf99c026a	4183	docs/provence_maritimes/cvl/04-09.html
e8c0648ba18f404b	2409	docs/provence_maritimes/cvl/04-10.html
5e6bf0e647128f63	2677	docs/provence_maritimes/cvl/04-11.html
64a4d9d4949f9da7	5769	docs/provence_maritimes/cvl/04-12.html
b44c40a9ca0bee09	1747	docs/provence_maritimes/cvl/04-13.html
b3250d0046a6433f	4060	docs/provence_maritimes/cvl/04-14.html
33e8f85a7136ee88	3951	docs/provence_maritimes/cvl/06-01.html
6249aa170fd63d81	5023	docs/provence_maritimes/cvl/06-02.html
886b4b938560d970	2503	docs/provence_maritimes/cvl/06-03.html
e2e46e9444ff273e	10825	docs/provence_maritimes/cvl/06-04.html
abbcb2daeb3f4ac6	5944	docs/provence_maritimes/cvl/06-05.html
68c7544ba50bf984	3076	docs/provence_maritimes/cvl/06-06.html
19d5d9899e81544a	3218	docs/provence_maritimes/cvl/06-07.html
8936bca3bf02a606	3412	docs/provence_maritimes/cvl/06-08.html
3e16893dbb31fc4b	4337	docs/provence_maritimes/cvl/06-09.html
3509814bfa0f6e95	2386	docs/provence_maritimes/cvl/06-10.html
f3ba6d331abec302	2686	docs/provence_maritimes/cvl_04_03.html
67694369be3dc144	41011	docs/provence_maritimes/cvl_all.txt
441ae58c2e830917	82464	docs/provence_maritimes/ffvl_area_details.txt
73b3ad6ae786d1c3	5689	docs/provence_maritimes/ffvl_pnm.html
9af457701a0e9f97	37016	docs/provence_maritimes/flyappi.html
0f79feb069e1bb94	32427	docs/provence_maritimes/flyappi_greolieres.html
9265f165c1725dd5	906124	docs/provence_maritimes/flystandre_1.html
b8822185c15992c1	892573	docs/provence_maritimes/flystandre_2.html
2fdd6e37326f4622	909086	docs/provence_maritimes/flystandre_3.html
a8cbe1758a88da60	892870	docs/provence_maritimes/flystandre_4.html
3830e02ea308345b	896524	docs/provence_maritimes/flystandre_5.html
ad08a88742a2497b	44054	docs/provence_maritimes/flystandre_cdx.txt
43959f984073ea72	36908	docs/provence_maritimes/hautlesmains.html
de9c8eeb7791126b	403466	docs/provence_maritimes/img/adla/club20-01.png
43c1849b2770090d	114354	docs/provence_maritimes/img/adla/club20-02.png
fbac94cd45ce26d0	273916	docs/provence_maritimes/img/adla/club20-03.png
c963a06b09e5175c	270681	docs/provence_maritimes/img/adla/club20-04.png
0660fde46969fa99	431083	docs/provence_maritimes/img/adla/club20-05.png
da798723f3fd6e94	214860	docs/provence_maritimes/img/adla/club20-06.png
b22e2a978e5f95d4	154599	docs/provence_maritimes/img/adla/club20-07.png
431f872c0b45fa79	308369	docs/provence_maritimes/img/adla/club20-08.png
6e6da021a206b90c	399575	docs/provence_maritimes/img/adla/club20-09.png
614beeea423de857	360517	docs/provence_maritimes/img/adla/club20-10.png
52c7f2e30aed5cab	400062	docs/provence_maritimes/img/adla/club20-11.png
c0b14afcac4a4b0b	409361	docs/provence_maritimes/img/adla/club20-12.png
924467ccc7967883	324935	docs/provence_maritimes/img/adla/club20-13.png
b1ccbbe67c9a9c24	405939	docs/provence_maritimes/img/adla/club20-14.png
9a5cfe70925fef43	422939	docs/provence_maritimes/img/adla/club20-15.png
ae54fe515842f721	475348	docs/provence_maritimes/img/adla/club20-16.png
08a5a2e386544322	287602	docs/provence_maritimes/img/adla/club20-17.png
a7e73703fc79ac35	112797	docs/provence_maritimes/img/adla/club20-18.png
6478a54b406f198d	271736	docs/provence_maritimes/img/bleine-morgon2.jpg
59aeaf4f41ccbbba	799389	docs/provence_maritimes/img/fs_3d3ea7643fb54d748eaa0be6df95b0e7.png
a43872dcd339bb96	807235	docs/provence_maritimes/img/fs_7fac093697f8411e9f85cc418cf5a60b.png
16403ca3a7649f3c	731749	docs/provence_maritimes/img/fs_8452a008ee62413d9405d66fbf3743c2.png
80c01355ed44f14d	909205	docs/provence_maritimes/img/fs_c268c9b69704466eb677fad2beb14bf8.png
07d6310c91401afe	819445	docs/provence_maritimes/img/fs_df978b5e0afc40f08e967d7e8fb73254.png
4860ee30eee73a13	817803	docs/provence_maritimes/img/fs_f8515df947e94dadabc36772e3b90e7f.png
499a7918fd3348bf	29153	docs/provence_maritimes/img/fs_fed2ddaebb0a4e768b94eea91ea6f6af.png
dceca51ea74c6ffa	805575	docs/provence_maritimes/img/fs_ff5dbdc9bbdd43868257c7e2769aa3e8.png
c9851c25e29406f0	10680	docs/provence_maritimes/lachens.html
f39b4e694b66672b	63801	docs/provence_maritimes/mnf/2011-03-10-la-colmiane-sospel.html
fe1a36b59ce6ae0a	3497	docs/provence_maritimes/mnf/2011-03-10-la-colmiane-sospel.txt
2a3e81fcafa01a1c	64998	docs/provence_maritimes/mnf/2011-05-21-bleine-moustiers-traumas-fai.html
a34d86c98d51262c	3760	docs/provence_maritimes/mnf/2011-05-21-bleine-moustiers-traumas-fai.txt
bdf1cd2e7678125a	72692	docs/provence_maritimes/mnf/2013-03-21-gourdon-roquebrune.html
eb1e582f90020b73	10185	docs/provence_maritimes/mnf/2013-03-21-gourdon-roquebrune.txt
c6c459d2932b394b	64684	docs/provence_maritimes/mnf/2013-07-16-sospel-isolabona-fai.html
4b8e9246a462ab54	4036	docs/provence_maritimes/mnf/2013-07-16-sospel-isolabona-fai.txt
56e45f7e18fa033e	67590	docs/provence_maritimes/mnf/2013-07-23-fourneuby-teillon-st-cezaire-fai.html
ae76fab43e1a2c75	6083	docs/provence_maritimes/mnf/2013-07-23-fourneuby-teillon-st-cezaire-fai.txt
69d479aaf985bb92	75447	docs/provence_maritimes/mnf/2014-09-03-saint-andre-morgon-jausiers-triangle.html
fc3db8b39e2997c7	9536	docs/provence_maritimes/mnf/2014-09-03-saint-andre-morgon-jausiers-triangle.txt
28b3cd866899886a	85433	docs/provence_maritimes/mnf/2015-01-20-roquebrune-st-vallier-de-thiey.html
7cc9a6c005f6850f	13390	docs/provence_maritimes/mnf/2015-01-20-roquebrune-st-vallier-de-thiey.txt
7eff4565a43d98bc	64706	docs/provence_maritimes/mnf/2015-02-26-gourdon-aiglun-vial-bouyon-greo-gourdon.html
76017a970b58f019	3458	docs/provence_maritimes/mnf/2015-02-26-gourdon-aiglun-vial-bouyon-greo-gourdon.txt
f002ebb34562cc7a	65141	docs/provence_maritimes/mnf/2015-03-06-gourdon-falicon-ar.html
26b2aaf196b93d51	4571	docs/provence_maritimes/mnf/2015-03-06-gourdon-falicon-ar.txt
ec8d687159190ef9	86783	docs/provence_maritimes/mnf/2015-05-27-sospel-levens-rochetta.html
4d8c8f356a2d343b	12123	docs/provence_maritimes/mnf/2015-05-27-sospel-levens-rochetta.txt
0d819787730e4b7f	79866	docs/provence_maritimes/mnf/2015-07-14-sospel-colmiane-roquebrune-pendant-la-xalps.html
1db496d511f4a2d1	10201	docs/provence_maritimes/mnf/2015-07-14-sospel-colmiane-roquebrune-pendant-la-xalps.txt
d69807d940fd48ab	82464	docs/provence_maritimes/mnf/2016-03-18-nice-allos-briancon.html
f66156b80604b8b4	14380	docs/provence_maritimes/mnf/2016-03-18-nice-allos-briancon.txt
4eaf88c2c112cc19	80969	docs/provence_maritimes/mnf/2016-05-20-nice-thorame-ar.html
ce5c49e5de090c92	13141	docs/provence_maritimes/mnf/2016-05-20-nice-thorame-ar.txt
daffac3d02aad85d	84100	docs/provence_maritimes/mnf/2017-04-20-tourrettes-peille-grasse-ar.html
be07d8a3bc6817ab	13443	docs/provence_maritimes/mnf/2017-04-20-tourrettes-peille-grasse-ar.txt
a3cd47faa5963e51	83373	docs/provence_maritimes/mnf/2018-03-26-remontee-de-l-esteron.html
1bc8962bc5544aa8	14024	docs/provence_maritimes/mnf/2018-03-26-remontee-de-l-esteron.txt
054be5ae1e25885e	88281	docs/provence_maritimes/mnf/2019-04-29-tsl-esteron-clans-colmiane-st-honorat-bleine-greo.html
9cdda71a5c6e0095	13598	docs/provence_maritimes/mnf/2019-04-29-tsl-esteron-clans-colmiane-st-honorat-bleine-greo.txt
6e62046f12e4e3ae	72767	docs/provence_maritimes/mnf/2019-09-11-tsl-gourdon-baou-de-la-gaude-sans-un-virage.html
66bd0b2cee055402	10734	docs/provence_maritimes/mnf/2019-09-11-tsl-gourdon-baou-de-la-gaude-sans-un-virage.txt
d0970cd9205b06c3	97632	docs/provence_maritimes/mnf/2021-09-13-tsl-colmiane-ferion-greo-les-neiges.html
8a6af7a3d2f375c1	11828	docs/provence_maritimes/mnf/2021-09-13-tsl-colmiane-ferion-greo-les-neiges.txt
43d331bf9917b6be	109684	docs/provence_maritimes/mynice_rqb.html
4fff9ebc1e014e8d	36149	docs/provence_maritimes/orig_provence_maritimes.json
9e8d149c02b9ab77	695	docs/provence_maritimes/osm_ff.json
78d38ec36afb233c	968	docs/provence_maritimes/osm_para.json
6a05742daf61ea63	103615	docs/provence_maritimes/ozone_col-de-bleine.html
6d69357044edeae6	103373	docs/provence_maritimes/ozone_gourdon.html
32e18294dd29ab53	64666	docs/provence_maritimes/ozone_gourdon_next.txt
3bea7ce6f296cf1e	103564	docs/provence_maritimes/ozone_greolieres.html
c987da6a68ccd5a1	152700	docs/provence_maritimes/ozone_wb.html
e705e9ca18e1f2d0	149341	docs/provence_maritimes/ozone_wb_auron.html
3c68e3acbd43ba8c	153925	docs/provence_maritimes/ozone_wb_col-de-bleyne.html
7d1bfc2f5ef5766a	136827	docs/provence_maritimes/ozone_wb_eze.html
dea0dbb2f88e5abc	153281	docs/provence_maritimes/ozone_wb_gourdon.html
c987da6a68ccd5a1	152700	docs/provence_maritimes/ozone_wb_greolieres.html
ade105a8003def0e	152507	docs/provence_maritimes/ozone_wb_la-colmiane.html
0ee291a60e0c80c1	154562	docs/provence_maritimes/ozone_wb_lachens.html
950dd250aa393e97	143782	docs/provence_maritimes/ozone_wb_main.html
742581406dac8201	151471	docs/provence_maritimes/ozone_wb_moustiers.html
a587ab08ef2ba9a8	138848	docs/provence_maritimes/ozone_wb_roquebrune-mont-gros.html
dab1ab6092d7780a	151563	docs/provence_maritimes/ozone_wb_sospel.html
d03c9aeb164e8e3c	142556	docs/provence_maritimes/ozone_wb_st-andre-les-alpes.html
6a656c71119c996f	150813	docs/provence_maritimes/ozone_wb_tende.html
e96b7463e0b178cc	70165	docs/provence_maritimes/pge_21277.html
a1f82fb7c9ebf565	81201	docs/provence_maritimes/pge_around.json
6c291ec65bf83492	2147	docs/provence_maritimes/pge_around_b.json
22655b78e60fcb11	1004	docs/provence_maritimes/pge_one.json
4a435450e23af7eb	102204	docs/provence_maritimes/pge_region.xml
f82971ddbb02a802	3762	docs/provence_maritimes/pi/ahp_sites.txt
9450b02928de00be	4440	docs/provence_maritimes/pi/allos.txt
7b3aecd8eeadf8a8	8781	docs/provence_maritimes/pi/antibes.txt
67e3742ef71cce6b	92959	docs/provence_maritimes/pi/b16.html
e78d4c8f7f0b5c79	15070	docs/provence_maritimes/pi/banon.txt
5c42fa9fda73c877	3619	docs/provence_maritimes/pi/baou.txt
f328a34e1e494730	3856	docs/provence_maritimes/pi/bivouac_verdon.txt
59b354fde7516a07	3946	docs/provence_maritimes/pi/bleine.txt
f30f1259768edb11	122	docs/provence_maritimes/pi/boards.json
9ed49ace908b0fe3	4393	docs/provence_maritimes/pi/burdignes.txt
0ad93a48ec464f53	3945	docs/provence_maritimes/pi/castellane.txt
1d97d5ffefcb31c6	12174	docs/provence_maritimes/pi/chabanon.txt
e4f16dc5d58f863b	7162	docs/provence_maritimes/pi/colmiane.txt
8e04ffbcfebc6652	11774	docs/provence_maritimes/pi/cross_stvincent_standre.txt
08d1954fb42bd581	3610	docs/provence_maritimes/pi/digne_randovol.txt
9a7515c25559d1ba	6238	docs/provence_maritimes/pi/digne_terres_noires.txt
d600bc4baa838a48	3905	docs/provence_maritimes/pi/foux.txt
8483e0d8119321ac	9748	docs/provence_maritimes/pi/gache.txt
fdbd66f4acbc1a2a	23112	docs/provence_maritimes/pi/gourdon_imp.txt
9b0206187121387a	5675	docs/provence_maritimes/pi/gourdon_inf.txt
31fad6547062529e	5060	docs/provence_maritimes/pi/grasse.txt
a93806b090002817	4129	docs/provence_maritimes/pi/grasse_nimes.txt
9d8e0326577f0081	9010	docs/provence_maritimes/pi/greolieres.txt
606c511052388b77	5603	docs/provence_maritimes/pi/haut_verdon.txt
db363801e4654aca	8859	docs/provence_maritimes/pi/haute_durance.txt
2672627d9c841585	3622	docs/provence_maritimes/pi/isola.txt
177b0f414a6d03aa	8615	docs/provence_maritimes/pi/isola_chalet.txt
3805578e485506e1	3783	docs/provence_maritimes/pi/mercantour.txt
fd264b0cb835d038	16586	docs/provence_maritimes/pi/moustiers.txt
348a4b9aa8b49aad	8591	docs/provence_maritimes/pi/nice.txt
a178ab65b98956a3	6352	docs/provence_maritimes/pi/oraison.txt
a3cad0436228dd26	4498	docs/provence_maritimes/pi/roquebrune_cross.txt
baa9b139b83033ac	18361	docs/provence_maritimes/pi/roquebrune_volerinfo.txt
e5acf3ef3e09345d	12097	docs/provence_maritimes/pi/scrape.log
c74a15573143e2fa	1075	docs/provence_maritimes/pi/scrape.py
334519266f419e6b	11627	docs/provence_maritimes/pi/sisteron.txt
0fba5e7c01b75843	6182	docs/provence_maritimes/pi/sites04pdf.txt
50821eb085f2404d	15802	docs/provence_maritimes/pi/sites06.txt
36d888e59855aba5	4622	docs/provence_maritimes/pi/sospel.txt
8260b11ec531f29c	4910	docs/provence_maritimes/pi/stage_cross.txt
e3e7a8b41ebae002	7160	docs/provence_maritimes/pi/standre.txt
4ac9d9e667ec2eed	4043	docs/provence_maritimes/pi/standre_marsavril.txt
160b95d9c27e5b96	7366	docs/provence_maritimes/pi/sumiou.txt
eb54fc5f1a3e1028	1621	docs/provence_maritimes/pi/topic.py
9779e60c573a4618	554100	docs/provence_maritimes/pi/topics.json
d5c5f3fb786e0170	508	docs/provence_maritimes/pi/v.py
f449d2c8e8b5dec6	96666	docs/provence_maritimes/pi_forum.html
41a286788860f3ac	14653	docs/provence_maritimes/pi_home.html
28faef992c9ebae6	7976	docs/provence_maritimes/ro2g_valberg_beuil.txt
18ac1081d3e738c0	4512	docs/provence_maritimes/roquebrunailes.html
c392cb183ed0daed	1984872	docs/provence_maritimes/sensitive.json
2b180dbe5937c221	3781787	docs/provence_maritimes/sensitive_all.json
b3a867c32e12eb0b	4636	docs/provence_maritimes/sospel_meteo.html
ca49ff091f1fb3ad	6625	docs/provence_maritimes/sospel_sites.html
1c945d78f489137b	3595	docs/provence_maritimes/sospel_tma.html
4afa1b76430fe5d9	6750	docs/provence_maritimes/sospelvl.html
d2414f6c7c32e1ce	874371	docs/provence_maritimes/spirit_home.html
2b7080e96489ac64	704	docs/provence_maritimes/thermo.html
5b9cad4b121726e7	253226	docs/provence_maritimes/ultimate_standre.html
aa1a4e6b81cb397e	5389	docs/provence_maritimes/x_https___flyingnomad_fr__.html
ba580407f877a31f	702031	docs/provence_maritimes/x_https___isola2000_com__.html
23bb06b77d983395	297446	docs/provence_maritimes/x_https___voyageursduciel_com__.html
30b9775312214bfd	8992	docs/provence_maritimes/x_https___www_imaginair_fr__.html
6d4f799c6443b796	196090	docs/provence_maritimes/x_https___www_valberg_com__.html
112ddc1383469d7d	145229	docs/provence_maritimes/xcmag_greolieres.html
3e8fd5b018ab875e	139677	docs/provence_maritimes/xcmag_southalps.html
3815eb97a547cc47	160952	docs/provence_maritimes/xcmag_standre.html
6ea9d9f1ac3d5afb	35731	docs/secteurs_minces/11547630.html
ac4d650a4540291f	4745	docs/secteurs_minces/11547630.txt
e3b0c44298fc1c14	0	docs/secteurs_minces/5f6ee36d.txt
894811a6d84495cd	86332	docs/secteurs_minces/6182c953.html
fbdbd0acad57be6f	2203	docs/secteurs_minces/6182c953.txt
8994e662f16186bf	285747	docs/secteurs_minces/a447503d.html
04faf672974ac954	8997	docs/secteurs_minces/a447503d.txt
e0e0b18c56c3abcb	81905	docs/secteurs_minces/aec_chalais.html
f14ea73bd6745f8c	109913	docs/secteurs_minces/aec_chalais.kml
a320b32d3a055883	93965	docs/secteurs_minces/aec_chalais2.html
e3b0c44298fc1c14	0	docs/secteurs_minces/c3017b97.txt
e96133e8543588c4	29594	docs/secteurs_minces/cdf_chal.html
2d76f3491e4913e7	36812	docs/secteurs_minces/cdf_home.html
3a840e20935fe54e	223971	docs/secteurs_minces/choc_topo.html
d05b6f8d4ba81cef	74647	docs/secteurs_minces/enverg.html
5bb0ce61adcb5b96	4034	docs/secteurs_minces/enverg.txt
38950cefd13cd14a	162461	docs/secteurs_minces/enverg_spots.html
76a1e77945a7f6b0	16721	docs/secteurs_minces/enverg_spots.txt
934a147829b9dfa8	80899	docs/secteurs_minces/esi_home.html
ef8369aecb5a4c39	60897	docs/secteurs_minces/esi_site-de-connex.html
0c0a17a29fd65b79	72088	docs/secteurs_minces/esi_site-de-courtet.html
894a4c5ae12a80a0	68784	docs/secteurs_minces/esi_site-de-la-tete-de-vache.html
0edc6ab4340c591a	71378	docs/secteurs_minces/esi_site-de-laffrey-2.html
a0683d3952e7f087	70860	docs/secteurs_minces/esi_site-du-colombier.html
ec3991c21922ab7c	69369	docs/secteurs_minces/esi_site-du-jas-doris.html
d40a1623388fd57c	138793	docs/secteurs_minces/explore_maur.html
7f784608c7fac586	4955	docs/secteurs_minces/explore_maur.txt
29ffd0292841b4b4	115046	docs/secteurs_minces/f005691a.html
d1cbdb73f0553b69	2702	docs/secteurs_minces/f005691a.txt
f0da256fe2506490	5761	docs/secteurs_minces/ffvl13474.html
501b3bd4856da93d	392	docs/secteurs_minces/fille.html
75a11da44c802486	2	docs/secteurs_minces/fille.txt
8f4d1b33c9a812df	37826	docs/secteurs_minces/hlm.html
733ad54b60341897	831769	docs/secteurs_minces/lenvair.html
ad307cb65152033b	3374	docs/secteurs_minces/lenvair.txt
9765e1eb3bf5fd58	801474	docs/secteurs_minces/lenvair_infos.html
2b22498eb44d45fc	2918	docs/secteurs_minces/lenvair_infos.txt
4365683885981378	911125	docs/secteurs_minces/lenvair_voler.html
9587a64f3d722f2c	4204	docs/secteurs_minces/lenvair_voler.txt
6a92cba4a7a1fb83	87102	docs/secteurs_minces/pal_bapteme.html
46875628a7b3c89d	2403	docs/secteurs_minces/pal_bapteme.txt
70340c56820c7c20	86671	docs/secteurs_minces/pal_home.html
d090f70bacbfe3bd	2009	docs/secteurs_minces/pal_home.txt
cb00b47a798ae51e	12574	docs/secteurs_minces/pge_maur.json
b010e969cbc3112d	88316	docs/secteurs_minces/sba_5bf464.html
43b181a0e05ccee5	1977	docs/secteurs_minces/sba_5bf464.txt
42fa6359ed6e7d52	86942	docs/secteurs_minces/sba_8bddd3.html
4ccb1713b644df3a	701	docs/secteurs_minces/sba_8bddd3.txt
20e41e546edbdb89	4791	docs/secteurs_minces/sfl.kmz
2a5993f4b28938a2	172427	docs/secteurs_minces/sfl2024.pdf
c219818a7f5603e8	2463	docs/secteurs_minces/sfl2024.txt
148a784a3fddcdcb	39958	docs/secteurs_minces/sfl_kmz/doc.kml
bacd7f40d7406a00	87969	docs/secteurs_minces/vr_colle-lazzara.html
9aedb481363ffd87	86704	docs/secteurs_minces/vr_home.html
a185ccfd55660025	87838	docs/secteurs_minces/vr_le-grange.html
2527f48201ea5bf2	86043	docs/secteurs_minces/vr_prali.html
a078fad9dc809a9b	88795	docs/secteurs_minces/vr_punta-ceresa.html
d7735caa92d95e76	85849	docs/secteurs_minces/vr_sarsena.html
83f63cba93458d06	85719	docs/secteurs_minces/vr_sea-di-torre.html
3ce6411fa6aea06a	1212361	docs/secteurs_minces/yt_croixfer.html
bde08f72c85f94dd	307772	docs/synoptic_convergences_xc/aerogliss.html
22b703aa40af9929	6467	docs/synoptic_convergences_xc/aerogliss.txt
2fa62a641994a554	143476	docs/synoptic_convergences_xc/airbuech.html
809532f08f64c946	7278	docs/synoptic_convergences_xc/airbuech.txt
e74c73ea16e062f6	223794	docs/synoptic_convergences_xc/amv.html
b395a001f21633ac	10647	docs/synoptic_convergences_xc/amv.txt
7cb781d469083f69	37063	docs/synoptic_convergences_xc/ata.pdf
9f398cb5a059550f	44646	docs/synoptic_convergences_xc/ata_doc.html
8c7cd6d7339b4313	52856	docs/synoptic_convergences_xc/ata_home.html
63a7248bb89f597d	4711	docs/synoptic_convergences_xc/ata_try.bin
645f7f6f7fb0421f	217783	docs/synoptic_convergences_xc/aulv360.html
2b30202e3535fe25	3610	docs/synoptic_convergences_xc/aulv360.txt
2887d4394ef0f414	332202	docs/synoptic_convergences_xc/bauges_meteo.html
18c61c8c94e5b58c	15441	docs/synoptic_convergences_xc/bauges_meteo.txt
e5bde8e2ea692f07	523282	docs/synoptic_convergences_xc/beaugey336.html
c080c7a216138d06	2368	docs/synoptic_convergences_xc/beaugey336.txt
4be64666e5329f56	105099	docs/synoptic_convergences_xc/bise.html
f67100607099a088	6079	docs/synoptic_convergences_xc/bise.txt
1efe66cd820ddfd9	253060	docs/synoptic_convergences_xc/bluehouse201.html
0374bad90a1d689d	11029	docs/synoptic_convergences_xc/bluehouse201.txt
1e0db19d241eaace	13891	docs/synoptic_convergences_xc/briffe/[Content_Types].xml
3cabac7cb0922dda	738	docs/synoptic_convergences_xc/briffe/_rels/.rels
71e08b14d40f6a0e	5046	docs/synoptic_convergences_xc/briffe/docProps/app.xml
4e0b4a89b470e126	687	docs/synoptic_convergences_xc/briffe/docProps/core.xml
f8da775cb4052036	11738	docs/synoptic_convergences_xc/briffe/docProps/thumbnail.jpeg
6433fe5e291f6e99	11810	docs/synoptic_convergences_xc/briffe/ppt/_rels/presentation.xml.rels
3e74d4d0c83e8007	261662	docs/synoptic_convergences_xc/briffe/ppt/media/hdphoto1.wdp
301023967435c0fb	549505	docs/synoptic_convergences_xc/briffe/ppt/media/image1.png
d1506ccff750c3d4	198254	docs/synoptic_convergences_xc/briffe/ppt/media/image10.jpeg
242eea939b69c149	395692	docs/synoptic_convergences_xc/briffe/ppt/media/image11.jpeg
64c55200b051745b	233024	docs/synoptic_convergences_xc/briffe/ppt/media/image12.jpeg
5ae4753101021716	2542404	docs/synoptic_convergences_xc/briffe/ppt/media/image13.png
665d962ba37e8adf	2602927	docs/synoptic_convergences_xc/briffe/ppt/media/image14.png
da9fa2cf7496b3f6	290845	docs/synoptic_convergences_xc/briffe/ppt/media/image15.jpeg
39cee56e05012c4a	162863	docs/synoptic_convergences_xc/briffe/ppt/media/image16.png
2d0d6f76cd21b019	235446	docs/synoptic_convergences_xc/briffe/ppt/media/image17.jpeg
2ad6432b7e11a3b3	305155	docs/synoptic_convergences_xc/briffe/ppt/media/image18.jpeg
651926433be72956	296475	docs/synoptic_convergences_xc/briffe/ppt/media/image19.jpg
eff528c85ca18ee7	3497419	docs/synoptic_convergences_xc/briffe/ppt/media/image2.png
528eb8f9d4b2d200	314714	docs/synoptic_convergences_xc/briffe/ppt/media/image20.jpeg
cb039a05e1096ca8	1655438	docs/synoptic_convergences_xc/briffe/ppt/media/image21.png
045899488391fd5c	3507783	docs/synoptic_convergences_xc/briffe/ppt/media/image22.png
69a3715d6e17566a	2275658	docs/synoptic_convergences_xc/briffe/ppt/media/image23.png
934b9472edcb5b17	3496589	docs/synoptic_convergences_xc/briffe/ppt/media/image24.png
f47460a43a2f58f5	256844	docs/synoptic_convergences_xc/briffe/ppt/media/image25.jpeg
1561b742ba67afb0	260900	docs/synoptic_convergences_xc/briffe/ppt/media/image26.jpeg
19704324c459b781	228540	docs/synoptic_convergences_xc/briffe/ppt/media/image27.jpeg
c944f67d4d48e6e0	2201077	docs/synoptic_convergences_xc/briffe/ppt/media/image28.png
d2a8bf05f7b507a5	3403112	docs/synoptic_convergences_xc/briffe/ppt/media/image29.png
78f06dfc826405cd	3162114	docs/synoptic_convergences_xc/briffe/ppt/media/image3.png
2a3daaa065c7cbd9	358057	docs/synoptic_convergences_xc/briffe/ppt/media/image30.jpeg
01b2f90cdbd6e25c	371069	docs/synoptic_convergences_xc/briffe/ppt/media/image31.jpeg
72618d9187a096b9	342606	docs/synoptic_convergences_xc/briffe/ppt/media/image32.jpeg
da99cb0dc51c37a4	508534	docs/synoptic_convergences_xc/briffe/ppt/media/image33.jpeg
f3ccc98ff1536b9f	2511635	docs/synoptic_convergences_xc/briffe/ppt/media/image34.png
05be0277c4a761b0	2634502	docs/synoptic_convergences_xc/briffe/ppt/media/image35.png
c54baec02a33f443	2651987	docs/synoptic_convergences_xc/briffe/ppt/media/image36.png
ea1762d559a0aa51	2869208	docs/synoptic_convergences_xc/briffe/ppt/media/image37.png
a91c63c6f310d796	2331558	docs/synoptic_convergences_xc/briffe/ppt/media/image38.png
4b92aa1ef3b17d69	2766537	docs/synoptic_convergences_xc/briffe/ppt/media/image39.png
e981a1e96ab03b43	2507125	docs/synoptic_convergences_xc/briffe/ppt/media/image4.png
1e1bf86f5d25010e	3797800	docs/synoptic_convergences_xc/briffe/ppt/media/image40.png
b003fe92f12e536d	2011990	docs/synoptic_convergences_xc/briffe/ppt/media/image41.png
0d0391820f4272bc	287395	docs/synoptic_convergences_xc/briffe/ppt/media/image42.jpeg
e4726c3ea8e978b7	325875	docs/synoptic_convergences_xc/briffe/ppt/media/image43.jpeg
d92f02879ea63985	2742216	docs/synoptic_convergences_xc/briffe/ppt/media/image44.png
ceab074ccce1cad4	2507851	docs/synoptic_convergences_xc/briffe/ppt/media/image45.png
d0100be667c29571	1732330	docs/synoptic_convergences_xc/briffe/ppt/media/image46.png
37db4e4dd00121ae	2744674	docs/synoptic_convergences_xc/briffe/ppt/media/image47.png
eb7a882e618b64d8	375586	docs/synoptic_convergences_xc/briffe/ppt/media/image48.jpeg
45646597e6ad006c	277637	docs/synoptic_convergences_xc/briffe/ppt/media/image49.jpeg
2179fb17fffbde3c	238336	docs/synoptic_convergences_xc/briffe/ppt/media/image5.jpeg
854afb87ffbef1dd	246244	docs/synoptic_convergences_xc/briffe/ppt/media/image50.jpeg
b77ba92e27fe9e04	170817	docs/synoptic_convergences_xc/briffe/ppt/media/image51.jpeg
9cc9e3d6d2d52ce7	212158	docs/synoptic_convergences_xc/briffe/ppt/media/image6.png
01430b916637a229	165173	docs/synoptic_convergences_xc/briffe/ppt/media/image7.jpeg
8f916c6313cfee4f	412157	docs/synoptic_convergences_xc/briffe/ppt/media/image8.jpeg
3f1c5fc5bd32bc6f	266097	docs/synoptic_convergences_xc/briffe/ppt/media/image9.jpeg
c900da93a4de8bad	292	docs/synoptic_convergences_xc/briffe/ppt/notesMasters/_rels/notesMaster1.xml.rels
5eb09ab0a0a42525	7759	docs/synoptic_convergences_xc/briffe/ppt/notesMasters/notesMaster1.xml
b42af61236cda9ea	649	docs/synoptic_convergences_xc/briffe/ppt/presProps.xml
50297f1bc191618d	5814	docs/synoptic_convergences_xc/briffe/ppt/presentation.xml
74bd1752d2e053a5	9894	docs/synoptic_convergences_xc/briffe/ppt/printerSettings/printerSettings1.bin
8246d333bf3764cd	311	docs/synoptic_convergences_xc/briffe/ppt/slideLayouts/_rels/slideLayout1.xml.rels
8246d333bf3764cd	311	docs/synoptic_convergences_xc/briffe/ppt/slideLayouts/_rels/slideLayout10.xml.rels
8246d333bf3764cd	311	docs/synoptic_convergences_xc/briffe/ppt/slideLayouts/_rels/slideLayout11.xml.rels
8246d333bf3764cd	311	docs/synoptic_convergences_xc/briffe/ppt/slideLayouts/_rels/slideLayout2.xml.rels
8246d333bf3764cd	311	docs/synoptic_convergences_xc/briffe/ppt/slideLayouts/_rels/slideLayout3.xml.rels
8246d333bf3764cd	311	docs/synoptic_convergences_xc/briffe/ppt/slideLayouts/_rels/slideLayout4.xml.rels
8246d333bf3764cd	311	docs/synoptic_convergences_xc/briffe/ppt/slideLayouts/_rels/slideLayout5.xml.rels
8246d333bf3764cd	311	docs/synoptic_convergences_xc/briffe/ppt/slideLayouts/_rels/slideLayout6.xml.rels
8246d333bf3764cd	311	docs/synoptic_convergences_xc/briffe/ppt/slideLayouts/_rels/slideLayout7.xml.rels
8246d333bf3764cd	311	docs/synoptic_convergences_xc/briffe/ppt/slideLayouts/_rels/slideLayout8.xml.rels
8246d333bf3764cd	311	docs/synoptic_convergences_xc/briffe/ppt/slideLayouts/_rels/slideLayout9.xml.rels
7f298c9e93be235d	4430	docs/synoptic_convergences_xc/briffe/ppt/slideLayouts/slideLayout1.xml
9e4a70609048096e	3111	docs/synoptic_convergences_xc/briffe/ppt/slideLayouts/slideLayout10.xml
25c7269a695e5eae	3335	docs/synoptic_convergences_xc/briffe/ppt/slideLayouts/slideLayout11.xml
122f3e89f574938a	3054	docs/synoptic_convergences_xc/briffe/ppt/slideLayouts/slideLayout2.xml
8f49f422c4a29aa6	4515	docs/synoptic_convergences_xc/briffe/ppt/slideLayouts/slideLayout3.xml
9b7d7733cbfb5e6a	4850	docs/synoptic_convergences_xc/briffe/ppt/slideLayouts/slideLayout4.xml
f3f9f0b107585253	7417	docs/synoptic_convergences_xc/briffe/ppt/slideLayouts/slideLayout5.xml
7c9d526fd8830906	2274	docs/synoptic_convergences_xc/briffe/ppt/slideLayouts/slideLayout6.xml
076db352d219832d	1939	docs/synoptic_convergences_xc/briffe/ppt/slideLayouts/slideLayout7.xml
c37f0b5f61d9c8f3	4920	docs/synoptic_convergences_xc/briffe/ppt/slideLayouts/slideLayout8.xml
03bc5de91089d7d7	4738	docs/synoptic_convergences_xc/briffe/ppt/slideLayouts/slideLayout9.xml
15c02d81ee438624	1991	docs/synoptic_convergences_xc/briffe/ppt/slideMasters/_rels/slideMaster1.xml.rels
cd9279125535234e	12084	docs/synoptic_convergences_xc/briffe/ppt/slideMasters/slideMaster1.xml
e125c916ff3118a8	311	docs/synoptic_convergences_xc/briffe/ppt/slides/_rels/slide1.xml.rels
73a517efa93d4490	446	docs/synoptic_convergences_xc/briffe/ppt/slides/_rels/slide10.xml.rels
73a517efa93d4490	446	docs/synoptic_convergences_xc/briffe/ppt/slides/_rels/slide11.xml.rels
0fe17cc9cc36df36	311	docs/synoptic_convergences_xc/briffe/ppt/slides/_rels/slide12.xml.rels
5b332a1305862251	447	docs/synoptic_convergences_xc/briffe/ppt/slides/_rels/slide13.xml.rels
0fe17cc9cc36df36	311	docs/synoptic_convergences_xc/briffe/ppt/slides/_rels/slide14.xml.rels
4a972575f2fbe67c	447	docs/synoptic_convergences_xc/briffe/ppt/slides/_rels/slide15.xml.rels
4a972575f2fbe67c	447	docs/synoptic_convergences_xc/briffe/ppt/slides/_rels/slide16.xml.rels
077cfc3ea15a6e89	447	docs/synoptic_convergences_xc/briffe/ppt/slides/_rels/slide17.xml.rels
0fe17cc9cc36df36	311	docs/synoptic_convergences_xc/briffe/ppt/slides/_rels/slide18.xml.rels
d7db4f16a6a72d5d	448	docs/synoptic_convergences_xc/briffe/ppt/slides/_rels/slide19.xml.rels
0fe17cc9cc36df36	311	docs/synoptic_convergences_xc/briffe/ppt/slides/_rels/slide2.xml.rels
5191c03e5b6d784a	448	docs/synoptic_convergences_xc/briffe/ppt/slides/_rels/slide20.xml.rels
4f1a55ee23cc56c5	448	docs/synoptic_convergences_xc/briffe/ppt/slides/_rels/slide21.xml.rels
0fe17cc9cc36df36	311	docs/synoptic_convergences_xc/briffe/ppt/slides/_rels/slide22.xml.rels
e1b973fcabec6bcf	447	docs/synoptic_convergences_xc/briffe/ppt/slides/_rels/slide23.xml.rels
0fe17cc9cc36df36	311	docs/synoptic_convergences_xc/briffe/ppt/slides/_rels/slide24.xml.rels
4958e066de39b6d1	447	docs/synoptic_convergences_xc/briffe/ppt/slides/_rels/slide25.xml.rels
4958e066de39b6d1	447	docs/synoptic_convergences_xc/briffe/ppt/slides/_rels/slide26.xml.rels
4958e066de39b6d1	447	docs/synoptic_convergences_xc/briffe/ppt/slides/_rels/slide27.xml.rels
ee7e0712a1360449	448	docs/synoptic_convergences_xc/briffe/ppt/slides/_rels/slide28.xml.rels
0fe17cc9cc36df36	311	docs/synoptic_convergences_xc/briffe/ppt/slides/_rels/slide29.xml.rels
0fe17cc9cc36df36	311	docs/synoptic_convergences_xc/briffe/ppt/slides/_rels/slide3.xml.rels
0fe17cc9cc36df36	311	docs/synoptic_convergences_xc/briffe/ppt/slides/_rels/slide30.xml.rels
0fe17cc9cc36df36	311	docs/synoptic_convergences_xc/briffe/ppt/slides/_rels/slide31.xml.rels
0fe17cc9cc36df36	311	docs/synoptic_convergences_xc/briffe/ppt/slides/_rels/slide32.xml.rels
0fe17cc9cc36df36	311	docs/synoptic_convergences_xc/briffe/ppt/slides/_rels/slide33.xml.rels
1b9d21ff5ea2317b	447	docs/synoptic_convergences_xc/briffe/ppt/slides/_rels/slide34.xml.rels
0fe17cc9cc36df36	311	docs/synoptic_convergences_xc/briffe/ppt/slides/_rels/slide35.xml.rels
c7a3f9f341a9277f	448	docs/synoptic_convergences_xc/briffe/ppt/slides/_rels/slide36.xml.rels
d6ba25f7cd42be59	448	docs/synoptic_convergences_xc/briffe/ppt/slides/_rels/slide37.xml.rels
0fe17cc9cc36df36	311	docs/synoptic_convergences_xc/briffe/ppt/slides/_rels/slide38.xml.rels
f7128939b1ae3d6d	447	docs/synoptic_convergences_xc/briffe/ppt/slides/_rels/slide39.xml.rels
05c87e002eca6d08	446	docs/synoptic_convergences_xc/briffe/ppt/slides/_rels/slide4.xml.rels
0fe17cc9cc36df36	311	docs/synoptic_convergences_xc/briffe/ppt/slides/_rels/slide40.xml.rels
0fe17cc9cc36df36	311	docs/synoptic_convergences_xc/briffe/ppt/slides/_rels/slide41.xml.rels
0fe17cc9cc36df36	311	docs/synoptic_convergences_xc/briffe/ppt/slides/_rels/slide42.xml.rels
88b688b29a526604	574	docs/synoptic_convergences_xc/briffe/ppt/slides/_rels/slide43.xml.rels
0fe17cc9cc36df36	311	docs/synoptic_convergences_xc/briffe/ppt/slides/_rels/slide44.xml.rels
0fe17cc9cc36df36	311	docs/synoptic_convergences_xc/briffe/ppt/slides/_rels/slide45.xml.rels
868dcdd2189b407d	447	docs/synoptic_convergences_xc/briffe/ppt/slides/_rels/slide46.xml.rels
8e0e4710efd624c0	447	docs/synoptic_convergences_xc/briffe/ppt/slides/_rels/slide47.xml.rels
c6555c6dd043f736	447	docs/synoptic_convergences_xc/briffe/ppt/slides/_rels/slide48.xml.rels
fa513f0be13ea119	447	docs/synoptic_convergences_xc/briffe/ppt/slides/_rels/slide49.xml.rels
73a517efa93d4490	446	docs/synoptic_convergences_xc/briffe/ppt/slides/_rels/slide5.xml.rels
00b1303b7c2448e8	448	docs/synoptic_convergences_xc/briffe/ppt/slides/_rels/slide50.xml.rels
499a1cb058708e80	448	docs/synoptic_convergences_xc/briffe/ppt/slides/_rels/slide51.xml.rels
84b24b3abf43335a	448	docs/synoptic_convergences_xc/briffe/ppt/slides/_rels/slide52.xml.rels
20c72e9c29ee848a	447	docs/synoptic_convergences_xc/briffe/ppt/slides/_rels/slide53.xml.rels
f5c4ba3c39c5f8b2	447	docs/synoptic_convergences_xc/briffe/ppt/slides/_rels/slide54.xml.rels
09469decc580dd45	448	docs/synoptic_convergences_xc/briffe/ppt/slides/_rels/slide55.xml.rels
d09613784d9c877f	448	docs/synoptic_convergences_xc/briffe/ppt/slides/_rels/slide56.xml.rels
871833c676344fb7	448	docs/synoptic_convergences_xc/briffe/ppt/slides/_rels/slide57.xml.rels
7f19abfe2c2c59a9	448	docs/synoptic_convergences_xc/briffe/ppt/slides/_rels/slide58.xml.rels
d013b2f2900f7fc9	447	docs/synoptic_convergences_xc/briffe/ppt/slides/_rels/slide59.xml.rels
416655635c482cf1	446	docs/synoptic_convergences_xc/briffe/ppt/slides/_rels/slide6.xml.rels
7f5a506f95beaded	447	docs/synoptic_convergences_xc/briffe/ppt/slides/_rels/slide60.xml.rels
e2e517a4443644e5	447	docs/synoptic_convergences_xc/briffe/ppt/slides/_rels/slide61.xml.rels
fcf79192f99dfadc	447	docs/synoptic_convergences_xc/briffe/ppt/slides/_rels/slide62.xml.rels
f462a88279756d6b	447	docs/synoptic_convergences_xc/briffe/ppt/slides/_rels/slide63.xml.rels
0fe17cc9cc36df36	311	docs/synoptic_convergences_xc/briffe/ppt/slides/_rels/slide64.xml.rels
0ffcf2e4b4211b9b	447	docs/synoptic_convergences_xc/briffe/ppt/slides/_rels/slide65.xml.rels
874edd34d828ffa0	447	docs/synoptic_convergences_xc/briffe/ppt/slides/_rels/slide66.xml.rels
90d7bed58f73c38e	447	docs/synoptic_convergences_xc/briffe/ppt/slides/_rels/slide67.xml.rels
55c1f29918a6680f	448	docs/synoptic_convergences_xc/briffe/ppt/slides/_rels/slide68.xml.rels
c9a5f156c4e52347	448	docs/synoptic_convergences_xc/briffe/ppt/slides/_rels/slide69.xml.rels
05c3f031b815257c	446	docs/synoptic_convergences_xc/briffe/ppt/slides/_rels/slide7.xml.rels
a1cc1dcc5e010566	447	docs/synoptic_convergences_xc/briffe/ppt/slides/_rels/slide70.xml.rels
d908d7f6de55d8e2	447	docs/synoptic_convergences_xc/briffe/ppt/slides/_rels/slide71.xml.rels
7281861bdca3cfcf	447	docs/synoptic_convergences_xc/briffe/ppt/slides/_rels/slide72.xml.rels
0fe17cc9cc36df36	311	docs/synoptic_convergences_xc/briffe/ppt/slides/_rels/slide73.xml.rels
fa60c9d1e8b65841	447	docs/synoptic_convergences_xc/briffe/ppt/slides/_rels/slide74.xml.rels
0fe17cc9cc36df36	311	docs/synoptic_convergences_xc/briffe/ppt/slides/_rels/slide75.xml.rels
1e2d8c85565d2053	448	docs/synoptic_convergences_xc/briffe/ppt/slides/_rels/slide76.xml.rels
b428f57323a90ebf	448	docs/synoptic_convergences_xc/briffe/ppt/slides/_rels/slide77.xml.rels
fda9bc8539448235	448	docs/synoptic_convergences_xc/briffe/ppt/slides/_rels/slide78.xml.rels
f39765b12fe8db71	448	docs/synoptic_convergences_xc/briffe/ppt/slides/_rels/slide79.xml.rels
212ed008ea55a64b	447	docs/synoptic_convergences_xc/briffe/ppt/slides/_rels/slide8.xml.rels
6faaab28ad255ba6	446	docs/synoptic_convergences_xc/briffe/ppt/slides/_rels/slide9.xml.rels
5e3caa2a72abf3af	1948	docs/synoptic_convergences_xc/briffe/ppt/slides/slide1.xml
566d87e79b2da18f	29017	docs/synoptic_convergences_xc/briffe/ppt/slides/slide10.xml
42ad1639316b8a43	33041	docs/synoptic_convergences_xc/briffe/ppt/slides/slide11.xml
ab7601cb7dfe4baa	41021	docs/synoptic_convergences_xc/briffe/ppt/slides/slide12.xml
738621d3a92aafd2	1616	docs/synoptic_convergences_xc/briffe/ppt/slides/slide13.xml
0a26a19608f7cfb8	1265	docs/synoptic_convergences_xc/briffe/ppt/slides/slide14.xml
0ebb5d09fdda84dc	10407	docs/synoptic_convergences_xc/briffe/ppt/slides/slide15.xml
8305676a83b48d7f	8573	docs/synoptic_convergences_xc/briffe/ppt/slides/slide16.xml
5e13213db6e8cdc0	3981	docs/synoptic_convergences_xc/briffe/ppt/slides/slide17.xml
72bc3be98cedde35	1248	docs/synoptic_convergences_xc/briffe/ppt/slides/slide18.xml
782153b6b69e386a	16747	docs/synoptic_convergences_xc/briffe/ppt/slides/slide19.xml
4c0942b2f0b72217	2119	docs/synoptic_convergences_xc/briffe/ppt/slides/slide2.xml
0c093e46f50f39b0	2962	docs/synoptic_convergences_xc/briffe/ppt/slides/slide20.xml
2ab25279a863bd44	10864	docs/synoptic_convergences_xc/briffe/ppt/slides/slide21.xml
00cc1a8b0f202245	3406	docs/synoptic_convergences_xc/briffe/ppt/slides/slide22.xml
c0f4beecd1d1bda5	76779	docs/synoptic_convergences_xc/briffe/ppt/slides/slide23.xml
2fd46a9639291780	1247	docs/synoptic_convergences_xc/briffe/ppt/slides/slide24.xml
44d7547f88a19847	17743	docs/synoptic_convergences_xc/briffe/ppt/slides/slide25.xml
40e8b53f492cf675	16856	docs/synoptic_convergences_xc/briffe/ppt/slides/slide26.xml
6a45a7dc40b245e1	19659	docs/synoptic_convergences_xc/briffe/ppt/slides/slide27.xml
dc4f8f174e71ccb1	3284	docs/synoptic_convergences_xc/briffe/ppt/slides/slide28.xml
c28cc0dba30f8d35	1361	docs/synoptic_convergences_xc/briffe/ppt/slides/slide29.xml
36d299c9ae4b6fac	2341	docs/synoptic_convergences_xc/briffe/ppt/slides/slide3.xml
fb2135b3c94c0a40	121421	docs/synoptic_convergences_xc/briffe/ppt/slides/slide30.xml
53957c839fea2e92	184935	docs/synoptic_convergences_xc/briffe/ppt/slides/slide31.xml
c4e3a8d0238b63c9	124997	docs/synoptic_convergences_xc/briffe/ppt/slides/slide32.xml
5a3a0d1d6ebcdb5a	223248	docs/synoptic_convergences_xc/briffe/ppt/slides/slide33.xml
79a5151f2b64dcad	223691	docs/synoptic_convergences_xc/briffe/ppt/slides/slide34.xml
5fbc24e6a4c0497e	1256	docs/synoptic_convergences_xc/briffe/ppt/slides/slide35.xml
75ce220a0f56bc36	2531	docs/synoptic_convergences_xc/briffe/ppt/slides/slide36.xml
f4e9dd48fc54b238	6025	docs/synoptic_convergences_xc/briffe/ppt/slides/slide37.xml
9c7ceb5fb5d83ebf	1553	docs/synoptic_convergences_xc/briffe/ppt/slides/slide38.xml
99c0855fbb894a55	2309	docs/synoptic_convergences_xc/briffe/ppt/slides/slide39.xml
1c54a76ecda3ad6c	3809	docs/synoptic_convergences_xc/briffe/ppt/slides/slide4.xml
e7670a0e49ac7db5	1262	docs/synoptic_convergences_xc/briffe/ppt/slides/slide40.xml
abfc1a596823f535	90535	docs/synoptic_convergences_xc/briffe/ppt/slides/slide41.xml
d83a4dbb6242a748	1246	docs/synoptic_convergences_xc/briffe/ppt/slides/slide42.xml
e473e89ab54be4b5	2940	docs/synoptic_convergences_xc/briffe/ppt/slides/slide43.xml
fbc8dbd5103a3c8e	74739	docs/synoptic_convergences_xc/briffe/ppt/slides/slide44.xml
eb3ce9cbf68ae64d	1806	docs/synoptic_convergences_xc/briffe/ppt/slides/slide45.xml
549ea6913e3bb8fb	47834	docs/synoptic_convergences_xc/briffe/ppt/slides/slide46.xml
06700bb8ee6a1e98	47821	docs/synoptic_convergences_xc/briffe/ppt/slides/slide47.xml
5aeb1c80092ed505	24036	docs/synoptic_convergences_xc/briffe/ppt/slides/slide48.xml
7675e0a8fb9f652e	24043	docs/synoptic_convergences_xc/briffe/ppt/slides/slide49.xml
7be18689b369e3b8	21300	docs/synoptic_convergences_xc/briffe/ppt/slides/slide5.xml
79d2acc749b5b4d8	1674	docs/synoptic_convergences_xc/briffe/ppt/slides/slide50.xml
e54f59eeb841b108	1672	docs/synoptic_convergences_xc/briffe/ppt/slides/slide51.xml
4a450f3ee8d2e7de	1613	docs/synoptic_convergences_xc/briffe/ppt/slides/slide52.xml
26457a05e124cf3c	46882	docs/synoptic_convergences_xc/briffe/ppt/slides/slide53.xml
212e541fbb048d14	46888	docs/synoptic_convergences_xc/briffe/ppt/slides/slide54.xml
566532a1c7bbf09b	1631	docs/synoptic_convergences_xc/briffe/ppt/slides/slide55.xml
154206776648b1b0	1629	docs/synoptic_convergences_xc/briffe/ppt/slides/slide56.xml
d5a2ea76c2457f11	1631	docs/synoptic_convergences_xc/briffe/ppt/slides/slide57.xml
325e5c6377e94fb7	1631	docs/synoptic_convergences_xc/briffe/ppt/slides/slide58.xml
f4f68b04625c2d47	31828	docs/synoptic_convergences_xc/briffe/ppt/slides/slide59.xml
80d8db70fbf7d5f1	27916	docs/synoptic_convergences_xc/briffe/ppt/slides/slide6.xml
c2e99a461da0be0c	20794	docs/synoptic_convergences_xc/briffe/ppt/slides/slide60.xml
9904ccea5a86335e	18319	docs/synoptic_convergences_xc/briffe/ppt/slides/slide61.xml
58fa299be1da6f4b	13494	docs/synoptic_convergences_xc/briffe/ppt/slides/slide62.xml
615a7ccf266b9dd2	26256	docs/synoptic_convergences_xc/briffe/ppt/slides/slide63.xml
88340203aa071c40	1566	docs/synoptic_convergences_xc/briffe/ppt/slides/slide64.xml
b00bd5fedd955bec	36778	docs/synoptic_convergences_xc/briffe/ppt/slides/slide65.xml
0cf04139620a617c	36783	docs/synoptic_convergences_xc/briffe/ppt/slides/slide66.xml
630451b71b211d10	19737	docs/synoptic_convergences_xc/briffe/ppt/slides/slide67.xml
500d5c6c98cf3d76	1600	docs/synoptic_convergences_xc/briffe/ppt/slides/slide68.xml
53f7afa2f0f45746	1599	docs/synoptic_convergences_xc/briffe/ppt/slides/slide69.xml
d00485931b209a08	17369	docs/synoptic_convergences_xc/briffe/ppt/slides/slide7.xml
b58838c2c1bd021e	25325	docs/synoptic_convergences_xc/briffe/ppt/slides/slide70.xml
f5924551bdf8ef69	24212	docs/synoptic_convergences_xc/briffe/ppt/slides/slide71.xml
dcf8c12a41cdaa3e	27266	docs/synoptic_convergences_xc/briffe/ppt/slides/slide72.xml
c39b38ff5cc75287	1868	docs/synoptic_convergences_xc/briffe/ppt/slides/slide73.xml
7ec039cf19920614	19161	docs/synoptic_convergences_xc/briffe/ppt/slides/slide74.xml
3f94d825f5eb6d3e	1421	docs/synoptic_convergences_xc/briffe/ppt/slides/slide75.xml
dbf428535262a486	1599	docs/synoptic_convergences_xc/briffe/ppt/slides/slide76.xml
6312a483dd72b3f8	1599	docs/synoptic_convergences_xc/briffe/ppt/slides/slide77.xml
83b432f438a5c215	1600	docs/synoptic_convergences_xc/briffe/ppt/slides/slide78.xml
49c871a32c17a265	1610	docs/synoptic_convergences_xc/briffe/ppt/slides/slide79.xml
a662a4ade01efde9	1872	docs/synoptic_convergences_xc/briffe/ppt/slides/slide8.xml
58d9765ab38b7749	2934	docs/synoptic_convergences_xc/briffe/ppt/slides/slide9.xml
0e7ac03251337ecb	182	docs/synoptic_convergences_xc/briffe/ppt/tableStyles.xml
78968e57fc47878a	7656	docs/synoptic_convergences_xc/briffe/ppt/theme/theme1.xml
78968e57fc47878a	7656	docs/synoptic_convergences_xc/briffe/ppt/theme/theme2.xml
c83e053de45d09ab	939	docs/synoptic_convergences_xc/briffe/ppt/viewProps.xml
718a37c5c465df86	71112365	docs/synoptic_convergences_xc/briffe_confluences.pptx
23a2b37b31f7e220	7541	docs/synoptic_convergences_xc/briffe_home.html
d3c446216bfb2805	5730	docs/synoptic_convergences_xc/cfd202.html
9fe2d37c484f1484	185947	docs/synoptic_convergences_xc/chocard.html
8ca0e413369b31cb	1254	docs/synoptic_convergences_xc/chocard.txt
efd3a650a796ac3c	47246	docs/synoptic_convergences_xc/cmbvl.html
9e4bb3dc384e8459	4439	docs/synoptic_convergences_xc/cmbvl.txt
71a05155f57cb7e5	5623	docs/synoptic_convergences_xc/fai_pinot.html
4afb34d3bc6691ac	18	docs/synoptic_convergences_xc/fai_pinot.txt
1f4ec287f902c04f	54148	docs/synoptic_convergences_xc/fai_pinot2.html
e4fc9756a327b90a	5615	docs/synoptic_convergences_xc/fai_pinot2.txt
74062010e9bbf337	210031	docs/synoptic_convergences_xc/finesse.html
810002c8f1e8367d	11951	docs/synoptic_convergences_xc/finesse.txt
a9e2b4a1d1f12c7e	226073	docs/synoptic_convergences_xc/foehn360.html
cf4c9753397b0ea8	9961	docs/synoptic_convergences_xc/foehn360.txt
9f0cff28e403ab1a	2566142	docs/synoptic_convergences_xc/gap.pdf
79fe8e3be860e35b	9161	docs/synoptic_convergences_xc/gap.txt
5226e186f1ee708d	818531	docs/synoptic_convergences_xc/gex185.html
84609834168d66a9	11569	docs/synoptic_convergences_xc/gex185.txt
0a243a55feefa3a5	809630	docs/synoptic_convergences_xc/gex202.html
1d78048e9fc314de	6687	docs/synoptic_convergences_xc/gex202.txt
1f23aabada9f496b	229376	docs/synoptic_convergences_xc/img/briffe/image1.jpg
69982a22294e646b	117455	docs/synoptic_convergences_xc/img/briffe/image10.jpg
cc7332c6107d0bca	189042	docs/synoptic_convergences_xc/img/briffe/image11.jpg
7e7e254df97f1d9f	108195	docs/synoptic_convergences_xc/img/briffe/image12.jpg
b4376bf3fc97409c	229124	docs/synoptic_convergences_xc/img/briffe/image13.jpg
e5043f5ff2f764f4	280060	docs/synoptic_convergences_xc/img/briffe/image14.jpg
d5ffb3d8721741dd	130908	docs/synoptic_convergences_xc/img/briffe/image15.jpg
a160b5e79a7b8420	113629	docs/synoptic_convergences_xc/img/briffe/image16.jpg
996b5b9b4b857067	120518	docs/synoptic_convergences_xc/img/briffe/image17.jpg
3592e698099bf1d3	123564	docs/synoptic_convergences_xc/img/briffe/image18.jpg
c891305d45bd76fe	135712	docs/synoptic_convergences_xc/img/briffe/image19.jpg
37382fbf3a739e35	346720	docs/synoptic_convergences_xc/img/briffe/image2.jpg
f445e684f4dd3282	114239	docs/synoptic_convergences_xc/img/briffe/image20.jpg
64b54d1e6fc37487	375625	docs/synoptic_convergences_xc/img/briffe/image21.jpg
d855b3c3f3be32e5	374546	docs/synoptic_convergences_xc/img/briffe/image22.jpg
eb7d21065290979c	329478	docs/synoptic_convergences_xc/img/briffe/image23.jpg
8b46bfd9771d952d	373221	docs/synoptic_convergences_xc/img/briffe/image24.jpg
fa4d13f8e42e5ecb	108251	docs/synoptic_convergences_xc/img/briffe/image25.jpg
4a47ef9c5648964d	114453	docs/synoptic_convergences_xc/img/briffe/image26.jpg
e20393b7d5b79130	177357	docs/synoptic_convergences_xc/img/briffe/image27.jpg
93651c62bab71eff	300999	docs/synoptic_convergences_xc/img/briffe/image28.jpg
575bcc3892073ea5	438853	docs/synoptic_convergences_xc/img/briffe/image29.jpg
bd6bd4c15ff4e23e	301877	docs/synoptic_convergences_xc/img/briffe/image3.jpg
6b54d64e16b49fba	162738	docs/synoptic_convergences_xc/img/briffe/image30.jpg
7f2737041375f7be	182831	docs/synoptic_convergences_xc/img/briffe/image31.jpg
1ccd28a01edf6faf	154935	docs/synoptic_convergences_xc/img/briffe/image32.jpg
5c7df2ef76e7e058	195707	docs/synoptic_convergences_xc/img/briffe/image33.jpg
7452e62fc0e51b63	238414	docs/synoptic_convergences_xc/img/briffe/image34.jpg
a1e1d619f01ea564	253339	docs/synoptic_convergences_xc/img/briffe/image35.jpg
dbdd37e5119b36bd	268623	docs/synoptic_convergences_xc/img/briffe/image36.jpg
f7aaee3bb0c08080	276564	docs/synoptic_convergences_xc/img/briffe/image37.jpg
2254aef1f1c34117	223209	docs/synoptic_convergences_xc/img/briffe/image38.jpg
acde2d30a8919439	283152	docs/synoptic_convergences_xc/img/briffe/image39.jpg
5726456f509579bd	331377	docs/synoptic_convergences_xc/img/briffe/image4.jpg
320d6342ed3a4fb1	327106	docs/synoptic_convergences_xc/img/briffe/image40.jpg
18c6ee156bfc98db	179510	docs/synoptic_convergences_xc/img/briffe/image41.jpg
372a13220c555fe6	138506	docs/synoptic_convergences_xc/img/briffe/image42.jpg
f1a2153b736a0f05	159729	docs/synoptic_convergences_xc/img/briffe/image43.jpg
0c1734275f79a8c6	302139	docs/synoptic_convergences_xc/img/briffe/image44.jpg
118c5024e65ccf33	253120	docs/synoptic_convergences_xc/img/briffe/image45.jpg
2c3929d9c518b099	279103	docs/synoptic_convergences_xc/img/briffe/image46.jpg
fb84b6a167620529	272100	docs/synoptic_convergences_xc/img/briffe/image47.jpg
7f07287d0cedaaf6	189457	docs/synoptic_convergences_xc/img/briffe/image48.jpg
f9fb856654d61b8b	142293	docs/synoptic_convergences_xc/img/briffe/image49.jpg
a815347d99d7a8a2	145716	docs/synoptic_convergences_xc/img/briffe/image5.jpg
a6790006f40d646f	126028	docs/synoptic_convergences_xc/img/briffe/image50.jpg
8e81c80b29e7d236	98792	docs/synoptic_convergences_xc/img/briffe/image51.jpg
c606be04996d6c39	84446	docs/synoptic_convergences_xc/img/briffe/image6.jpg
30350a58767e24c5	98885	docs/synoptic_convergences_xc/img/briffe/image7.jpg
e7afaf90977106cb	254098	docs/synoptic_convergences_xc/img/briffe/image8.jpg
c6638c7241eb693f	161741	docs/synoptic_convergences_xc/img/briffe/image9.jpg
987276489f34a877	783513	docs/synoptic_convergences_xc/img/briffe_svg/s46.png
9e25e24d33fecfef	510227	docs/synoptic_convergences_xc/img/briffe_svg/s46.svg
c42d5fd3010d70c8	1034656	docs/synoptic_convergences_xc/img/briffe_svg/s47.png
0cd8394a33814a45	508852	docs/synoptic_convergences_xc/img/briffe_svg/s47.svg
e818bf0557a58155	1067947	docs/synoptic_convergences_xc/img/briffe_svg/s48.png
e0ccfccc03439981	444268	docs/synoptic_convergences_xc/img/briffe_svg/s48.svg
fdb3c306ee62dabe	1020896	docs/synoptic_convergences_xc/img/briffe_svg/s49.png
3a420a7f094992df	502659	docs/synoptic_convergences_xc/img/briffe_svg/s49.svg
4cd004b4a1385df0	2350283	docs/synoptic_convergences_xc/img/briffe_svg/s49g.png
d23ae5a1a0aa6282	505296	docs/synoptic_convergences_xc/img/briffe_svg/s49g.svg
34173c903d83ff38	478703	docs/synoptic_convergences_xc/img/briffe_svg/s50.png
61d8ebf3b0b955f5	144950	docs/synoptic_convergences_xc/img/briffe_svg/s50.svg
cfd7eb98936f07d1	497274	docs/synoptic_convergences_xc/img/briffe_svg/s51.png
866198539bb9b8da	153209	docs/synoptic_convergences_xc/img/briffe_svg/s51.svg
e32b6a446af24bcc	598846	docs/synoptic_convergences_xc/img/briffe_svg/s52.png
61686091de2d5179	237081	docs/synoptic_convergences_xc/img/briffe_svg/s52.svg
064e0d2e2cf1e628	1010369	docs/synoptic_convergences_xc/img/briffe_svg/s53.png
b388a35545c828f7	410264	docs/synoptic_convergences_xc/img/briffe_svg/s53.svg
063efb727fcdd9c5	1156177	docs/synoptic_convergences_xc/img/briffe_svg/s54.png
8414d2417d47eb49	594134	docs/synoptic_convergences_xc/img/briffe_svg/s54.svg
94eb9b689e39546b	2718952	docs/synoptic_convergences_xc/img/briffe_svg/s54g.png
77c75e65bddd387e	596771	docs/synoptic_convergences_xc/img/briffe_svg/s54g.svg
33b2b88b0c09380b	638371	docs/synoptic_convergences_xc/img/briffe_svg/s55.png
4a7d7f1a87231d34	217665	docs/synoptic_convergences_xc/img/briffe_svg/s55.svg
3a78893305f199ef	699057	docs/synoptic_convergences_xc/img/briffe_svg/s56.png
8d2f3d66bd5d60bb	244458	docs/synoptic_convergences_xc/img/briffe_svg/s56.svg
85da95303ad0035e	589551	docs/synoptic_convergences_xc/img/briffe_svg/s57.png
3f1f8492b3ef4619	207262	docs/synoptic_convergences_xc/img/briffe_svg/s57.svg
6b84f826229e95ea	673683	docs/synoptic_convergences_xc/img/briffe_svg/s58.png
3eb6f5e91f28f666	261622	docs/synoptic_convergences_xc/img/briffe_svg/s58.svg
13d33ffd7804dc7a	826052	docs/synoptic_convergences_xc/img/briffe_svg/s59.png
c9b2d23343465ff8	325453	docs/synoptic_convergences_xc/img/briffe_svg/s59.svg
edf5b2b153df3a0a	870703	docs/synoptic_convergences_xc/img/briffe_svg/s60.png
32773e17e6d2dbff	342515	docs/synoptic_convergences_xc/img/briffe_svg/s60.svg
b5ee08fbb99973cd	899828	docs/synoptic_convergences_xc/img/briffe_svg/s61.png
051e2d7bf0084441	362883	docs/synoptic_convergences_xc/img/briffe_svg/s61.svg
0465db0926bdc9ef	959049	docs/synoptic_convergences_xc/img/briffe_svg/s62.png
2b96a4aa425ea1b3	372701	docs/synoptic_convergences_xc/img/briffe_svg/s62.svg
c8ca6a444581c557	778273	docs/synoptic_convergences_xc/img/briffe_svg/s63.png
3adaae3aa188ddce	304167	docs/synoptic_convergences_xc/img/briffe_svg/s63.svg
01e3825844a7bd60	3309	docs/synoptic_convergences_xc/img/briffe_svg/s64.png
9d0e24fdc9c44d07	337	docs/synoptic_convergences_xc/img/briffe_svg/s64.svg
744cd58bb19ea011	950358	docs/synoptic_convergences_xc/img/briffe_svg/s65.png
da1d437cd0618e1c	384923	docs/synoptic_convergences_xc/img/briffe_svg/s65.svg
6146756c7c7b14a0	1159895	docs/synoptic_convergences_xc/img/briffe_svg/s66.png
7272d2e1b1ff8b6e	443594	docs/synoptic_convergences_xc/img/briffe_svg/s66.svg
09a95f2a4b76bc85	2650580	docs/synoptic_convergences_xc/img/briffe_svg/s66g.png
182a381648b37f42	446231	docs/synoptic_convergences_xc/img/briffe_svg/s66g.svg
c1621fc9343f0905	654824	docs/synoptic_convergences_xc/img/briffe_svg/s67.png
bada98b1ee5118e4	244095	docs/synoptic_convergences_xc/img/briffe_svg/s67.svg
7d4c69eef73e27b3	528370	docs/synoptic_convergences_xc/img/briffe_svg/s68.png
b2d5736fa3a732d1	185289	docs/synoptic_convergences_xc/img/briffe_svg/s68.svg
aa2eec01659b9d94	608240	docs/synoptic_convergences_xc/img/briffe_svg/s69.png
8624137df00fd9ce	213588	docs/synoptic_convergences_xc/img/briffe_svg/s69.svg
a0172ecd4efa3389	1024014	docs/synoptic_convergences_xc/img/briffe_svg/s70.png
85ab7a989ae2901d	408544	docs/synoptic_convergences_xc/img/briffe_svg/s70.svg
df252b9e450ea286	904192	docs/synoptic_convergences_xc/img/briffe_svg/s71.png
ad572a6b3510a651	343555	docs/synoptic_convergences_xc/img/briffe_svg/s71.svg
08a8dc680ba65668	1008872	docs/synoptic_convergences_xc/img/briffe_svg/s72.png
be017c70b444198b	378145	docs/synoptic_convergences_xc/img/briffe_svg/s72.svg
01e3825844a7bd60	3309	docs/synoptic_convergences_xc/img/briffe_svg/s73.png
9d0e24fdc9c44d07	337	docs/synoptic_convergences_xc/img/briffe_svg/s73.svg
18061e9773a6f0b5	906781	docs/synoptic_convergences_xc/img/briffe_svg/s74.png
3a531cb78aa31585	367506	docs/synoptic_convergences_xc/img/briffe_svg/s74.svg
01e3825844a7bd60	3309	docs/synoptic_convergences_xc/img/briffe_svg/s75.png
9d0e24fdc9c44d07	337	docs/synoptic_convergences_xc/img/briffe_svg/s75.svg
8851f3879a66c0aa	695816	docs/synoptic_convergences_xc/img/briffe_svg/s76.png
f913c1dd4ee0a82f	253275	docs/synoptic_convergences_xc/img/briffe_svg/s76.svg
163d7289bf2b0128	554104	docs/synoptic_convergences_xc/img/briffe_svg/s77.png
70564109ba72343f	190385	docs/synoptic_convergences_xc/img/briffe_svg/s77.svg
4047e9171bfd2da0	529817	docs/synoptic_convergences_xc/img/briffe_svg/s78.png
ba2b5e09fa6bb175	168653	docs/synoptic_convergences_xc/img/briffe_svg/s78.svg
d675bc2a9894762e	456430	docs/synoptic_convergences_xc/img/briffe_svg/s79.png
fbefb8c91dc6ab3c	132337	docs/synoptic_convergences_xc/img/briffe_svg/s79.svg
f4fa5353c5eac99a	144028	docs/synoptic_convergences_xc/img/carte-brises-alpes.jpg
eadda1abefdef756	119458	docs/synoptic_convergences_xc/img/largeault.jpg
2f71d1c61dd8b7de	815815	docs/synoptic_convergences_xc/img/p46z-46.png
300c59837f030114	435961	docs/synoptic_convergences_xc/img/p47z-47.png
c0410cb68463ff18	200653	docs/synoptic_convergences_xc/img/pan-38.png
8e621f9adde432ee	231959	docs/synoptic_convergences_xc/img/pan-39.png
623fc3aac91e58d3	188674	docs/synoptic_convergences_xc/img/pan-40.png
97658005cf960a0c	222181	docs/synoptic_convergences_xc/img/pan-41.png
de6afb86cd661d75	135264	docs/synoptic_convergences_xc/img/pan-42.png
e4d58d57da8cb447	178213	docs/synoptic_convergences_xc/img/pan-43.png
4057ba0eb4c26664	149543	docs/synoptic_convergences_xc/img/pan-44.png
0f1d0b9330030ae3	194031	docs/synoptic_convergences_xc/img/pan-45.png
ed0a6b1b72bd7882	205971	docs/synoptic_convergences_xc/img/pan-46.png
130e29c126d77b56	222906	docs/synoptic_convergences_xc/img/pan-47.png
6f2f464e10a51445	166151	docs/synoptic_convergences_xc/img/pan-48.png
744e45c3788a7338	279659	docs/synoptic_convergences_xc/img/pb-38.png
8c64387ab733b931	295707	docs/synoptic_convergences_xc/img/pb-39.png
93ac8b0031786033	270070	docs/synoptic_convergences_xc/img/pb-40.png
ed6ceb2fc00dfd0c	290602	docs/synoptic_convergences_xc/img/pb-41.png
a7557051e6a3b397	239602	docs/synoptic_convergences_xc/img/pb-42.png
3ae97fb8ab6e7198	264516	docs/synoptic_convergences_xc/img/pb-43.png
7ffd4fa48ae45707	236503	docs/synoptic_convergences_xc/img/pb-44.png
2448ff6158e9e509	276173	docs/synoptic_convergences_xc/img/pb-45.png
d17e39cf97d443a5	296744	docs/synoptic_convergences_xc/img/pb-46.png
f8d10bb4f3d345c3	306536	docs/synoptic_convergences_xc/img/pb-47.png
a6d0ffb2f1a74fea	278037	docs/synoptic_convergences_xc/img/pb-48.png
51677da633ef1c1d	314648	docs/synoptic_convergences_xc/img/stx-38.png
91ee749d189b31d0	351306	docs/synoptic_convergences_xc/img/stx-39.png
e7379c3b2ea615cd	305335	docs/synoptic_convergences_xc/img/stx-40.png
21550227a16a7626	323354	docs/synoptic_convergences_xc/img/stx-41.png
36c7a236fa424ebc	303140	docs/synoptic_convergences_xc/img/stx-42.png
48e15725e0f020db	302044	docs/synoptic_convergences_xc/img/stx-43.png
b1a27dc4a51ebb7a	295553	docs/synoptic_convergences_xc/img/stx-44.png
67d249603317ffdd	314388	docs/synoptic_convergences_xc/img/stx-45.png
a0bda4fe3800e43c	344348	docs/synoptic_convergences_xc/img/stx-46.png
1799cce8aafbd321	334229	docs/synoptic_convergences_xc/img/stx-47.png
093dec4604325c08	258128	docs/synoptic_convergences_xc/img/stx-48.png
ace6bc3405074181	358699	docs/synoptic_convergences_xc/img/stx39crop-39.png
b2417070d2bf6f9b	81	docs/synoptic_convergences_xc/img/tlp-annecy.jpg
b2417070d2bf6f9b	81	docs/synoptic_convergences_xc/img/tlp-flux-massifs.jpg
e3b0c44298fc1c14	0	docs/synoptic_convergences_xc/img/tlp-flux.jpg
b2417070d2bf6f9b	81	docs/synoptic_convergences_xc/img/tlp-flux2.jpg
20de3b2b23809b67	523314	docs/synoptic_convergences_xc/karlis224.html
c080c7a216138d06	2368	docs/synoptic_convergences_xc/karlis224.txt
3f9e163208c011c5	597559	docs/synoptic_convergences_xc/largeault.html
91740ee62e6f4714	215791	docs/synoptic_convergences_xc/largeault.kml
9785999203afe618	5584	docs/synoptic_convergences_xc/largeault.txt
0bf475244b826e3b	149323	docs/synoptic_convergences_xc/lombarde.html
72a66db90e9014da	10239	docs/synoptic_convergences_xc/lombarde.txt
3cdedd5096ae74f4	8672849	docs/synoptic_convergences_xc/mb_ffvl.pdf
fb7fd305d8fed3a7	188182	docs/synoptic_convergences_xc/mb_ffvl.txt
7c0fac1511ff6682	93537	docs/synoptic_convergences_xc/mb_ffvl_raw.txt
832ae4c504a5a844	383640	docs/synoptic_convergences_xc/mistral.html
1876c7ab5fb126dc	45883	docs/synoptic_convergences_xc/mistral.txt
c80e078b7ce9a8b8	102341	docs/synoptic_convergences_xc/monin.html
13c89703773ac771	2049	docs/synoptic_convergences_xc/monin.txt
e3b0c44298fc1c14	0	docs/synoptic_convergences_xc/onto300.txt
736ac81aa441e29c	839065	docs/synoptic_convergences_xc/ozone.html
35485f76cda05ffc	3525	docs/synoptic_convergences_xc/ozone.txt
eedc6a305ceb995a	243551	docs/synoptic_convergences_xc/p360.html
a9da492f627c6a22	8899	docs/synoptic_convergences_xc/p360.txt
6a4bb63a54e64d4d	214	docs/synoptic_convergences_xc/pcht.html
dc83fd801e6b05d1	89	docs/synoptic_convergences_xc/pcht.txt
c2d62c00a6c31d6f	158635	docs/synoptic_convergences_xc/pcht2.html
fbe10619935681a9	443	docs/synoptic_convergences_xc/pcht2.txt
d5ed27958bc93e59	158494	docs/synoptic_convergences_xc/pcht_dl.html
fbe10619935681a9	443	docs/synoptic_convergences_xc/pcht_dl.txt
6a4bb63a54e64d4d	214	docs/synoptic_convergences_xc/pcht_foehn.html
beff5cba1465fad1	121059	docs/synoptic_convergences_xc/pi_cartog.html
efb3abc794d22ca2	23063	docs/synoptic_convergences_xc/pi_cartog.txt
6ba00b71c00dfc72	74790	docs/synoptic_convergences_xc/pi_nord.html
1265168ea3b3d235	12856	docs/synoptic_convergences_xc/pi_nord.txt
aa9dcb7d7a7c599d	6253	docs/synoptic_convergences_xc/pi_y.html
dca7b6df9132b4e0	3874	docs/synoptic_convergences_xc/pi_y.txt
3e5cf8094dc82e81	58792	docs/synoptic_convergences_xc/pi_yg.html
501bc0a4812f591b	8900	docs/synoptic_convergences_xc/pi_yg.txt
2cadb243f5e4e63a	682433	docs/synoptic_convergences_xc/rto_s1.html
f754db82fc47ba21	11807	docs/synoptic_convergences_xc/rto_s1.txt
428fa5facb7cd065	659292	docs/synoptic_convergences_xc/rto_s13.html
e701f4b1077049f3	5905	docs/synoptic_convergences_xc/rto_s13.txt
9a364f204d156454	659319	docs/synoptic_convergences_xc/rto_s14.html
e701f4b1077049f3	5905	docs/synoptic_convergences_xc/rto_s14.txt
2cadb243f5e4e63a	682433	docs/synoptic_convergences_xc/rto_s2.html
f754db82fc47ba21	11807	docs/synoptic_convergences_xc/rto_s2.txt
1237e85475b0c629	611441	docs/synoptic_convergences_xc/rto_topo.html
3ae7a8bf6543e802	3828	docs/synoptic_convergences_xc/rto_topo.txt
37a4e56c497e170d	708	docs/synoptic_convergences_xc/shv_pumping.pdf
18a6e299c6f8e555	8432719	docs/synoptic_convergences_xc/stcross.pdf
26d85e0cc9b0da6f	24636	docs/synoptic_convergences_xc/stcross.txt
c800c8c7e4b95a85	1565836	docs/synoptic_convergences_xc/stprep.pdf
5dd2bf4892f5a36b	11319	docs/synoptic_convergences_xc/stprep.txt
5a0df49684e67d3d	16274	docs/synoptic_convergences_xc/tich.html
e81e78c4faa44e14	131244	docs/synoptic_convergences_xc/tlp.html
f569974f1b7ed8ef	3608	docs/synoptic_convergences_xc/tlp.txt
519c0e0b43e34e19	1030302	docs/synoptic_convergences_xc/toiles.pdf
08858158a906f375	11045	docs/synoptic_convergences_xc/toiles.txt
35c7a8bcfd15dfa8	112966	docs/synoptic_convergences_xc/vents74.html
0f147748e0cb7886	293	docs/synoptic_convergences_xc/vents74.txt
0268bba48bac345f	24138	docs/synoptic_convergences_xc/work/breezes.py
3548508a906b07b3	2516	docs/synoptic_convergences_xc/work/build.py
bf3b13612c00f7f4	2826	docs/synoptic_convergences_xc/work/check_full.log
772da6fce2e7ff7e	3515	docs/synoptic_convergences_xc/work/extract.py
da1de1f795d74792	13386	docs/synoptic_convergences_xc/work/figs_rules.py
e489c5379e2b7eb6	724	docs/synoptic_convergences_xc/work/fit.py
84dd4009040f6f78	359	docs/synoptic_convergences_xc/work/h2t.py
b74e41ac56d49957	13397	docs/synoptic_convergences_xc/work/kml_lines.json
7412c7b8c72a31c1	4172	docs/synoptic_convergences_xc/work/kml_named.json
96d9ccc8afff557c	649	docs/synoptic_convergences_xc/work/photon.py
c88bb8bd7d8a4dfc	15495	docs/synoptic_convergences_xc/work/rest.py
7b08e9f90935bbfb	23879	docs/synoptic_convergences_xc/work/routes.py
4ace9b0ec5063a3d	22871	docs/synoptic_convergences_xc/work/sources.py
ad19c0974e4b897f	14196	docs/synoptic_convergences_xc/work/synoptic.py
74fbc25cfedf84a6	71142	docs/synoptic_convergences_xc/work/synoptic_orig.json
2a3c8a932536734c	152921	docs/synoptic_convergences_xc/xc_393.html
17a1dec422b16d78	5390	docs/synoptic_convergences_xc/xc_393.txt
6583941397b079c9	141438	docs/synoptic_convergences_xc/xc_hamard306.html
1109afd2fe846b6d	5405	docs/synoptic_convergences_xc/xc_hamard306.txt
a9ba6b1b71621b6b	138555	docs/synoptic_convergences_xc/xc_hamard342.html
9a310160a188b2bf	139663	docs/synoptic_convergences_xc/xc_lambert.html
133e338583674bc6	4467	docs/synoptic_convergences_xc/xc_lambert.txt
a62f452b8b616a21	152960	docs/synoptic_convergences_xc/xc_petit.html
029f546a5e500921	6572	docs/synoptic_convergences_xc/xc_petit.txt
22c504fee80ff44b	149744	docs/synoptic_convergences_xc/xc_potel.html
8324bf3fb4c42b7c	3877	docs/synoptic_convergences_xc/xc_potel.txt
ebd892af6fae41d0	144557	docs/synoptic_convergences_xc/xc_seabreeze.html
8643f99a0fb2faaa	7331	docs/synoptic_convergences_xc/xc_seabreeze.txt
63a48f625623c1d9	128309	docs/synoptic_convergences_xc/xc_search_hamard.html
28eff4b775fc0ce9	2514	docs/synoptic_convergences_xc/xc_search_hamard.txt
58c0290ef5537176	23200	docs/synoptic_convergences_xc/xcd_lambert.html
1316c44eada03002	1015508	docs/synoptic_convergences_xc/xcfinder_records.html
ac40829ec9026fdf	18895	docs/synoptic_convergences_xc/xcfinder_records.txt
0b89553806d0819b	2414836	docs/synoptic_convergences_xc/zardi.pdf
a88376928d8e25d6	276762	docs/synoptic_convergences_xc/zardi.txt
b514b361f191821b	45412	docs/tarentaise_vanoise/Aerologie-de-la-Tarentaise.pdf
5f69e6353b7fbeff	455366	docs/tarentaise_vanoise/a31/p-01.png
262766865956d77f	2972	docs/tarentaise_vanoise/a31/p-01.txt
869bc702e01647e6	401137	docs/tarentaise_vanoise/a31/p-02.png
6e8438b0dcdc239c	3328	docs/tarentaise_vanoise/a31/p-02.txt
432ecf328b36dee1	302055	docs/tarentaise_vanoise/a31/p-03.png
330ac0dfa29fd7ea	2538	docs/tarentaise_vanoise/a31/p-03.txt
5ff52f93366c1cb4	411245	docs/tarentaise_vanoise/a31/p-04.png
82dd84292d05138a	2734	docs/tarentaise_vanoise/a31/p-04.txt
39979faef3bd130f	4409163	docs/tarentaise_vanoise/a31/p-05.png
085c2a2a226faeb1	1268	docs/tarentaise_vanoise/a31/p-05.txt
04a0a839d53d18dd	4752065	docs/tarentaise_vanoise/a31/p-06.png
c3ff00b2d4eda0a7	1025	docs/tarentaise_vanoise/a31/p-06.txt
0eefbf93da182ce6	4695113	docs/tarentaise_vanoise/a31/p-07.png
c6b90496c70775e9	1576	docs/tarentaise_vanoise/a31/p-07.txt
818626e4059d7224	4226709	docs/tarentaise_vanoise/a31/p-08.png
6b6b5d98e81f0c33	1300	docs/tarentaise_vanoise/a31/p-08.txt
47dde17ae45fa68a	4708860	docs/tarentaise_vanoise/a31/p-09.png
621e652cbbe7705d	1255	docs/tarentaise_vanoise/a31/p-09.txt
2cb86dbdef79313c	22792	docs/tarentaise_vanoise/a31/p-10.png
c1627113940064b1	5	docs/tarentaise_vanoise/a31/p-10.txt
cb7c7f5a50363e84	10	docs/tarentaise_vanoise/a31.txt
fb469a8fed353066	6001	docs/tarentaise_vanoise/aero.txt
3eb2f240cba36f37	362635	docs/tarentaise_vanoise/aeroplagne.html
a519e4a4fc345879	74646	docs/tarentaise_vanoise/airt.html
601468704e3dcb04	76889	docs/tarentaise_vanoise/airt_fr.html
82bda0d3a5fac3dd	5162	docs/tarentaise_vanoise/ams.html
42ac6bc224135abf	50426	docs/tarentaise_vanoise/arcsenciel.html
cdb36d23bad020ba	1256773	docs/tarentaise_vanoise/arr-1.png
be6b363751575c57	2110	docs/tarentaise_vanoise/arr-1.txt
56ae342b299caf1a	1153701	docs/tarentaise_vanoise/arr-2.png
815cffd3f93a11ae	2345	docs/tarentaise_vanoise/arr-2.txt
ceca7a4bd706183e	454552	docs/tarentaise_vanoise/arr-3.png
f39ea01d6b24fa69	640	docs/tarentaise_vanoise/arr-3.txt
9478ac3ef61ae9df	3	docs/tarentaise_vanoise/arrete.txt
48ffc131a2373d3a	1247424	docs/tarentaise_vanoise/arrete_2026-31.pdf
cb7c7f5a50363e84	10	docs/tarentaise_vanoise/arrete_2026-31.txt
48ffc131a2373d3a	1247424	docs/tarentaise_vanoise/arrete_2026-31_pnv.pdf
a15593f859c1f455	1774020	docs/tarentaise_vanoise/arrete_espace_aerien.pdf
05116944f6855cfa	16530	docs/tarentaise_vanoise/barb.html
2dba28b570df7dd0	147603	docs/tarentaise_vanoise/c3v/natur-ailes_fr.html
75aef08d0e07a449	25262	docs/tarentaise_vanoise/c3v/pc.html
07c421053020a2f3	831549	docs/tarentaise_vanoise/c3v/www_natur-ailes_com.html
30b9775312214bfd	8992	docs/tarentaise_vanoise/c3v/www_naturailes_fr.html
b3dd53ca5e335590	136720	docs/tarentaise_vanoise/darentasia.html
58e275a32778ff5a	105290	docs/tarentaise_vanoise/decret2009.html
a1d33b3a8a732797	22976	docs/tarentaise_vanoise/dn_declaration.html
26b555e1c214390c	5186	docs/tarentaise_vanoise/ds.json
76d357703bc84ce3	10861	docs/tarentaise_vanoise/embed1.html
a756e8720cac5f59	136734	docs/tarentaise_vanoise/epa.html
03b5f3938ff685f1	5752	docs/tarentaise_vanoise/ffvl_296_terrains.html
62f4db3fa5bbec22	73112	docs/tarentaise_vanoise/ffvl_zone.txt
d20e54bb115b7ae4	5750	docs/tarentaise_vanoise/img_1.bin
b23fd8ed0488fe5e	8216	docs/tarentaise_vanoise/img_10.bin
24f4217aa243ff59	503435	docs/tarentaise_vanoise/img_11.bin
24f4217aa243ff59	503435	docs/tarentaise_vanoise/img_11.jpg
d20e54bb115b7ae4	5750	docs/tarentaise_vanoise/img_12.bin
28a10452c6bf0d15	42404	docs/tarentaise_vanoise/img_13.bin
c877dc33d686a267	54803	docs/tarentaise_vanoise/img_14.bin
b23fd8ed0488fe5e	8216	docs/tarentaise_vanoise/img_15.bin
d9581dfe0984bf46	631054	docs/tarentaise_vanoise/img_2.bin
d9581dfe0984bf46	631054	docs/tarentaise_vanoise/img_2.jpg
28a10452c6bf0d15	42404	docs/tarentaise_vanoise/img_3.bin
9ff35b60c61adde6	325997	docs/tarentaise_vanoise/img_4.bin
9ff35b60c61adde6	325997	docs/tarentaise_vanoise/img_4.jpg
c877dc33d686a267	54803	docs/tarentaise_vanoise/img_5.bin
b23fd8ed0488fe5e	8216	docs/tarentaise_vanoise/img_6.bin
d20e54bb115b7ae4	5750	docs/tarentaise_vanoise/img_7.bin
28a10452c6bf0d15	42404	docs/tarentaise_vanoise/img_8.bin
c877dc33d686a267	54803	docs/tarentaise_vanoise/img_9.bin
453c642aed798acd	206814	docs/tarentaise_vanoise/lauravl.html
91ac817a33f3dc6d	351340	docs/tarentaise_vanoise/mymap.kml
27c22b43fe6535bd	385	docs/tarentaise_vanoise/nom.sh
229ec3b3c5867023	453248	docs/tarentaise_vanoise/notice_survol.pdf
0b03792e126f7517	9119	docs/tarentaise_vanoise/notice_survol.txt
e8d679a48070625b	158576	docs/tarentaise_vanoise/pcht_aero.html
7e40bcc0473c41a3	158554	docs/tarentaise_vanoise/pcht_download.html
8bde4f6bf52f7086	151893	docs/tarentaise_vanoise/pcht_map.txt
6b83b458ca5250b9	41304	docs/tarentaise_vanoise/pcht_map_short.txt
ec2fdc78d3811499	193580	docs/tarentaise_vanoise/pcht_navette.html
2e4ba981faa9094b	167776	docs/tarentaise_vanoise/pcht_voler-en-haute-tarentaise.html
37b6a0f9d930b31f	211183	docs/tarentaise_vanoise/pcht_voler-en-haute-tarentaise_m__t__o-et-a__rologie.html
0dbf2312e20fb539	167331	docs/tarentaise_vanoise/pcht_voler-en-haute-tarentaise_rapaces.html
3679921b45e449bb	167628	docs/tarentaise_vanoise/pcht_voler-en-haute-tarentaise_sites-de-pratique.html
e3b0c44298fc1c14	0	docs/tarentaise_vanoise/pge/10735.html
e3b0c44298fc1c14	0	docs/tarentaise_vanoise/pge/11102.html
e3b0c44298fc1c14	0	docs/tarentaise_vanoise/pge/2998.html
e3b0c44298fc1c14	0	docs/tarentaise_vanoise/pge/3000.html
e3b0c44298fc1c14	0	docs/tarentaise_vanoise/pge/3002.html
e3b0c44298fc1c14	0	docs/tarentaise_vanoise/pge/3012.html
e3b0c44298fc1c14	0	docs/tarentaise_vanoise/pge/3013.html
cb6ee2c882839253	58977	docs/tarentaise_vanoise/pge/bbox.json
199e5e887e957b7d	78775	docs/tarentaise_vanoise/pnv_connaitre-la-reglementation-avant-de-venir.html
22d4f7ed3270b14a	80637	docs/tarentaise_vanoise/pnv_drones.html
63a63b6c46a51838	94734	docs/tarentaise_vanoise/pnv_la-reglementation-du-coeur.html
943752b020a46fcf	74000	docs/tarentaise_vanoise/pnv_les-autres-activites-de-pleine-nature.html
654136315bbb0214	205007	docs/tarentaise_vanoise/raa2026.html
8db7a7ac8629f8ea	48880	docs/tarentaise_vanoise/schools/s1.html
a3a68ba9a348d8ea	116713	docs/tarentaise_vanoise/schools/s10.html
b56072eabcec70ec	90414	docs/tarentaise_vanoise/schools/s11.html
3f003bfd61c1a9f6	118197	docs/tarentaise_vanoise/schools/s12.html
565a13b340195071	110456	docs/tarentaise_vanoise/schools/s13.html
c68a2a40b731e0fe	152918	docs/tarentaise_vanoise/schools/s14.html
1cc9d81946e63e18	161265	docs/tarentaise_vanoise/schools/s15.html
da65edcac3960a00	102130	docs/tarentaise_vanoise/schools/s16.html
4a96375c853d8db2	48603	docs/tarentaise_vanoise/schools/s2.html
e1dda845fa00ad1f	48973	docs/tarentaise_vanoise/schools/s3.html
c5c82eb93af8475c	48543	docs/tarentaise_vanoise/schools/s4.html
1988b638e2e1363f	29777	docs/tarentaise_vanoise/schools/s5.html
477a403b0293c91e	34231	docs/tarentaise_vanoise/schools/s6.html
fd82803f8dc5cd1e	55359	docs/tarentaise_vanoise/schools/s7.html
25b7c1d2e36bad5c	53666	docs/tarentaise_vanoise/schools/s8.html
643c77aeb94479c4	93799	docs/tarentaise_vanoise/schools/s9.html
fb18d97466a493f7	288157	docs/tarentaise_vanoise/seetignes.html
6ef1b765493087c1	90	docs/tarentaise_vanoise/structures.json
b514b361f191821b	45412	docs/tarentaise_vanoise/t.pdf
ae4377c5c01360c3	2403	docs/tarentaise_vanoise/tat/Balises-TAT-2024 V3.cup
de92a459233a98db	321	docs/tarentaise_vanoise/tat/__MACOSX/._Balises-TAT-2024 V3.cup
8b5096d0b1c5a057	277	docs/tarentaise_vanoise/tat/__MACOSX/._balises-tat-2024.kml
bcfce898516cb1b9	277	docs/tarentaise_vanoise/tat/__MACOSX/._balises-tat-2024.wpt
c7902f455128c1ed	778	docs/tarentaise_vanoise/tat/__MACOSX/._tat-airspace-.txt
0411e7d183b07ec3	6060	docs/tarentaise_vanoise/tat/airspace.zip
79940f01016ef68c	20542	docs/tarentaise_vanoise/tat/balises-tat-2024.kml
bd6534f577182a20	4881	docs/tarentaise_vanoise/tat/balises-tat-2024.wpt
0433013378c8e16a	6315	docs/tarentaise_vanoise/tat/balises.zip
de39caa168d125bd	2661560	docs/tarentaise_vanoise/tat/dossier.pdf
88099849fef90b8c	85274	docs/tarentaise_vanoise/tat/reglement.html
9f0e71cc50dced70	25484	docs/tarentaise_vanoise/tat/tat-airspace-.txt
6544b9341cc49976	124428	docs/tarentaise_vanoise/tat.html
720ed82a72e02a3b	354673	docs/tarentaise_vanoise/te.html
720ed82a72e02a3b	354673	docs/tarentaise_vanoise/te2.html
e9383e38656d90cf	38060	docs/tarentaise_vanoise/valmorel.html
0766194ac8540f6b	96548	docs/tarentaise_vanoise/vanoise_home.html
9c85b9b960915da3	5705	docs/tarentaise_vanoise/vla/home.html
389b22ab219dabcb	10544	docs/tarentaise_vanoise/vla/meteo.html
5d88998e2b3b5c1e	61113	docs/tarentaise_vanoise/wb_1043.html
300329f823715fd5	68721	docs/tarentaise_vanoise/wb_1044.html
14799e6a41ba7a47	67005	docs/tarentaise_vanoise/wb_1047.html
b42b5ce9933dd484	4623	docs/tarentaise_vanoise/wb_958.html
a4f7669e25915aa3	61448	docs/tarentaise_vanoise/wb_976.html
a4e680c0f6db9760	65516	docs/tarentaise_vanoise/wb_aero.html
1aabd86b76ee1077	8362	docs/tarentaise_vanoise/wb_cartesites.html
e7883c8cc35797ee	65065	docs/tarentaise_vanoise/wb_download.html
6f6f3b7ff359724a	63147	docs/tarentaise_vanoise/wb_meteobsm.html
6a5220cd265a6d7c	59239	docs/tarentaise_vanoise/web/ailecuisse.html
d73d296a9d86808b	975	docs/tarentaise_vanoise/web/cat/idx.html
e21b65728b462f70	2209	docs/tarentaise_vanoise/web/cat/p1.html
d8a650789788d7e8	4719	docs/tarentaise_vanoise/web/cat/p10.html
16db5d1720a618c8	7363	docs/tarentaise_vanoise/web/cat/p11.html
986e1bb075257f02	6839	docs/tarentaise_vanoise/web/cat/p12.html
c203e2cb1d805fea	2943	docs/tarentaise_vanoise/web/cat/p13.html
564ec8e4466c3e49	12126	docs/tarentaise_vanoise/web/cat/p14.html
b44f60c24a82d65d	4551	docs/tarentaise_vanoise/web/cat/p15.html
ccb6d0ecc1c439e0	3092	docs/tarentaise_vanoise/web/cat/p16.html
a9b9518d87459bf2	2180	docs/tarentaise_vanoise/web/cat/p17.html
25adb8f1a58623d9	3825	docs/tarentaise_vanoise/web/cat/p18.html
c47cf5a415422668	5644	docs/tarentaise_vanoise/web/cat/p19.html
e21b65728b462f70	2209	docs/tarentaise_vanoise/web/cat/p2.html
67abca0602511746	2702	docs/tarentaise_vanoise/web/cat/p20.html
8f3c6c60d4182548	7932	docs/tarentaise_vanoise/web/cat/p21.html
f3279366a8797cd5	8179	docs/tarentaise_vanoise/web/cat/p22.html
3b8b3093516cbcf0	4277	docs/tarentaise_vanoise/web/cat/p23.html
310b8811e2eaed2d	3437	docs/tarentaise_vanoise/web/cat/p24.html
eb091b228e9b08f8	9533	docs/tarentaise_vanoise/web/cat/p25.html
7f916fca6d617d94	8756	docs/tarentaise_vanoise/web/cat/p26.html
9e39100e966f567d	2586	docs/tarentaise_vanoise/web/cat/p27.html
fe51b5f2398b0fcd	9069	docs/tarentaise_vanoise/web/cat/p28.html
11b63ffaa5418cdb	5920	docs/tarentaise_vanoise/web/cat/p29.html
e21b65728b462f70	2209	docs/tarentaise_vanoise/web/cat/p3.html
969e996f67eafa20	6295	docs/tarentaise_vanoise/web/cat/p30.html
488d975d0ed07eb6	5422	docs/tarentaise_vanoise/web/cat/p31.html
29ad979a6129a7d8	11392	docs/tarentaise_vanoise/web/cat/p32.html
1c69bb6913f2de11	2423	docs/tarentaise_vanoise/web/cat/p33.html
2fe42bfb8145cb4e	3244	docs/tarentaise_vanoise/web/cat/p34.html
a40f8c3cd027f425	6160	docs/tarentaise_vanoise/web/cat/p35.html
9470a3ecb0ebe00e	5365	docs/tarentaise_vanoise/web/cat/p36.html
3d05f70d3dcfaf96	9508	docs/tarentaise_vanoise/web/cat/p37.html
9d3dbded9aa7529d	5569	docs/tarentaise_vanoise/web/cat/p38.html
37e930a965e81e50	2852	docs/tarentaise_vanoise/web/cat/p39.html
e21b65728b462f70	2209	docs/tarentaise_vanoise/web/cat/p4.html
f7555c171e8763d5	3475	docs/tarentaise_vanoise/web/cat/p40.html
39038df44d00ebf0	5844	docs/tarentaise_vanoise/web/cat/p41.html
a09908f15942a9a9	6000	docs/tarentaise_vanoise/web/cat/p42.html
a24f804f238dd0df	2576	docs/tarentaise_vanoise/web/cat/p43.html
22a10145c1fedeb4	10153	docs/tarentaise_vanoise/web/cat/p44.html
563e45a2fc7006bc	4562	docs/tarentaise_vanoise/web/cat/p45.html
3a0fba1aa5512750	11445	docs/tarentaise_vanoise/web/cat/p46.html
e0127a1dfeb97e84	2437	docs/tarentaise_vanoise/web/cat/p47.html
e21b65728b462f70	2209	docs/tarentaise_vanoise/web/cat/p48.html
e21b65728b462f70	2209	docs/tarentaise_vanoise/web/cat/p49.html
e21b65728b462f70	2209	docs/tarentaise_vanoise/web/cat/p5.html
e21b65728b462f70	2209	docs/tarentaise_vanoise/web/cat/p50.html
e21b65728b462f70	2209	docs/tarentaise_vanoise/web/cat/p51.html
e21b65728b462f70	2209	docs/tarentaise_vanoise/web/cat/p52.html
e21b65728b462f70	2209	docs/tarentaise_vanoise/web/cat/p53.html
e21b65728b462f70	2209	docs/tarentaise_vanoise/web/cat/p54.html
e21b65728b462f70	2209	docs/tarentaise_vanoise/web/cat/p55.html
e21b65728b462f70	2209	docs/tarentaise_vanoise/web/cat/p56.html
e21b65728b462f70	2209	docs/tarentaise_vanoise/web/cat/p57.html
e21b65728b462f70	2209	docs/tarentaise_vanoise/web/cat/p58.html
e21b65728b462f70	2209	docs/tarentaise_vanoise/web/cat/p59.html
e21b65728b462f70	2209	docs/tarentaise_vanoise/web/cat/p6.html
e21b65728b462f70	2209	docs/tarentaise_vanoise/web/cat/p60.html
e21b65728b462f70	2209	docs/tarentaise_vanoise/web/cat/p61.html
e21b65728b462f70	2209	docs/tarentaise_vanoise/web/cat/p62.html
e21b65728b462f70	2209	docs/tarentaise_vanoise/web/cat/p63.html
e21b65728b462f70	2209	docs/tarentaise_vanoise/web/cat/p64.html
e21b65728b462f70	2209	docs/tarentaise_vanoise/web/cat/p65.html
e21b65728b462f70	2209	docs/tarentaise_vanoise/web/cat/p66.html
e21b65728b462f70	2209	docs/tarentaise_vanoise/web/cat/p67.html
e21b65728b462f70	2209	docs/tarentaise_vanoise/web/cat/p68.html
e21b65728b462f70	2209	docs/tarentaise_vanoise/web/cat/p69.html
e21b65728b462f70	2209	docs/tarentaise_vanoise/web/cat/p7.html
e21b65728b462f70	2209	docs/tarentaise_vanoise/web/cat/p70.html
e21b65728b462f70	2209	docs/tarentaise_vanoise/web/cat/p71.html
e21b65728b462f70	2209	docs/tarentaise_vanoise/web/cat/p72.html
e21b65728b462f70	2209	docs/tarentaise_vanoise/web/cat/p73.html
e21b65728b462f70	2209	docs/tarentaise_vanoise/web/cat/p74.html
e21b65728b462f70	2209	docs/tarentaise_vanoise/web/cat/p75.html
e21b65728b462f70	2209	docs/tarentaise_vanoise/web/cat/p76.html
e21b65728b462f70	2209	docs/tarentaise_vanoise/web/cat/p77.html
e21b65728b462f70	2209	docs/tarentaise_vanoise/web/cat/p78.html
e21b65728b462f70	2209	docs/tarentaise_vanoise/web/cat/p79.html
e21b65728b462f70	2209	docs/tarentaise_vanoise/web/cat/p8.html
e21b65728b462f70	2209	docs/tarentaise_vanoise/web/cat/p80.html
e21b65728b462f70	2209	docs/tarentaise_vanoise/web/cat/p81.html
e21b65728b462f70	2209	docs/tarentaise_vanoise/web/cat/p82.html
e21b65728b462f70	2209	docs/tarentaise_vanoise/web/cat/p83.html
e21b65728b462f70	2209	docs/tarentaise_vanoise/web/cat/p84.html
e21b65728b462f70	2209	docs/tarentaise_vanoise/web/cat/p85.html
e21b65728b462f70	2209	docs/tarentaise_vanoise/web/cat/p86.html
e21b65728b462f70	2209	docs/tarentaise_vanoise/web/cat/p87.html
e21b65728b462f70	2209	docs/tarentaise_vanoise/web/cat/p88.html
e21b65728b462f70	2209	docs/tarentaise_vanoise/web/cat/p89.html
e21b65728b462f70	2209	docs/tarentaise_vanoise/web/cat/p9.html
e21b65728b462f70	2209	docs/tarentaise_vanoise/web/cat/p90.html
00d0bb27d3871fcc	2806	docs/tarentaise_vanoise/web/cat/q01.html
47d16f8d70961078	2695	docs/tarentaise_vanoise/web/cat/q02.html
63eb6c048be5cde5	2951	docs/tarentaise_vanoise/web/cat/q03.html
6111d9c971762be0	18089	docs/tarentaise_vanoise/web/cat/q04.html
6a6821dd2e1b0868	4269	docs/tarentaise_vanoise/web/cat/q05.html
14bc645770f850ed	5521	docs/tarentaise_vanoise/web/cat/q06.html
1406fce9e39a4fe7	5629	docs/tarentaise_vanoise/web/cat/q07.html
7755c0177a213703	7008	docs/tarentaise_vanoise/web/cat/q08.html
0ce6f6e8a145981a	4384	docs/tarentaise_vanoise/web/cat/q09.html
564ec8e4466c3e49	12126	docs/tarentaise_vanoise/web/cat73_14.html
fe51b5f2398b0fcd	9069	docs/tarentaise_vanoise/web/cat73_28.html
b85296890c45e569	5697	docs/tarentaise_vanoise/web/compet3102.html
a664da604aba4a7c	5697	docs/tarentaise_vanoise/web/compet3821.html
e3eece1e761f9037	5697	docs/tarentaise_vanoise/web/compet3997.html
160b8cb9b0837d83	119060	docs/tarentaise_vanoise/web/epda_bsm.html
1dc5254f477ed9cc	32198	docs/tarentaise_vanoise/web/flyappi3011.html
4393ebdf89cc5100	141053	docs/tarentaise_vanoise/web/gp_site.html
21fde7b0a4e886b5	89224	docs/tarentaise_vanoise/web/ht_parapente.html
7c50113cf4ad46de	149258	docs/tarentaise_vanoise/web/lof_bozel.html
51e7444ae3c93756	148391	docs/tarentaise_vanoise/web/lof_fort.html
473ba4e16a05d090	57627	docs/tarentaise_vanoise/web/lp_site.html
cf17135921124059	32223	docs/tarentaise_vanoise/web/mont_seez.html
652e4bb671ba5306	86160	docs/tarentaise_vanoise/web/pcht_free_topos.html
0a243a55feefa3a5	809630	docs/tarentaise_vanoise/web/pdg.html
e786402b96374b3c	801	docs/tarentaise_vanoise/web/pf_.html
e786402b96374b3c	801	docs/tarentaise_vanoise/web/pf_index.html.html
e21b65728b462f70	2209	docs/tarentaise_vanoise/web/pf_page_accueil.html.html
e21b65728b462f70	2209	docs/tarentaise_vanoise/web/pf_page_aero.html.html
e21b65728b462f70	2209	docs/tarentaise_vanoise/web/pf_page_meteo.html.html
8dcda277aa12d9b4	104074	docs/tarentaise_vanoise/web/rto223.html
d32571a3446c1d4a	551870	docs/tarentaise_vanoise/web/rto_index.html
cba6b8fe787c1c7c	522484	docs/tarentaise_vanoise/web/rto_s.html
707e07759412830d	520482	docs/tarentaise_vanoise/web/rto_s2.html
51fa27b1f2ad6dcb	267528	docs/tarentaise_vanoise/web/seetignes_flying.html
cd30b4eca5a9fc9c	485082	docs/tarentaise_vanoise/web/sp_pra.html
e41656eb2ba6c629	21	docs/tarentaise_vanoise/web/sportihome.html
ba5fb890c998f7df	116135	docs/tarentaise_vanoise/web/syride_pra.html
a6bd0dbb0f30f549	1915	docs/tarentaise_vanoise/wiki_coords.json
0bf475244b826e3b	149323	docs/tarentaise_vanoise/wiki_lombarde.html
67f708a9a5c29beb	82585	docs/vercors_grenoble_trieves/alpesisere_serpaton.html
b37524924d9f83ea	4089	docs/vercors_grenoble_trieves/alpesisere_serpaton.txt
832e8871df9ffe08	37063	docs/vercors_grenoble_trieves/ata_brises.pdf
bf9d9ebc3d8b7446	121090	docs/vercors_grenoble_trieves/cartographie_t35042.html
53721f2e42ab9bab	34623	docs/vercors_grenoble_trieves/cartographie_t35042.txt
aa9dcb7d7a7c599d	6253	docs/vercors_grenoble_trieves/cartographie_t35042_20.html
60ea48aaba6f58b0	3839794	docs/vercors_grenoble_trieves/chvd/all_text.json
a6366c572f22445f	476	docs/vercors_grenoble_trieves/chvd/grepp.py
15b8e065183285c5	2672	docs/vercors_grenoble_trieves/chvd/pages.json
3b5473835e62509c	764737	docs/vercors_grenoble_trieves/chvd/posts_1.json
d895f6bf69c20a21	855149	docs/vercors_grenoble_trieves/chvd/posts_10.json
a53557872882f7e7	765533	docs/vercors_grenoble_trieves/chvd/posts_11.json
5a32854323abc1b0	532736	docs/vercors_grenoble_trieves/chvd/posts_12.json
1c84993a45e1ddf1	615368	docs/vercors_grenoble_trieves/chvd/posts_13.json
defd7fb72691cb3b	150193	docs/vercors_grenoble_trieves/chvd/posts_14.json
ec4224d5386e4edb	814612	docs/vercors_grenoble_trieves/chvd/posts_2.json
d2fb0b29123dada7	936513	docs/vercors_grenoble_trieves/chvd/posts_3.json
b018cfe390deb052	922278	docs/vercors_grenoble_trieves/chvd/posts_4.json
61f28fb75c0173c6	683024	docs/vercors_grenoble_trieves/chvd/posts_5.json
16e520772d6acb57	813746	docs/vercors_grenoble_trieves/chvd/posts_6.json
295a2a859a6c9949	824467	docs/vercors_grenoble_trieves/chvd/posts_7.json
ec65d2012ae09e20	750305	docs/vercors_grenoble_trieves/chvd/posts_8.json
34608a098f274b37	1158697	docs/vercors_grenoble_trieves/chvd/posts_9.json
13fd9889d7f1a378	203	docs/vercors_grenoble_trieves/chvd/show.py
779d9282d6ab56d0	190333	docs/vercors_grenoble_trieves/dr-1.png
e955589df6617f7a	368356	docs/vercors_grenoble_trieves/dr-2.png
761c3b324d6ba2bf	10463	docs/vercors_grenoble_trieves/drome_vercors.txt
71a5c3a8bc34984b	1304451	docs/vercors_grenoble_trieves/drome_vercors_ciel_terre.pdf
988cfbbcf7807522	5701	docs/vercors_grenoble_trieves/ffvl/1232.html
d44c878b16cb238c	17	docs/vercors_grenoble_trieves/ffvl/1232.txt
0567f4b817bd693a	5701	docs/vercors_grenoble_trieves/ffvl/1234.html
d44c878b16cb238c	17	docs/vercors_grenoble_trieves/ffvl/1234.txt
5acdf66732da37f4	5701	docs/vercors_grenoble_trieves/ffvl/1235.html
d44c878b16cb238c	17	docs/vercors_grenoble_trieves/ffvl/1235.txt
20e86231d4bdfd35	5704	docs/vercors_grenoble_trieves/ffvl/14266.html
d44c878b16cb238c	17	docs/vercors_grenoble_trieves/ffvl/14266.txt
8defb89c02c83e4b	5704	docs/vercors_grenoble_trieves/ffvl/14267.html
d44c878b16cb238c	17	docs/vercors_grenoble_trieves/ffvl/14267.txt
015abd7f5cc57a2d	7	docs/vercors_grenoble_trieves/ffvl/test.json
7f979ef211173cef	674042	docs/vercors_grenoble_trieves/img/alp_s.jpg
87476a40790e517a	4956331	docs/vercors_grenoble_trieves/img/alpine-pumping.png
6c132edf42b930b6	726250	docs/vercors_grenoble_trieves/img/c1a.png
edd36519f0cb23c7	617166	docs/vercors_grenoble_trieves/img/c1b.png
80e2bdc6d861241a	683165	docs/vercors_grenoble_trieves/img/c2a.png
291ca4e8b0efcd76	758043	docs/vercors_grenoble_trieves/img/c2b.png
eadda1abefdef756	119458	docs/vercors_grenoble_trieves/img/largeault_2023.jpg
f4fa5353c5eac99a	144028	docs/vercors_grenoble_trieves/img/largeault_2026.jpg
b2417070d2bf6f9b	81	docs/vercors_grenoble_trieves/img/tlp_flux_massifs.jpg
b2417070d2bf6f9b	81	docs/vercors_grenoble_trieves/img/tlp_vercors_vl.jpg
4776740db7583b3c	255554	docs/vercors_grenoble_trieves/img/xath_brises_massifs.jpg
5bd445e74092f007	138774	docs/vercors_grenoble_trieves/img/y_p1.jpg
8d5f12a37ae0f337	121257	docs/vercors_grenoble_trieves/img/y_p2.jpg
e8b8f35b44ef97fa	247382	docs/vercors_grenoble_trieves/img/y_p3.jpg
0e7995c447934b15	129507	docs/vercors_grenoble_trieves/img/y_p4.jpg
1984437811046077	635801	docs/vercors_grenoble_trieves/infos_parapente.html
0ef81364f037a3bd	38913	docs/vercors_grenoble_trieves/infos_parapente.txt
ecb3ac83c02a1c04	36794	docs/vercors_grenoble_trieves/ip.txt
05280d3282d92ca8	82317	docs/vercors_grenoble_trieves/isair_sites.html
2c14ed6731130bd6	2859	docs/vercors_grenoble_trieves/isair_sites.txt
c0508cb8f72b6035	116892	docs/vercors_grenoble_trieves/lansenlair_aigle.html
a59eb9afa9432546	9897	docs/vercors_grenoble_trieves/lansenlair_aigle.txt
3f9e163208c011c5	597559	docs/vercors_grenoble_trieves/largeault.html
91740ee62e6f4714	215791	docs/vercors_grenoble_trieves/largeault.kml
19ab36db0b8f9e88	14791	docs/vercors_grenoble_trieves/largeault.txt
eff166939fdc02f2	87454	docs/vercors_grenoble_trieves/largeault_lines.json
b7a1e6c3661caa67	3594	docs/vercors_grenoble_trieves/largeault_rg.json
9503244870160301	111476	docs/vercors_grenoble_trieves/lel2_autrans-bellecombe.html
d2beffb3a4b72215	3669	docs/vercors_grenoble_trieves/lel2_autrans-bellecombe.txt
8a1bdfc2dc654b4d	126348	docs/vercors_grenoble_trieves/lel2_cornafion.html
eb2f5cf99fb56824	1678	docs/vercors_grenoble_trieves/lel2_cornafion.txt
842c823c9605cf04	124952	docs/vercors_grenoble_trieves/lel2_correncon-a-ski.html
bebb97aaebcf8c54	690	docs/vercors_grenoble_trieves/lel2_correncon-a-ski.txt
28fc87d7c7292d34	126307	docs/vercors_grenoble_trieves/lel2_cote-2000-a-ski.html
d8e7afc5a9610b95	1500	docs/vercors_grenoble_trieves/lel2_cote-2000-a-ski.txt
b48dee7a30b6e374	111150	docs/vercors_grenoble_trieves/lel2_cote-2000.html
189726d4e05e274c	3292	docs/vercors_grenoble_trieves/lel2_cote-2000.txt
158834948e2ba91f	125967	docs/vercors_grenoble_trieves/lel2_le-belvedere.html
ca3d25cc1a3298f2	2320	docs/vercors_grenoble_trieves/lel2_le-belvedere.txt
eb46804f7eff44d2	124561	docs/vercors_grenoble_trieves/lel2_les-sagnes.html
8b1eec5db2438053	974	docs/vercors_grenoble_trieves/lel2_les-sagnes.txt
f1abac998670b9a1	109267	docs/vercors_grenoble_trieves/lel2_meaudre.html
d70688e55f1f7194	2202	docs/vercors_grenoble_trieves/lel2_meaudre.txt
5963196bc32be2d5	127121	docs/vercors_grenoble_trieves/lel2_moucherotte-2.html
7010efbfc837b2b4	2671	docs/vercors_grenoble_trieves/lel2_moucherotte-2.txt
4dded1b6035912a4	126326	docs/vercors_grenoble_trieves/lel2_pic-saint-michel.html
d2611f3532053f5a	2220	docs/vercors_grenoble_trieves/lel2_pic-saint-michel.txt
26789f44b2addc72	110405	docs/vercors_grenoble_trieves/lel2_saint-martin.html
242bf9d4ba7e1ac3	3596	docs/vercors_grenoble_trieves/lel2_saint-martin.txt
549316eac4a652b8	125881	docs/vercors_grenoble_trieves/lel2_tetras-lans-a-ski.html
15bfe8213309bd9b	2169	docs/vercors_grenoble_trieves/lel2_tetras-lans-a-ski.txt
ae817f90dd0dc92c	124299	docs/vercors_grenoble_trieves/lel_activites-du-club_parapente.html
5601dad883733b48	3270	docs/vercors_grenoble_trieves/lel_activites-du-club_parapente.txt
876e449755305b90	114733	docs/vercors_grenoble_trieves/lel_lans-en-lair_questions-reponses.html
c97c33a49d718cb2	9542	docs/vercors_grenoble_trieves/lel_lans-en-lair_questions-reponses.txt
4dc047caad23694b	121687	docs/vercors_grenoble_trieves/lel_sites-de-vol.html
1ea5e449944721be	4621	docs/vercors_grenoble_trieves/lel_sites-de-vol.txt
19ef3d6f88c8b9cb	114198	docs/vercors_grenoble_trieves/lel_sites-de-vol_idees-de-cross.html
77650efba4e3b105	9590	docs/vercors_grenoble_trieves/lel_sites-de-vol_idees-de-cross.txt
deb1d856328d7be3	105643	docs/vercors_grenoble_trieves/lel_sites-de-vol_meteo-du-vercors.html
3b788a3691c93017	2426	docs/vercors_grenoble_trieves/lel_sites-de-vol_meteo-du-vercors.txt
22d275502a9f3813	288138	docs/vercors_grenoble_trieves/matheysine_trieves.html
d35ec96897146203	12039	docs/vercors_grenoble_trieves/matheysine_trieves.txt
521cef4fedc8c713	3361	docs/vercors_grenoble_trieves/nominatim.json
d8d7199a3d4de10f	74821	docs/vercors_grenoble_trieves/nord_grenoble_t5840.html
8405916f566fa970	19987	docs/vercors_grenoble_trieves/nord_grenoble_t5840.txt
ab6b9d05a0a763dc	48652	docs/vercors_grenoble_trieves/orig_first_pass.json
d03b208556de2921	16896	docs/vercors_grenoble_trieves/parapente_isere.html
c5fdf2fcbc8af0ee	942	docs/vercors_grenoble_trieves/parapente_isere.txt
a2d2666bbaffbdda	69547	docs/vercors_grenoble_trieves/tich/blog_gypaetes_zsm-gypaete-2025.html.html
4d94f884dfccc788	3391	docs/vercors_grenoble_trieves/tich/blog_gypaetes_zsm-gypaete-2025.html.txt
2fa6474ab306794d	60861	docs/vercors_grenoble_trieves/tich/blog_important-atterrissage-st-jean-en-royans-2026.html.html
ecc907f9d4019496	3726	docs/vercors_grenoble_trieves/tich/blog_important-atterrissage-st-jean-en-royans-2026.html.txt
9c5c54cd6fb2f1a7	85717	docs/vercors_grenoble_trieves/tich/home.html
37c7df6880063424	143891	docs/vercors_grenoble_trieves/tich/leg1.png
b88a202751008ae5	199609	docs/vercors_grenoble_trieves/tich/leg2.png
b4621548a75d1d2e	129077	docs/vercors_grenoble_trieves/tich/leg3.png
14adbf4333003636	86420	docs/vercors_grenoble_trieves/tich/leg4.png
95b289ffaa3c6cd4	557913	docs/vercors_grenoble_trieves/tich/legall.png
3ef73123b55bcb14	52275	docs/vercors_grenoble_trieves/tich/pages_les-activites_voler-au-quotidien_.html
61ab1cdd92da90db	1860	docs/vercors_grenoble_trieves/tich/pages_les-activites_voler-au-quotidien_.txt
f3e0caad212149ba	54570	docs/vercors_grenoble_trieves/tich/pages_voler-dans-la-drome_.html
a5076a855536ceb9	1940	docs/vercors_grenoble_trieves/tich/pages_voler-dans-la-drome_.txt
483479e710452a01	54979	docs/vercors_grenoble_trieves/tich/pages_voler-dans-la-drome_sites-de-vol-et-pentes-ecoles_.html
45dad1968ab3199e	1927	docs/vercors_grenoble_trieves/tich/pages_voler-dans-la-drome_sites-de-vol-et-pentes-ecoles_.txt
61399aa0097b7642	53547	docs/vercors_grenoble_trieves/tich/pages_voler-dans-la-drome_sites-de-vol-et-pentes-ecoles_leoncel.html.html
5b2e491935a69ec0	1852	docs/vercors_grenoble_trieves/tich/pages_voler-dans-la-drome_sites-de-vol-et-pentes-ecoles_leoncel.html.txt
7f31746ff50e3871	53445	docs/vercors_grenoble_trieves/tich/pages_voler-dans-la-drome_sites-de-vol-et-pentes-ecoles_roynac-1728395688.html.html
0128829d938e6aaa	98	docs/vercors_grenoble_trieves/tich/pages_voler-dans-la-drome_sites-de-vol-et-pentes-ecoles_roynac-1728395688.html.txt
781283fd45b3f239	53333	docs/vercors_grenoble_trieves/tich/pages_voler-dans-la-drome_sites-de-vol-et-pentes-ecoles_roynac.html.html
897ac2b47d17a80c	1848	docs/vercors_grenoble_trieves/tich/pages_voler-dans-la-drome_sites-de-vol-et-pentes-ecoles_roynac.html.txt
13d2df2e91dcb37e	65940	docs/vercors_grenoble_trieves/tich/pages_voler-dans-la-drome_sites-de-vol-et-pentes-ecoles_saint-jean-en-royans.html.html
a438b0254e710fd9	2946	docs/vercors_grenoble_trieves/tich/pages_voler-dans-la-drome_sites-de-vol-et-pentes-ecoles_saint-jean-en-royans.html.txt
fe62d984b806deb1	53658	docs/vercors_grenoble_trieves/tich/pages_voler-dans-la-drome_sites-de-vol-et-pentes-ecoles_sites-de-aurel.html.html
3b77594fd0edf30c	2171	docs/vercors_grenoble_trieves/tich/pages_voler-dans-la-drome_sites-de-vol-et-pentes-ecoles_sites-de-aurel.html.txt
699422171c151dae	61901	docs/vercors_grenoble_trieves/tich/pages_voler-dans-la-drome_vols-rando_.html
2f2fe8323951952c	5496	docs/vercors_grenoble_trieves/tich/pages_voler-dans-la-drome_vols-rando_.txt
3fdd70481e0b2601	53797	docs/vercors_grenoble_trieves/tich/pages_voler-dans-la-drome_vols-rando_brises-des-alpes.html.html
d6467769389ba535	90	docs/vercors_grenoble_trieves/tich/pages_voler-dans-la-drome_vols-rando_brises-des-alpes.html.txt
f896c1a370fe56bd	53579	docs/vercors_grenoble_trieves/tich/pages_voler-dans-la-drome_vols-rando_le-pic-saint-michel.html.html
31a2c07d848bcfb0	2156	docs/vercors_grenoble_trieves/tich/pages_voler-dans-la-drome_vols-rando_le-pic-saint-michel.html.txt
dbbbd4254d27d249	54812	docs/vercors_grenoble_trieves/tich/pages_voler-dans-la-drome_vols-rando_le-versant-est-du-vercors-depuis-le-col-de-l-arc.html.html
9f3d82d1917d8d98	3264	docs/vercors_grenoble_trieves/tich/pages_voler-dans-la-drome_vols-rando_le-versant-est-du-vercors-depuis-le-col-de-l-arc.html.txt
97e720a44d2e691f	53369	docs/vercors_grenoble_trieves/tich/pages_voler-dans-la-drome_zones-aeriennes.html.html
8ccc34ee6368c66a	2254	docs/vercors_grenoble_trieves/tich/pages_voler-dans-la-drome_zones-aeriennes.html.txt
2505e8c36402f03f	605619	docs/vercors_grenoble_trieves/tich/vlA.jpg
812de7061f1af63c	589605	docs/vercors_grenoble_trieves/tich/vlB.jpg
7ecd684eef85e396	215054	docs/vercors_grenoble_trieves/tich/vlLeg.jpg
7060584c3e59f0b2	2	docs/vercors_grenoble_trieves/tich/vl_vercors.txt
fc485ed56735fd0c	1270042	docs/vercors_grenoble_trieves/tich/vlimg-000.jpg
92b8a80eb5be1e74	1356962	docs/vercors_grenoble_trieves/tich/vlimg-001.jpg
815f2d4eed6ca2dd	3821800	docs/vercors_grenoble_trieves/tich/vlv-1.png
0adafefa499e09ac	3092085	docs/vercors_grenoble_trieves/tich/vlv-2.png
7d576b2467bae539	905649	docs/vercors_grenoble_trieves/tich/vlv_p1_s.jpg
5d6b04a269ad8d6d	841304	docs/vercors_grenoble_trieves/tich/vlv_p2_s.jpg
f38355f51a85cc63	3862613	docs/vercors_grenoble_trieves/tich/vol-libre-chartreuse.pdf
558ecaa5a8df7deb	2635101	docs/vercors_grenoble_trieves/tich/vol-libre-vercors.pdf
34c86b6699633f30	16272	docs/vercors_grenoble_trieves/ticho204.html
e3b0c44298fc1c14	0	docs/vercors_grenoble_trieves/tichodromes_204.txt
eb04b49af200b42f	131244	docs/vercors_grenoble_trieves/tlp_brises.html
41a87b841838ba2a	12463	docs/vercors_grenoble_trieves/tlp_brises.txt
f7d975fac8da5744	100617	docs/vercors_grenoble_trieves/trieves_envol.html
b0a26a2345da5547	8037	docs/vercors_grenoble_trieves/trieves_envol.txt
7eabaf4ae8b6a50e	32379	docs/vercors_grenoble_trieves/vercors_devoluy_t54102.html
eda89bd1987fe1bc	6471	docs/vercors_grenoble_trieves/vercors_devoluy_t54102.txt
abcc722702e77655	100534	docs/vercors_grenoble_trieves/vercors_exp.html
ac8a583ac7561d54	9452	docs/vercors_grenoble_trieves/vercors_exp.txt
7213eb6db4d565b4	60288	docs/vercors_grenoble_trieves/web2/aerosat.html
8007b977533004bb	551	docs/vercors_grenoble_trieves/web2/aerosat.txt
ac0206c5e3ed5527	133791	docs/vercors_grenoble_trieves/web2/aerosat2.html
e3a4856ca65df990	453	docs/vercors_grenoble_trieves/web2/aerosat2.txt
3b5613ba8645b89c	56804	docs/vercors_grenoble_trieves/web2/alveole.html
40f986f047d8de52	3893	docs/vercors_grenoble_trieves/web2/alveole.txt
b8997a7018a79854	22416	docs/vercors_grenoble_trieves/web2/barb_courtet.html
e3b0c44298fc1c14	0	docs/vercors_grenoble_trieves/web2/envol_sud_isere.txt
d3b8ebdef0e647cd	80899	docs/vercors_grenoble_trieves/web2/esi.html
2846b8244735de27	1864	docs/vercors_grenoble_trieves/web2/esi.txt
f58740654e857091	60444	docs/vercors_grenoble_trieves/web2/esi_liens.html
e3b0c44298fc1c14	0	docs/vercors_grenoble_trieves/web2/esi_liens.txt
299e48467ab72446	60897	docs/vercors_grenoble_trieves/web2/esi_site-de-connex.html
38b7835b2650a648	314	docs/vercors_grenoble_trieves/web2/esi_site-de-connex.txt
74b779cd7c44bed4	72088	docs/vercors_grenoble_trieves/web2/esi_site-de-courtet.html
b9ea227322c9e1fd	355	docs/vercors_grenoble_trieves/web2/esi_site-de-courtet.txt
afa408970c759fe0	68784	docs/vercors_grenoble_trieves/web2/esi_site-de-la-tete-de-vache.html
d769be51a62a7f14	488	docs/vercors_grenoble_trieves/web2/esi_site-de-la-tete-de-vache.txt
ee63921ba08bb369	71378	docs/vercors_grenoble_trieves/web2/esi_site-de-laffrey-2.html
5098afcf99427cbc	1529	docs/vercors_grenoble_trieves/web2/esi_site-de-laffrey-2.txt
e5dc6464d979ccf8	70860	docs/vercors_grenoble_trieves/web2/esi_site-du-colombier.html
1a5706baa2e6cd9d	1877	docs/vercors_grenoble_trieves/web2/esi_site-du-colombier.txt
8af910d60b37047c	69369	docs/vercors_grenoble_trieves/web2/esi_site-du-jas-doris.html
798a2598041d658d	241	docs/vercors_grenoble_trieves/web2/esi_site-du-jas-doris.txt
f9d48186755b690d	291641	docs/vercors_grenoble_trieves/web2/mp_sites.html
b57b05ff5a4b2743	8238	docs/vercors_grenoble_trieves/web2/mp_sites.txt
2d0b9ba953332ce7	60303	docs/vercors_grenoble_trieves/web2/obiou_sites.html
bca98a4eea6618fa	74598	docs/vercors_grenoble_trieves/web2/trieves_courtet.html
4965103976eadd28	3342	docs/vercors_grenoble_trieves/web2/trieves_courtet.txt
a5fbcb7db0b1d047	1086047	docs/vercors_grenoble_trieves/web2/vercors_parapente.html
013cd6d93c0884b0	3627	docs/vercors_grenoble_trieves/web2/vercors_parapente.txt
75427703284bc08a	47213	docs/vercors_grenoble_trieves/web2/vercorsenvol.html
152c2567d7d865ad	2552	docs/vercors_grenoble_trieves/web2/vercorsenvol.txt
9e683b49efebb147	127159	docs/vercors_grenoble_trieves/web2/vld_col-de-rousset.html
af9ccfbe9d8a6588	7717	docs/vercors_grenoble_trieves/web2/vld_col-de-rousset.txt
4d5a2825e8d4c743	112735	docs/vercors_grenoble_trieves/web2/vld_cross-classiques-du-diois.html
86581e9b0b5289f2	4958	docs/vercors_grenoble_trieves/web2/vld_cross-classiques-du-diois.txt
96a6c6362a15523c	114693	docs/vercors_grenoble_trieves/web2/vld_faune-aerienne-locale.html
738326481beb7073	5186	docs/vercors_grenoble_trieves/web2/vld_faune-aerienne-locale.txt
4664fa9fdba2d83d	119001	docs/vercors_grenoble_trieves/web2/vld_jocou.html
9fd98d7b134d90b8	4615	docs/vercors_grenoble_trieves/web2/vld_jocou.txt
3fa78c294e8268a3	113974	docs/vercors_grenoble_trieves/web2/vld_recits-de-vol_col-du-rousset-a-gap.html
d70c0d78187135b9	6725	docs/vercors_grenoble_trieves/web2/vld_recits-de-vol_col-du-rousset-a-gap.txt
e36651fb7a7cde53	121092	docs/vercors_grenoble_trieves/web2/vld_recits-de-vol_courtet-solaure-clamontard-1eres-fois.html
e6c367641008aecb	11549	docs/vercors_grenoble_trieves/web2/vld_recits-de-vol_courtet-solaure-clamontard-1eres-fois.txt
2c84ac7e0ee3dbc2	125135	docs/vercors_grenoble_trieves/web2/vld_reglementation-aerienne.html
78fe9df4829ab1b4	5890	docs/vercors_grenoble_trieves/web2/vld_reglementation-aerienne.txt
b4d08f7ab552227f	137058	docs/vercors_grenoble_trieves/web2/volibre_diois.html
17f938b807acf595	10364	docs/vercors_grenoble_trieves/web2/volibre_diois.txt
2c84ac7e0ee3dbc2	125135	docs/vercors_grenoble_trieves/web2/volibre_diois_reg.html
1665543dffcb9576	8159	docs/vercors_grenoble_trieves/web2/volibre_diois_reg.txt
f7e6242a7564d97d	594775	docs/vercors_grenoble_trieves/web2/vvl.html
06660b48d1c34cf3	360	docs/vercors_grenoble_trieves/web2/vvl.txt
3a951d9dd4eb5961	314562	docs/vercors_grenoble_trieves/web2/zephyr.html
6fd9090e564f0165	4028	docs/vercors_grenoble_trieves/web2/zephyr.txt
a2e9f2c9307bc716	24671	docs/vercors_grenoble_trieves/web3/barb_serpaton.html
fa08c70dafc10dde	4865	docs/vercors_grenoble_trieves/web3/barb_serpaton.txt
22579ec7bd3bbb8b	1190	docs/vercors_grenoble_trieves/web3/cad_10751.html
463356f9afd8685c	85	docs/vercors_grenoble_trieves/web3/cad_10751.txt
9386e36afdfc4bcb	324980	docs/vercors_grenoble_trieves/web3/chvd_m6.html
3975a1a18b3a16e3	7480	docs/vercors_grenoble_trieves/web3/chvd_m6.txt
d020e029ff87ede9	304769	docs/vercors_grenoble_trieves/web3/chvd_m9.html
9412fa19f57e8d51	4562	docs/vercors_grenoble_trieves/web3/chvd_m9.txt
4be85341585e5b04	42460	docs/vercors_grenoble_trieves/web3/eosya_laffrey.html
d8ac041736fd54cd	70	docs/vercors_grenoble_trieves/web3/eosya_laffrey.txt
f9d48186755b690d	291641	docs/vercors_grenoble_trieves/web3/mp_sites2.html
89987521fbf47b86	8477	docs/vercors_grenoble_trieves/web3/mp_sites2.txt
6fb07fe484f42f30	20541	docs/vercors_grenoble_trieves/web3/pi_serpaton.html
6dfa41587a2f3c33	5535	docs/vercors_grenoble_trieves/web3/pi_serpaton.txt
0293f63e64be3d42	69946	docs/vercors_grenoble_trieves/web3/pi_t1032.html
da2c25fcfc90f9e5	11334	docs/vercors_grenoble_trieves/web3/pi_t1032.txt
ac8af6295634fad8	88025	docs/vercors_grenoble_trieves/web3/pi_t3084.html
f7acd36c5b0e2d27	13457	docs/vercors_grenoble_trieves/web3/pi_t3084.txt
f3f9cacb17461d64	115110	docs/vercors_grenoble_trieves/web3/syride_serpaton.html
86c1485beb2db49d	2762	docs/vercors_grenoble_trieves/web3/syride_serpaton.txt
8e008867cbce3cc9	58792	docs/vercors_grenoble_trieves/y_grenoblois_t49137.html
2f7a389e613fded2	261	fetch.sh
4834945f7bf91f82	7	ffvl_raw.json
52e5e9b509dff674	554307	ffvl_sites_alpes.json
89cf2a5e75279530	167798	ffvl_sites_alps.tsv
98c645a89ab3d47a	636	ftext.py
1c9643a6764a2701	620	mojeek.sh
33feb02332b807f4	386952	paraglidingearth_alps.geojson
140e5240e4786a77	32020	paraglidingearth_alps.tsv
ad9de35dc499b0d4	287	totext.py
